CALLOUT_ID,AS_PRINTED,WHERE_DRAWN,BAR_DIRECTION,ROLE,WALLS_DRAWN,FACE,SPACING_OR_COUNT,EXTENT,ANCHORAGE_BENDS_LAPS,OWNER,STATE,SOURCE,SECTION
P14-G01,20,dimension across each cut wall,-,WALL_THICKNESS,"S, N",-,200 mm,-,-,S8.8,ESTABLISHED (agrees with the S-BW outlines and the architectural 200 dimensions),"ST7757.pdf p.14 'DETAIL OF LIFT WITH ISOLATED FOOTING (WITHOUT BASEMENT)' (typical section, visual)","the section cuts two opposite walls: the right-hand wall carries the 'Lift door' above F.F.L, so it is the door wall (S in plan, the only wall with a landing door); the left-hand wall is the wall opposite it (N). The W and E walls are not cut and no other view shows their bars"
P14-G02,AS ARCH.,clear width between the cut walls,-,PIT_INSIDE_WIDTH,-,-,1800 mm (architectural plans),-,-,S8.8,ESTABLISHED,"ST7757.pdf p.14 'DETAIL OF LIFT WITH ISOLATED FOOTING (WITHOUT BASEMENT)' (typical section, visual)","the section cuts two opposite walls: the right-hand wall carries the 'Lift door' above F.F.L, so it is the door wall (S in plan, the only wall with a landing door); the left-hand wall is the wall opposite it (N). The W and E walls are not cut and no other view shows their bars"
P14-G03,AS PER SCHEDULE,footing projection beyond each wall; footing depth,-,FOOTING_EXTENT,-,-,FF row: 460 x 450 x 55 cm,-,-,S1 / S4 (footing family),ESTABLISHED,"ST7757.pdf p.14 'DETAIL OF LIFT WITH ISOLATED FOOTING (WITHOUT BASEMENT)' (typical section, visual)","the section cuts two opposite walls: the right-hand wall carries the 'Lift door' above F.F.L, so it is the door wall (S in plan, the only wall with a landing door); the left-hand wall is the wall opposite it (N). The W and E walls are not cut and no other view shows their bars"
P14-G04,As Per Lift Manufactures recommendations,vertical dimension from the footing top inside the pit to the top of the cut walls,-,PIT_DEPTH,-,-,not printed,-,-,S8.8,BLOCKED (the lift manufacturer's),"ST7757.pdf p.14 'DETAIL OF LIFT WITH ISOLATED FOOTING (WITHOUT BASEMENT)' (typical section, visual)","the section cuts two opposite walls: the right-hand wall carries the 'Lift door' above F.F.L, so it is the door wall (S in plan, the only wall with a landing door); the left-hand wall is the wall opposite it (N). The W and E walls are not cut and no other view shows their bars"
P14-G05,AS PER PLAN,"the wall above the slab on grade (no hatch, no bars)",-,SHAFT_ENCLOSURE_ABOVE_PIT,N (drawn above the slab),-,-,-,-,"architectural plans (blockwork 200, S8.6 wall owner)",NOT_STRUCTURAL_RC in the source,"ST7757.pdf p.14 'DETAIL OF LIFT WITH ISOLATED FOOTING (WITHOUT BASEMENT)' (typical section, visual)","the section cuts two opposite walls: the right-hand wall carries the 'Lift door' above F.F.L, so it is the door wall (S in plan, the only wall with a landing door); the left-hand wall is the wall opposite it (N). The W and E walls are not cut and no other view shows their bars"
P14-G06,Lift door,opening above F.F.L in the right-hand wall,-,LANDING_DOOR,S,-,-,-,-,S8.6 (OP-GF-023),OPENING_IN_BLOCKWORK,"ST7757.pdf p.14 'DETAIL OF LIFT WITH ISOLATED FOOTING (WITHOUT BASEMENT)' (typical section, visual)","the section cuts two opposite walls: the right-hand wall carries the 'Lift door' above F.F.L, so it is the door wall (S in plan, the only wall with a landing door); the left-hand wall is the wall opposite it (N). The W and E walls are not cut and no other view shows their bars"
P14-G07,F.F.L / Slab on grade.,the cut walls stop at the top of the slab on grade,-,PIT_WALL_TOP,"S, N",-,GF FFL +1.00 less the floor finish (not printed),-,-,S8.1 / S8.1A (ground slab),BLOCKED (finish thickness not printed),"ST7757.pdf p.14 'DETAIL OF LIFT WITH ISOLATED FOOTING (WITHOUT BASEMENT)' (typical section, visual)","the section cuts two opposite walls: the right-hand wall carries the 'Lift door' above F.F.L, so it is the door wall (S in plan, the only wall with a landing door); the left-hand wall is the wall opposite it (N). The W and E walls are not cut and no other view shows their bars"
P14-R01,6Ø12/m,dots on both faces of both cut walls; the right-hand leader passes through both faces,HORIZONTAL (along the wall),WALL_HORIZONTAL,"S, N",BOTH (drawn),6 per metre of wall height,around the wall face; at the corner columns not shown,"laps, corner bars and the column joint not shown",S8.8,"BLOCKED (distribution = wall height, not established; applicability to W / E not shown)","ST7757.pdf p.14 'DETAIL OF LIFT WITH ISOLATED FOOTING (WITHOUT BASEMENT)' (typical section, visual)","the section cuts two opposite walls: the right-hand wall carries the 'Lift door' above F.F.L, so it is the door wall (S in plan, the only wall with a landing door); the left-hand wall is the wall opposite it (N). The W and E walls are not cut and no other view shows their bars"
P14-R02,6Ø16/m,"lines on both faces of both cut walls, closed as a U over the wall top and running down through the footing to its bottom layer; the leader crosses both faces",VERTICAL,WALL_VERTICAL,"S, N",BOTH (drawn),6 per metre of wall face,"footing bottom layer to the wall top, U over the top",no bend drawn at the foot; U closed over the top; laps not shown,S8.8,BLOCKED (bar length needs the wall height and the footing top; applicability to W / E not shown),"ST7757.pdf p.14 'DETAIL OF LIFT WITH ISOLATED FOOTING (WITHOUT BASEMENT)' (typical section, visual)","the section cuts two opposite walls: the right-hand wall carries the 'Lift door' above F.F.L, so it is the door wall (S in plan, the only wall with a landing door); the left-hand wall is the wall opposite it (N). The W and E walls are not cut and no other view shows their bars"
P14-R03,2 Ø16,"two dots in the footing top layer, inside the wall width (upper leader, left wall); repeated without a label under the right wall","LONGITUDINAL (along the wall, in the footing)",WALL_BASE_TOP,"S, N",inside the wall cage,2 per cut wall,along the wall: not shown,ends at the corners / columns not shown,S8.8 (S4.1-T01 transfer from the FF footing),BLOCKED (length and the W / E walls not established),"ST7757.pdf p.14 'DETAIL OF LIFT WITH ISOLATED FOOTING (WITHOUT BASEMENT)' (typical section, visual)","the section cuts two opposite walls: the right-hand wall carries the 'Lift door' above F.F.L, so it is the door wall (S in plan, the only wall with a landing door); the left-hand wall is the wall opposite it (N). The W and E walls are not cut and no other view shows their bars"
P14-R04,2 Ø16,"two dots in the footing bottom layer, inside the wall width (lower leader, left wall); repeated without a label under the right wall","LONGITUDINAL (along the wall, in the footing)",WALL_BASE_BOTTOM,"S, N",inside the wall cage,2 per cut wall,along the wall: not shown,ends at the corners / columns not shown,S8.8 (S4.1-T01 transfer from the FF footing),BLOCKED (length and the W / E walls not established),"ST7757.pdf p.14 'DETAIL OF LIFT WITH ISOLATED FOOTING (WITHOUT BASEMENT)' (typical section, visual)","the section cuts two opposite walls: the right-hand wall carries the 'Lift door' above F.F.L, so it is the door wall (S in plan, the only wall with a landing door); the left-hand wall is the wall opposite it (N). The W and E walls are not cut and no other view shows their bars"
P14-R05,2Ø12,two dots inside the U at the top of the right-hand (door) wall; repeated without a label at the top of the left wall,LONGITUDINAL (along the wall top),WALL_TOP,"S, N",inside the U,2 per cut wall,along the wall top: not shown,ends not shown,S8.8,BLOCKED (length and the W / E walls not established),"ST7757.pdf p.14 'DETAIL OF LIFT WITH ISOLATED FOOTING (WITHOUT BASEMENT)' (typical section, visual)","the section cuts two opposite walls: the right-hand wall carries the 'Lift door' above F.F.L, so it is the door wall (S in plan, the only wall with a landing door); the left-hand wall is the wall opposite it (N). The W and E walls are not cut and no other view shows their bars"
P14-R06,AS PER SCH.,three leaders to the footing top and bottom dots,BOTH WAYS,FOOTING_MATS,-,top and bottom,"FF row: 6Ø14/m top, 9Ø14/m bottom, both ways",footing,-,S4 / S4.1 (FOCC-1B2B),ALREADY_OWNED_AND_MEASURED (S4 lower bound),"ST7757.pdf p.14 'DETAIL OF LIFT WITH ISOLATED FOOTING (WITHOUT BASEMENT)' (typical section, visual)","the section cuts two opposite walls: the right-hand wall carries the 'Lift door' above F.F.L, so it is the door wall (S in plan, the only wall with a landing door); the left-hand wall is the wall opposite it (N). The W and E walls are not cut and no other view shows their bars"
P14-R07,"(perimeter loop, no label)",a closed loop round the footing section,-,FOOTING_LOOP,-,-,-,-,S4.1: the loop cannot pair the 6/m top with the 9/m bottom bars (QA only),S4.1 (FOCC-1B2B end treatments),BLOCKED in S4.1 (not re-counted here),"ST7757.pdf p.14 'DETAIL OF LIFT WITH ISOLATED FOOTING (WITHOUT BASEMENT)' (typical section, visual)","the section cuts two opposite walls: the right-hand wall carries the 'Lift door' above F.F.L, so it is the door wall (S in plan, the only wall with a landing door); the left-hand wall is the wall opposite it (N). The W and E walls are not cut and no other view shows their bars"
P14-N01,Water proofing membrane / Protection Board / Well graded clean compacted fill / 5cm Screed / 10cm Plain con.,outside the walls and under the footing,-,NON_STRUCTURAL_LAYERS,-,-,-,-,-,waterproofing / earthworks / footing blinding (not S8.8),NOT_S8_8,"ST7757.pdf p.14 'DETAIL OF LIFT WITH ISOLATED FOOTING (WITHOUT BASEMENT)' (typical section, visual)","the section cuts two opposite walls: the right-hand wall carries the 'Lift door' above F.F.L, so it is the door wall (S in plan, the only wall with a landing door); the left-hand wall is the wall opposite it (N). The W and E walls are not cut and no other view shows their bars"
P14-X01,5Ø12/m,below the title line of the lift detail,-,OTHER_DETAIL,-,-,-,-,-,the parapet detail below on the same sheet,NOT_LIFT,"ST7757.pdf p.14 'DETAIL OF LIFT WITH ISOLATED FOOTING (WITHOUT BASEMENT)' (typical section, visual)","the section cuts two opposite walls: the right-hand wall carries the 'Lift door' above F.F.L, so it is the door wall (S in plan, the only wall with a landing door); the left-hand wall is the wall opposite it (N). The W and E walls are not cut and no other view shows their bars"
