ELEMENT_ID,CALLOUT,ROLE,BAR_DIAMETER_MM,FACE,APPLICABILITY,DISTRIBUTION_LENGTH_MM,DISTRIBUTION_STATE,COUNT_ALONG_FACE,BAR_LENGTH_STATE,KG,KG_PER_M_BAR_LENGTH_CONDITIONAL,KG_PER_M_WALL_HEIGHT_CONDITIONAL,QUANTITY_STATE,FORMULA
LIFT-01-PIT-WALL-S,P14-R02 6Ø16/m,WALL_VERTICAL,16,INNER,"DRAWN (cut wall, door)",1800,ESTABLISHED (face between the columns),11,BLOCKED (footing bottom layer to the wall top: needs the founding level and the pit depth),0,17.382716049,,BLOCKED_UNQUANTIFIED,count = ceil(6 x 1.8) = 11; kg = count x bar length x 1.580246914
LIFT-01-PIT-WALL-S,P14-R01 6Ø12/m,WALL_HORIZONTAL,12,INNER,"DRAWN (cut wall, door)",,BLOCKED (wall height),,"straight run 1800 mm between the columns; the joint at the corner columns (through, stop, wrap, lap) is not shown",0,,9.6,BLOCKED_UNQUANTIFIED,kg = ceil(6 x height) x 1.8 x 0.888888889 (+ joints)
LIFT-01-PIT-WALL-S,P14-R02 6Ø16/m,WALL_VERTICAL,16,OUTER,"DRAWN (cut wall, door)",1800,ESTABLISHED (face between the columns),11,BLOCKED (footing bottom layer to the wall top: needs the founding level and the pit depth),0,17.382716049,,BLOCKED_UNQUANTIFIED,count = ceil(6 x 1.8) = 11; kg = count x bar length x 1.580246914
LIFT-01-PIT-WALL-S,P14-R01 6Ø12/m,WALL_HORIZONTAL,12,OUTER,"DRAWN (cut wall, door)",,BLOCKED (wall height),,"straight run 1800 mm between the columns; the joint at the corner columns (through, stop, wrap, lap) is not shown",0,,9.6,BLOCKED_UNQUANTIFIED,kg = ceil(6 x height) x 1.8 x 0.888888889 (+ joints)
LIFT-01-PIT-WALL-S,P14-R03 2 Ø16,WALL_BASE_TOP,16,IN THE WALL CAGE,"DRAWN (cut wall, door)",,-,2,along the wall: not shown (net piece 1800 mm; outside face of the wall line 2200 mm; ends at the columns not shown),0,3.160493827,,BLOCKED_UNQUANTIFIED,kg = 2 x length x 1.580246914
LIFT-01-PIT-WALL-S,P14-R04 2 Ø16,WALL_BASE_BOTTOM,16,IN THE WALL CAGE,"DRAWN (cut wall, door)",,-,2,along the wall: not shown (net piece 1800 mm; outside face of the wall line 2200 mm; ends at the columns not shown),0,3.160493827,,BLOCKED_UNQUANTIFIED,kg = 2 x length x 1.580246914
LIFT-01-PIT-WALL-S,P14-R05 2Ø12,WALL_TOP,12,IN THE WALL CAGE,"DRAWN (cut wall, door)",,-,2,along the wall: not shown (net piece 1800 mm; outside face of the wall line 2200 mm; ends at the columns not shown),0,1.777777778,,BLOCKED_UNQUANTIFIED,kg = 2 x length x 0.888888889
LIFT-01-PIT-WALL-N,P14-R02 6Ø16/m,WALL_VERTICAL,16,INNER,"DRAWN (cut wall, opposite the door)",1800,ESTABLISHED (face between the columns),11,BLOCKED (footing bottom layer to the wall top: needs the founding level and the pit depth),0,17.382716049,,BLOCKED_UNQUANTIFIED,count = ceil(6 x 1.8) = 11; kg = count x bar length x 1.580246914
LIFT-01-PIT-WALL-N,P14-R01 6Ø12/m,WALL_HORIZONTAL,12,INNER,"DRAWN (cut wall, opposite the door)",,BLOCKED (wall height),,"straight run 1800 mm between the columns; the joint at the corner columns (through, stop, wrap, lap) is not shown",0,,9.6,BLOCKED_UNQUANTIFIED,kg = ceil(6 x height) x 1.8 x 0.888888889 (+ joints)
LIFT-01-PIT-WALL-N,P14-R02 6Ø16/m,WALL_VERTICAL,16,OUTER,"DRAWN (cut wall, opposite the door)",1800,ESTABLISHED (face between the columns),11,BLOCKED (footing bottom layer to the wall top: needs the founding level and the pit depth),0,17.382716049,,BLOCKED_UNQUANTIFIED,count = ceil(6 x 1.8) = 11; kg = count x bar length x 1.580246914
LIFT-01-PIT-WALL-N,P14-R01 6Ø12/m,WALL_HORIZONTAL,12,OUTER,"DRAWN (cut wall, opposite the door)",,BLOCKED (wall height),,"straight run 1800 mm between the columns; the joint at the corner columns (through, stop, wrap, lap) is not shown",0,,9.6,BLOCKED_UNQUANTIFIED,kg = ceil(6 x height) x 1.8 x 0.888888889 (+ joints)
LIFT-01-PIT-WALL-N,P14-R03 2 Ø16,WALL_BASE_TOP,16,IN THE WALL CAGE,"DRAWN (cut wall, opposite the door)",,-,2,along the wall: not shown (net piece 1800 mm; outside face of the wall line 2200 mm; ends at the columns not shown),0,3.160493827,,BLOCKED_UNQUANTIFIED,kg = 2 x length x 1.580246914
LIFT-01-PIT-WALL-N,P14-R04 2 Ø16,WALL_BASE_BOTTOM,16,IN THE WALL CAGE,"DRAWN (cut wall, opposite the door)",,-,2,along the wall: not shown (net piece 1800 mm; outside face of the wall line 2200 mm; ends at the columns not shown),0,3.160493827,,BLOCKED_UNQUANTIFIED,kg = 2 x length x 1.580246914
LIFT-01-PIT-WALL-N,P14-R05 2Ø12,WALL_TOP,12,IN THE WALL CAGE,"DRAWN (cut wall, opposite the door)",,-,2,along the wall: not shown (net piece 1800 mm; outside face of the wall line 2200 mm; ends at the columns not shown),0,1.777777778,,BLOCKED_UNQUANTIFIED,kg = 2 x length x 0.888888889
LIFT-01-PIT-WALL-W,P14-R02 6Ø16/m,WALL_VERTICAL,16,INNER,NOT_SHOWN,1200,ESTABLISHED (face between the columns),8,BLOCKED (footing bottom layer to the wall top: needs the founding level and the pit depth),0,12.641975309,,BLOCKED_UNQUANTIFIED,count = ceil(6 x 1.2) = 8; kg = count x bar length x 1.580246914
LIFT-01-PIT-WALL-W,P14-R01 6Ø12/m,WALL_HORIZONTAL,12,INNER,NOT_SHOWN,,BLOCKED (wall height),,"straight run 1200 mm between the columns; the joint at the corner columns (through, stop, wrap, lap) is not shown",0,,6.4,BLOCKED_UNQUANTIFIED,kg = ceil(6 x height) x 1.2 x 0.888888889 (+ joints)
LIFT-01-PIT-WALL-W,P14-R02 6Ø16/m,WALL_VERTICAL,16,OUTER,NOT_SHOWN,1200,ESTABLISHED (face between the columns),8,BLOCKED (footing bottom layer to the wall top: needs the founding level and the pit depth),0,12.641975309,,BLOCKED_UNQUANTIFIED,count = ceil(6 x 1.2) = 8; kg = count x bar length x 1.580246914
LIFT-01-PIT-WALL-W,P14-R01 6Ø12/m,WALL_HORIZONTAL,12,OUTER,NOT_SHOWN,,BLOCKED (wall height),,"straight run 1200 mm between the columns; the joint at the corner columns (through, stop, wrap, lap) is not shown",0,,6.4,BLOCKED_UNQUANTIFIED,kg = ceil(6 x height) x 1.2 x 0.888888889 (+ joints)
LIFT-01-PIT-WALL-W,P14-R03 2 Ø16,WALL_BASE_TOP,16,IN THE WALL CAGE,NOT_SHOWN,,-,2,along the wall: not shown (net piece 1200 mm; outside face of the wall line 2200 mm; ends at the columns not shown),0,3.160493827,,BLOCKED_UNQUANTIFIED,kg = 2 x length x 1.580246914
LIFT-01-PIT-WALL-W,P14-R04 2 Ø16,WALL_BASE_BOTTOM,16,IN THE WALL CAGE,NOT_SHOWN,,-,2,along the wall: not shown (net piece 1200 mm; outside face of the wall line 2200 mm; ends at the columns not shown),0,3.160493827,,BLOCKED_UNQUANTIFIED,kg = 2 x length x 1.580246914
LIFT-01-PIT-WALL-W,P14-R05 2Ø12,WALL_TOP,12,IN THE WALL CAGE,NOT_SHOWN,,-,2,along the wall: not shown (net piece 1200 mm; outside face of the wall line 2200 mm; ends at the columns not shown),0,1.777777778,,BLOCKED_UNQUANTIFIED,kg = 2 x length x 0.888888889
LIFT-01-PIT-WALL-E,P14-R02 6Ø16/m,WALL_VERTICAL,16,INNER,NOT_SHOWN,700,ESTABLISHED (face between the columns),5,BLOCKED (footing bottom layer to the wall top: needs the founding level and the pit depth),0,7.901234568,,BLOCKED_UNQUANTIFIED,count = ceil(6 x 0.7) = 5; kg = count x bar length x 1.580246914
LIFT-01-PIT-WALL-E,P14-R01 6Ø12/m,WALL_HORIZONTAL,12,INNER,NOT_SHOWN,,BLOCKED (wall height),,"straight run 700 mm between the columns; the joint at the corner columns (through, stop, wrap, lap) is not shown",0,,3.733333333,BLOCKED_UNQUANTIFIED,kg = ceil(6 x height) x 0.7 x 0.888888889 (+ joints)
LIFT-01-PIT-WALL-E,P14-R02 6Ø16/m,WALL_VERTICAL,16,OUTER,NOT_SHOWN,700,ESTABLISHED (face between the columns),5,BLOCKED (footing bottom layer to the wall top: needs the founding level and the pit depth),0,7.901234568,,BLOCKED_UNQUANTIFIED,count = ceil(6 x 0.7) = 5; kg = count x bar length x 1.580246914
LIFT-01-PIT-WALL-E,P14-R01 6Ø12/m,WALL_HORIZONTAL,12,OUTER,NOT_SHOWN,,BLOCKED (wall height),,"straight run 700 mm between the columns; the joint at the corner columns (through, stop, wrap, lap) is not shown",0,,3.733333333,BLOCKED_UNQUANTIFIED,kg = ceil(6 x height) x 0.7 x 0.888888889 (+ joints)
LIFT-01-PIT-WALL-E,P14-R03 2 Ø16,WALL_BASE_TOP,16,IN THE WALL CAGE,NOT_SHOWN,,-,2,along the wall: not shown (net piece 700 mm; outside face of the wall line 2200 mm; ends at the columns not shown),0,3.160493827,,BLOCKED_UNQUANTIFIED,kg = 2 x length x 1.580246914
LIFT-01-PIT-WALL-E,P14-R04 2 Ø16,WALL_BASE_BOTTOM,16,IN THE WALL CAGE,NOT_SHOWN,,-,2,along the wall: not shown (net piece 700 mm; outside face of the wall line 2200 mm; ends at the columns not shown),0,3.160493827,,BLOCKED_UNQUANTIFIED,kg = 2 x length x 1.580246914
LIFT-01-PIT-WALL-E,P14-R05 2Ø12,WALL_TOP,12,IN THE WALL CAGE,NOT_SHOWN,,-,2,along the wall: not shown (net piece 700 mm; outside face of the wall line 2200 mm; ends at the columns not shown),0,1.777777778,,BLOCKED_UNQUANTIFIED,kg = 2 x length x 0.888888889
LIFT-01 (all walls),anchorage / bends / laps,ANCHORAGE_AND_CONTINUATION,,-,-,,,,"vertical bars: foot not bent on p.14, U over the top; horizontal bars: corner and column joints not shown; laps not dimensioned",0,,,BLOCKED_UNQUANTIFIED,-
LIFT-01-TIE-GF,P8-N19,TIE_BEAM_BARS,,,,,,,no section and no bars stated,0,,,BLOCKED_UNQUANTIFIED,-
