RECORD,OPENING_ID,FLOOR,FFL_M,NEXT_FFL_M,SLAB_ABOVE,KIND,TYPE,TYPE_BASIS,ZONE,SIDE_A_SPACE,SIDE_A_CLASS,SIDE_A_ROOMS,SIDE_B_SPACE,SIDE_B_CLASS,SIDE_B_ROOMS,WIDTH_MM,WIDTH_AUTHORITY,WALL_THICKNESS_MM,WALL_BAND_ID,WALL_OWNER,HEIGHT_MM,HEIGHT_STATE,SILL_ABOVE_FFL_MM,SILL_STATE,HEAD_ABOVE_FFL_MM,HEAD_STATE,ALONG_WALL_MM,WALL_ANGLE_DEG,CENTRE_ARCH_XY,CENTRE_FRAME_XY,CENTRE_STRUCT_XY,START_JAMB,END_JAMB,JAMB_COLUMNS,BEAMS_OVER,SLAB_PANELS_ABOVE,EVIDENCE,DOOR_BLOCKS,DOOR_ARCS,GLAZING_ELEMENTS,ARCH_BLOCKS,HANDLES,JAMB_FACE_LINES,CONFIDENCE,R5_IDS,SOURCE
OPENING,OP-GF-001,GF,1,5.5,GFRS,WALL_GAP,4_5_GLAZED_WINDOW_OR_FULL_HEIGHT_UNRESOLVED,"glazing symbol only: window or full-height / glazed door not separable (no sill, head or opening schedule printed)",EXTERNAL,GF-SP003,INTERIOR,"[""DEWANEYA""]",GF-SP001,EXTERIOR,"[""COURT"", ""NEIGHBOUR"", ""SEA VIEW"", ""STREET"", ""SWIMMING POOL""]",1954.9,PRINTED plan dimension A3E = 1954.9 mm,200,WB-FL0092-FL0093,ARCHITECTURAL_BLOCKWORK,,NOT_ESTABLISHED (no opening height printed),,NOT_ESTABLISHED,,NOT_ESTABLISHED,"[-804460.6, -802505.6]",90,"[-160139.9, -803483.1]","[4572.9, 8433.4]","[1987.9, 9122.3]",MASONRY_JAMB,MASONRY_JAMB,[],"[""BL011:FULL:B9""]",[],"[""GLAZING""]",[],[],3,[],"[""342"", ""343"", ""344""]","[""FL0092"", ""FL0093""]",HIGH,"[""GF-W15""]",P7757.dxf ab54dd554c31 frame 7D
OPENING,OP-GF-002,GF,1,5.5,GFRS,WALL_GAP,4_5_GLAZED_WINDOW_OR_FULL_HEIGHT_UNRESOLVED,"glazing symbol only: window or full-height / glazed door not separable (no sill, head or opening schedule printed)",EXTERNAL,GF-SP003,INTERIOR,"[""DEWANEYA""]",GF-SP001,EXTERIOR,"[""COURT"", ""NEIGHBOUR"", ""SEA VIEW"", ""STREET"", ""SWIMMING POOL""]",1954.9,PRINTED plan dimension A22 = 1954.9 mm,200,WB-FL0092-FL0093,ARCHITECTURAL_BLOCKWORK,,NOT_ESTABLISHED (no opening height printed),,NOT_ESTABLISHED,,NOT_ESTABLISHED,"[-801360.6, -799405.6]",90,"[-160139.9, -800383.1]","[4572.9, 11533.4]","[1987.9, 12222.3]",MASONRY_JAMB,MASONRY_JAMB,[],"[""BL011:FULL:B9""]",[],"[""GLAZING""]",[],[],3,[],"[""348"", ""349"", ""34A""]","[""FL0092"", ""FL0093""]",HIGH,"[""GF-W16""]",P7757.dxf ab54dd554c31 frame 7D
OPENING,OP-GF-003,GF,1,5.5,GFRS,WALL_GAP,3_EXTERNAL_DOOR,door symbol in the envelope; material not established,EXTERNAL,GF-SP003,INTERIOR,"[""DEWANEYA""]",GF-SP001,EXTERIOR,"[""COURT"", ""NEIGHBOUR"", ""SEA VIEW"", ""STREET"", ""SWIMMING POOL""]",1000,DRAWN_CAD_GEOMETRY (true-size model space; no printed dimension spans the jambs),200,WB-FL0018-FL0019,ARCHITECTURAL_BLOCKWORK,,NOT_ESTABLISHED (no opening height printed),,NOT_ESTABLISHED,,NOT_ESTABLISHED,"[-159772.0, -158772.0]",0,"[-159272.0, -798693.5]","[5440.8, 13222.9]","[2855.8, 13911.9]",MASONRY_JAMB,MASONRY_JAMB,[],"[""BL005:FULL:B2""]",[],"[""DOOR""]","[""D120:15E""]",[],0,[],"[""15E""]","[""FL0018"", ""FL0019""]",HIGH,"[""GF-D-I350"", ""GF-W03""]",P7757.dxf ab54dd554c31 frame 7D
OPENING,OP-GF-004,GF,1,5.5,GFRS,WALL_GAP,7_OPEN_ARCHWAY_OR_PASSAGE,arch symbol,INTERNAL,GF-SP013,INTERIOR,"[""WASH""]",GF-SP003,INTERIOR,"[""DEWANEYA""]",1000,DRAWN_CAD_GEOMETRY (true-size model space; no printed dimension spans the jambs),150,WB-FL0090-FL0091,ARCHITECTURAL_BLOCKWORK,,NOT_ESTABLISHED (no opening height printed),,NOT_ESTABLISHED,,NOT_ESTABLISHED,"[-802143.5, -801143.5]",90,"[-155964.9, -801643.5]","[8747.9, 10272.9]","[6162.9, 10961.9]",MASONRY_JAMB,MASONRY_JAMB,[],"[""BL010:FULL:B4""]",[],"[""ARCH""]",[],[],0,"[""1F8""]","[""1F8""]","[""FL0090"", ""FL0091""]",HIGH,"[""GF-W14""]",P7757.dxf ab54dd554c31 frame 7D
OPENING,OP-GF-005,GF,1,5.5,GFRS,WALL_GAP,1_INTERNAL_DOOR,door symbol between two interior spaces; material not established,INTERNAL,GF-SP011,INTERIOR,"[""W.C""]",GF-SP013,INTERIOR,"[""WASH""]",800,DRAWN_CAD_GEOMETRY (true-size model space; no printed dimension spans the jambs),150,WB-FL0010-FL0011,ARCHITECTURAL_BLOCKWORK,,NOT_ESTABLISHED (no opening height printed),,NOT_ESTABLISHED,,NOT_ESTABLISHED,"[-155816.2, -155016.2]",0,"[-155416.2, -802768.5]","[9296.6, 9147.9]","[6711.5, 9836.9]",MASONRY_JAMB,MASONRY_JAMB,[],[],"[""SP-GF_ROOF_SLAB-27:SLAB_PANEL""]","[""DOOR""]","[""D315:1EF""]",[],0,[],"[""1EF""]","[""FL0010"", ""FL0011""]",HIGH,"[""GF-D-I495""]",P7757.dxf ab54dd554c31 frame 7D
OPENING,OP-GF-006,GF,1,5.5,GFRS,WALL_GAP,4_5_GLAZED_WINDOW_OR_FULL_HEIGHT_UNRESOLVED,"glazing symbol only: window or full-height / glazed door not separable (no sill, head or opening schedule printed)",EXTERNAL,GF-SP008,INTERIOR,"[""DRIVER""]",GF-SP001,EXTERIOR,"[""COURT"", ""NEIGHBOUR"", ""SEA VIEW"", ""STREET"", ""SWIMMING POOL""]",600,DRAWN_CAD_GEOMETRY (true-size model space; no printed dimension spans the jambs),200,WB-FL0015-FL0016,ARCHITECTURAL_BLOCKWORK,,NOT_ESTABLISHED (no opening height printed),,NOT_ESTABLISHED,,NOT_ESTABLISHED,"[-154239.9, -153639.9]",0,"[-153939.9, -800493.5]","[10772.9, 11422.9]","[8187.9, 12111.9]",CLOSURE_JAMB,MASONRY_JAMB,[],"[""BL004:FULL:CB6""]",[],"[""GLAZING""]",[],[],10,[],"[""3A3"", ""3A4"", ""3A6"", ""3A7"", ""3A8"", ""3A9"", ""3AA"", ""3AB"", ""3AC"", ""3AD""]","[""FL0015"", ""FL0016""]",MEDIUM,[],P7757.dxf ab54dd554c31 frame 7D
OPENING,OP-GF-007,GF,1,5.5,GFRS,WALL_GAP,3_EXTERNAL_DOOR,door symbol in the envelope; material not established,EXTERNAL,GF-SP008,INTERIOR,"[""DRIVER""]",GF-SP001,EXTERIOR,"[""COURT"", ""NEIGHBOUR"", ""SEA VIEW"", ""STREET"", ""SWIMMING POOL""]",900,DRAWN_CAD_GEOMETRY (true-size model space; no printed dimension spans the jambs),200,WB-FL0015-FL0016,ARCHITECTURAL_BLOCKWORK,,NOT_ESTABLISHED (no opening height printed),,NOT_ESTABLISHED,,NOT_ESTABLISHED,"[-153489.9, -152589.9]",0,"[-153039.9, -800493.5]","[11672.9, 11422.9]","[9087.9, 12111.9]",MASONRY_JAMB,MASONRY_JAMB,[],"[""BL004:FULL:CB6""]",[],"[""DOOR""]","[""d220:1B5""]",[],0,[],"[""1B5""]","[""FL0015"", ""FL0016""]",HIGH,"[""GF-D-I437"", ""GF-W01""]",P7757.dxf ab54dd554c31 frame 7D
OPENING,OP-GF-008,GF,1,5.5,GFRS,WALL_GAP,1_INTERNAL_DOOR,door symbol between two interior spaces; material not established,INTERNAL,GF-SP017,INTERIOR,"[""W.C""]",GF-SP008,INTERIOR,"[""DRIVER""]",800,DRAWN_CAD_GEOMETRY (true-size model space; no printed dimension spans the jambs),150,WB-FL0084-FL0085,ARCHITECTURAL_BLOCKWORK,,NOT_ESTABLISHED (no opening height printed),,NOT_ESTABLISHED,,NOT_ESTABLISHED,"[-804663.8, -803863.8]",90,"[-152414.9, -804263.8]","[12297.9, 7652.7]","[9712.9, 8341.6]",MASONRY_JAMB,MASONRY_JAMB,[],[],"[""SP-GF_ROOF_SLAB-34:SLAB_PANEL""]","[""DOOR""]","[""D315:19E""]",[],0,[],"[""19E""]","[""FL0084"", ""FL0085""]",HIGH,"[""GF-D-I414""]",P7757.dxf ab54dd554c31 frame 7D
OPENING,OP-GF-009,GF,1,5.5,GFRS,WALL_GAP,4_5_GLAZED_WINDOW_OR_FULL_HEIGHT_UNRESOLVED,"glazing symbol only: window or full-height / glazed door not separable (no sill, head or opening schedule printed)",EXTERNAL,GF-SP007,INTERIOR,"[""KITCHEN""]",GF-SP001,EXTERIOR,"[""COURT"", ""NEIGHBOUR"", ""SEA VIEW"", ""STREET"", ""SWIMMING POOL""]",1500,DRAWN_CAD_GEOMETRY (true-size model space; no printed dimension spans the jambs),200,WB-FL0015-FL0016,ARCHITECTURAL_BLOCKWORK,,NOT_ESTABLISHED (no opening height printed),,NOT_ESTABLISHED,,NOT_ESTABLISHED,"[-151739.9, -150239.9]",0,"[-150989.9, -800493.5]","[13722.9, 11422.9]","[11137.9, 12111.9]",MASONRY_JAMB,MASONRY_JAMB,[],"[""BL004:FULL:CB6""]",[],"[""GLAZING""]",[],[],10,[],"[""3AF"", ""3B0"", ""3B2"", ""3B3"", ""3B4"", ""3B5"", ""3B6"", ""3B8"", ""3B9"", ""3BA""]","[""FL0015"", ""FL0016""]",HIGH,"[""GF-W02""]",P7757.dxf ab54dd554c31 frame 7D
OPENING,OP-GF-010,GF,1,5.5,GFRS,WALL_GAP,3_EXTERNAL_DOOR,door symbol in the envelope; material not established,EXTERNAL,GF-SP009,EXTERIOR,[],GF-SP007,INTERIOR,"[""KITCHEN""]",1000,DRAWN_CAD_GEOMETRY (true-size model space; no printed dimension spans the jambs),200,WB-FL0078-FL0079,ARCHITECTURAL_BLOCKWORK,,NOT_ESTABLISHED (no opening height printed),,NOT_ESTABLISHED,,NOT_ESTABLISHED,"[-804993.5, -803993.5]",90,"[-149539.9, -804493.5]","[15172.9, 7422.9]","[12587.9, 8111.9]",MASONRY_JAMB,MASONRY_JAMB,[],"[""BL008:FULL:B1""]",[],"[""DOOR""]","[""D120:192""]",[],0,[],"[""192""]","[""FL0078"", ""FL0079""]",HIGH,"[""GF-D-I402"", ""GF-W13""]",P7757.dxf ab54dd554c31 frame 7D
OPENING,OP-GF-011,GF,1,5.5,GFRS,WALL_GAP,7_OPEN_ARCHWAY_OR_PASSAGE,"open passage: wall gap with jambs and no door, glazing or arch symbol",BOTH_SIDES_EXTERIOR,GF-SP001,EXTERIOR,"[""COURT"", ""NEIGHBOUR"", ""SEA VIEW"", ""STREET"", ""SWIMMING POOL""]",GF-SP009,EXTERIOR,[],1400,DRAWN_CAD_GEOMETRY (true-size model space; no printed dimension spans the jambs),200,WB-FL0001-FL0002,ARCHITECTURAL_BLOCKWORK,,NOT_ESTABLISHED (no opening height printed),,NOT_ESTABLISHED,,NOT_ESTABLISHED,"[-149639.9, -148239.9]",0,"[-148939.9, -805193.5]","[15772.9, 6722.9]","[13187.9, 7411.9]",MASONRY_JAMB,COLUMN_JAMB,"[""end:2FAB->359:COL-C-X06-Y01-GF""]","[""BL003:FULL:CB7""]",[],[],[],[],0,[],[],"[""FL0001"", ""FL0002""]",LOW,[],P7757.dxf ab54dd554c31 frame 7D
OPENING,OP-GF-012,GF,1,5.5,GFRS,WALL_GAP,7_OPEN_ARCHWAY_OR_PASSAGE,"open passage: wall gap with jambs and no door, glazing or arch symbol",BOTH_SIDES_EXTERIOR,GF-SP009,EXTERIOR,[],GF-SP001,EXTERIOR,"[""COURT"", ""NEIGHBOUR"", ""SEA VIEW"", ""STREET"", ""SWIMMING POOL""]",1200,DRAWN_CAD_GEOMETRY (true-size model space; no printed dimension spans the jambs),200,WB-FL0015-FL0016,ARCHITECTURAL_BLOCKWORK,,NOT_ESTABLISHED (no opening height printed),,NOT_ESTABLISHED,,NOT_ESTABLISHED,"[-149439.9, -148239.9]",0,"[-148839.9, -800493.5]","[15872.9, 11422.9]","[13287.9, 12111.9]",COLUMN_JAMB,COLUMN_JAMB,"[""start:2FB1->35F:COL-C5-X05-Y04-GF"", ""end:2FAE->35C:COL-C11-X06-Y04-GF""]","[""BL004:FULL:B1""]",[],[],[],[],0,[],[],"[""FL0015"", ""FL0016""]",LOW,[],P7757.dxf ab54dd554c31 frame 7D
OPENING,OP-GF-013,GF,1,5.5,GFRS,WALL_GAP,4_5_GLAZED_WINDOW_OR_FULL_HEIGHT_UNRESOLVED,"glazing symbol only: window or full-height / glazed door not separable (no sill, head or opening schedule printed)",EXTERNAL,GF-SP002,INTERIOR,"[""DINING"", ""MASTER BED ROOM"", ""PANTRY"", ""RECEPTION"", ""SALOON"", ""WASH""]",GF-SP009,EXTERIOR,[],1000,DRAWN_CAD_GEOMETRY (true-size model space; no printed dimension spans the jambs),200,WB-FL0076-FL0077,ARCHITECTURAL_BLOCKWORK,,NOT_ESTABLISHED (no opening height printed),,NOT_ESTABLISHED,,NOT_ESTABLISHED,"[-804993.5, -803993.5]",90,"[-148139.9, -804493.5]","[16572.9, 7422.9]","[13987.9, 8111.9]",MASONRY_JAMB,MASONRY_JAMB,[],[],"[""SP-GF_ROOF_SLAB-30:SLAB_PANEL""]","[""GLAZING""]",[],[],10,[],"[""3C9"", ""3CA"", ""3CC"", ""3CD"", ""3CE"", ""3CF"", ""3D0"", ""3D2"", ""3D3"", ""3D4""]","[""FL0076"", ""FL0077""]",HIGH,"[""GF-W11""]",P7757.dxf ab54dd554c31 frame 7D
OPENING,OP-GF-014,GF,1,5.5,GFRS,WALL_GAP,4_5_GLAZED_WINDOW_OR_FULL_HEIGHT_UNRESOLVED,"glazing symbol only: window or full-height / glazed door not separable (no sill, head or opening schedule printed)",EXTERNAL,GF-SP002,INTERIOR,"[""DINING"", ""MASTER BED ROOM"", ""PANTRY"", ""RECEPTION"", ""SALOON"", ""WASH""]",GF-SP009,EXTERIOR,[],1500,DRAWN_CAD_GEOMETRY (true-size model space; no printed dimension spans the jambs),200,WB-FL0076-FL0077,ARCHITECTURAL_BLOCKWORK,,NOT_ESTABLISHED (no opening height printed),,NOT_ESTABLISHED,,NOT_ESTABLISHED,"[-802943.5, -801443.5]",90,"[-148139.9, -802193.5]","[16572.9, 9722.9]","[13987.9, 10411.9]",MASONRY_JAMB,MASONRY_JAMB,[],[],"[""SP-GF_ROOF_SLAB-29:SLAB_PANEL""]","[""GLAZING""]",[],[],10,[],"[""3BC"", ""3BD"", ""3BF"", ""3C0"", ""3C1"", ""3C2"", ""3C3"", ""3C5"", ""3C6"", ""3C7""]","[""FL0076"", ""FL0077""]",HIGH,"[""GF-W12""]",P7757.dxf ab54dd554c31 frame 7D
OPENING,OP-GF-015,GF,1,5.5,GFRS,WALL_GAP,3_EXTERNAL_DOOR,door symbol in the envelope; material not established,EXTERNAL,GF-SP002,INTERIOR,"[""DINING"", ""MASTER BED ROOM"", ""PANTRY"", ""RECEPTION"", ""SALOON"", ""WASH""]",GF-SP001,EXTERIOR,"[""COURT"", ""NEIGHBOUR"", ""SEA VIEW"", ""STREET"", ""SWIMMING POOL""]",1000,DRAWN_CAD_GEOMETRY (true-size model space; no printed dimension spans the jambs),200,WB-FL0015-FL0016,ARCHITECTURAL_BLOCKWORK,,NOT_ESTABLISHED (no opening height printed),,NOT_ESTABLISHED,,NOT_ESTABLISHED,"[-146380.7, -145380.7]",0,"[-145880.7, -800493.5]","[18832.1, 11422.9]","[16247.0, 12111.9]",MASONRY_JAMB,MASONRY_JAMB,[],"[""BL004:FULL:B1""]",[],"[""DOOR""]","[""D120:33E""]",[],0,[],"[""33E""]","[""FL0015"", ""FL0016""]",HIGH,"[""GF-D-I830""]",P7757.dxf ab54dd554c31 frame 7D
OPENING,OP-GF-016,GF,1,5.5,GFRS,WALL_GAP,2_MAIN_ENTRANCE_DOOR,the only double-leaf door on the envelope (no door schedule names it),EXTERNAL,GF-SP002,INTERIOR,"[""DINING"", ""MASTER BED ROOM"", ""PANTRY"", ""RECEPTION"", ""SALOON"", ""WASH""]",GF-SP001,EXTERIOR,"[""COURT"", ""NEIGHBOUR"", ""SEA VIEW"", ""STREET"", ""SWIMMING POOL""]",2000,PRINTED plan dimension 9CE = 2000 mm,200,WB-FL0073-FL0074,ARCHITECTURAL_BLOCKWORK,,NOT_ESTABLISHED (no opening height printed),,NOT_ESTABLISHED,,NOT_ESTABLISHED,"[-799593.5, -797593.5]",90,"[-145139.9, -798593.5]","[19572.9, 13322.9]","[16987.9, 14011.9]",MASONRY_JAMB,MASONRY_JAMB,[],"[""BL016:FULL:CB4""]",[],"[""DOOR""]","[""D200:281""]",[],0,[],"[""281""]","[""FL0073"", ""FL0074""]",HIGH,"[""GF-D-641""]",P7757.dxf ab54dd554c31 frame 7D
OPENING,OP-GF-017,GF,1,5.5,GFRS,WALL_GAP,4_5_GLAZED_WINDOW_OR_FULL_HEIGHT_UNRESOLVED,"glazing symbol only: window or full-height / glazed door not separable (no sill, head or opening schedule printed)",EXTERNAL,GF-SP006,INTERIOR,[],GF-SP001,EXTERIOR,"[""COURT"", ""NEIGHBOUR"", ""SEA VIEW"", ""STREET"", ""SWIMMING POOL""]",1200,PRINTED plan dimension 83C = 1200 mm,200,WB-FL0073-FL0074,ARCHITECTURAL_BLOCKWORK,,NOT_ESTABLISHED (no opening height printed),,NOT_ESTABLISHED,,NOT_ESTABLISHED,"[-794243.5, -793043.5]",90,"[-145139.9, -793643.5]","[19572.9, 18272.9]","[16987.9, 18961.9]",MASONRY_JAMB,MASONRY_JAMB,[],"[""BL016:FULL:B2""]",[],"[""GLAZING""]",[],[],3,[],"[""352"", ""353"", ""354""]","[""FL0073"", ""FL0074""]",HIGH,"[""GF-W10""]",P7757.dxf ab54dd554c31 frame 7D
OPENING,OP-GF-018,GF,1,5.5,GFRS,WALL_GAP,1_INTERNAL_DOOR,door symbol between two interior spaces; material not established,INTERNAL,GF-SP002,INTERIOR,"[""DINING"", ""MASTER BED ROOM"", ""PANTRY"", ""RECEPTION"", ""SALOON"", ""WASH""]",GF-SP006,INTERIOR,[],1000,DRAWN_CAD_GEOMETRY (true-size model space; no printed dimension spans the jambs),200,WB-FL0023-FL0024,ARCHITECTURAL_BLOCKWORK,,NOT_ESTABLISHED (no opening height printed),,NOT_ESTABLISHED,,NOT_ESTABLISHED,"[-143639.9, -142639.9]",0,"[-143139.9, -797093.5]","[21572.9, 14822.9]","[18987.9, 15511.9]",MASONRY_JAMB,MASONRY_JAMB,[],[],"[""SP-GF_ROOF_SLAB-16:SLAB_PANEL""]","[""DOOR""]","[""D120:2C7""]",[],0,[],"[""2C7""]","[""FL0023"", ""FL0024""]",HIGH,"[""GF-D-I711""]",P7757.dxf ab54dd554c31 frame 7D
OPENING,OP-GF-019,GF,1,5.5,GFRS,WALL_GAP,3_EXTERNAL_DOOR,door symbol in the envelope; material not established,EXTERNAL,GF-SP006,INTERIOR,[],GF-SP001,EXTERIOR,"[""COURT"", ""NEIGHBOUR"", ""SEA VIEW"", ""STREET"", ""SWIMMING POOL""]",900,DRAWN_CAD_GEOMETRY (true-size model space; no printed dimension spans the jambs),200,WB-FL0039-FL0040,ARCHITECTURAL_BLOCKWORK,,NOT_ESTABLISHED (no opening height printed),,NOT_ESTABLISHED,,NOT_ESTABLISHED,"[-143586.7, -142686.7]",0,"[-143136.7, -791893.5]","[21576.1, 20022.9]","[18991.0, 20711.9]",MASONRY_JAMB,MASONRY_JAMB,[],"[""BL033:FULL:B3""]",[],"[""DOOR""]","[""D120:3FF""]",[],0,[],"[""3FF""]","[""FL0039"", ""FL0040""]",HIGH,"[""GF-D-I1023"", ""GF-W05""]",P7757.dxf ab54dd554c31 frame 7D
OPENING,OP-GF-020,GF,1,5.5,GFRS,WALL_GAP,7_OPEN_ARCHWAY_OR_PASSAGE,open passage with lines drawn over both faces,INTERNAL,GF-SP018,INTERIOR,[],GF-SP006,INTERIOR,[],900,DRAWN_CAD_GEOMETRY (true-size model space; no printed dimension spans the jambs),200,WB-FL0071-FL0072,ARCHITECTURAL_BLOCKWORK,,NOT_ESTABLISHED (no opening height printed),,NOT_ESTABLISHED,,NOT_ESTABLISHED,"[-794993.5, -794093.5]",90,"[-142439.9, -794543.5]","[22272.9, 17372.9]","[19687.9, 18061.9]",COLUMN_JAMB,MASONRY_JAMB,"[""start:2F93->341:COL-C1-X09-Y09-GF""]","[""BL028:FULL:B2""]",[],"[""OVERHEAD_LINES""]",[],[],0,[],[],"[""FL0071"", ""FL0072""]",MEDIUM,[],P7757.dxf ab54dd554c31 frame 7D
OPENING,OP-GF-021,GF,1,5.5,GFRS,WALL_GAP,1_INTERNAL_DOOR,door symbol between two interior spaces; material not established,INTERNAL,GF-SP018,INTERIOR,[],GF-SP015,INTERIOR,"[""W.C""]",797,DRAWN_CAD_GEOMETRY (true-size model space; no printed dimension spans the jambs),150,WB-FL0036-FL0037,ARCHITECTURAL_BLOCKWORK,,NOT_ESTABLISHED (no opening height printed),,NOT_ESTABLISHED,,NOT_ESTABLISHED,"[-142286.9, -141489.9]",0,"[-141888.4, -793818.5]","[22824.4, 18097.9]","[20239.4, 18786.9]",MASONRY_JAMB,MASONRY_JAMB,[],[],"[""SP-GF_ROOF_SLAB-07:SLAB_PANEL""]","[""DOOR""]","[""D315:339""]",[],0,[],"[""339""]","[""FL0036"", ""FL0037""]",HIGH,"[""GF-D-I825""]",P7757.dxf ab54dd554c31 frame 7D
OPENING,OP-GF-022,GF,1,5.5,GFRS,WALL_GAP,4_5_GLAZED_WINDOW_OR_FULL_HEIGHT_UNRESOLVED,"glazing symbol only: window or full-height / glazed door not separable (no sill, head or opening schedule printed)",EXTERNAL,GF-SP015,INTERIOR,"[""W.C""]",GF-SP001,EXTERIOR,"[""COURT"", ""NEIGHBOUR"", ""SEA VIEW"", ""STREET"", ""SWIMMING POOL""]",600,DRAWN_CAD_GEOMETRY (true-size model space; no printed dimension spans the jambs),200,WB-FL0039-FL0040,ARCHITECTURAL_BLOCKWORK,,NOT_ESTABLISHED (no opening height printed),,NOT_ESTABLISHED,,NOT_ESTABLISHED,"[-141964.9, -141364.9]",0,"[-141664.9, -791893.5]","[23047.9, 20022.9]","[20462.9, 20711.9]",MASONRY_JAMB,MASONRY_JAMB,[],"[""BL038:FULL:CB2""]",[],"[""GLAZING""]",[],[],10,[],"[""3D6"", ""3D7"", ""3D9"", ""3DA"", ""3DB"", ""3DC"", ""3DD"", ""3DE"", ""3DF"", ""3E0""]","[""FL0039"", ""FL0040""]",HIGH,"[""GF-W06""]",P7757.dxf ab54dd554c31 frame 7D
OPENING,OP-GF-023,GF,1,5.5,GFRS,WALL_GAP,6_SERVICE_SHAFT_OPENING,"opening into the lift shaft (inside the S1 lift footing outline, the same position on every floor)",INTERNAL,GF-SP002,INTERIOR,"[""DINING"", ""MASTER BED ROOM"", ""PANTRY"", ""RECEPTION"", ""SALOON"", ""WASH""]",GF-SP012,INTERIOR,[],1000,DRAWN_CAD_GEOMETRY (true-size model space; no printed dimension spans the jambs),200,WB-FL0023-FL0024,ARCHITECTURAL_BLOCKWORK,,NOT_ESTABLISHED (no opening height printed),,NOT_ESTABLISHED,,NOT_ESTABLISHED,"[-141939.9, -140939.9]",0,"[-141439.9, -797093.5]","[23272.9, 14822.9]","[20687.9, 15511.9]",MASONRY_JAMB,MASONRY_JAMB,[],"[""BL036:FULL:B14""]",[],[],[],[],0,[],[],"[""FL0023"", ""FL0024""]",LOW,"[""GF-W04""]",P7757.dxf ab54dd554c31 frame 7D
OPENING,OP-GF-024,GF,1,5.5,GFRS,WALL_GAP,1_INTERNAL_DOOR,door symbol between two interior spaces; material not established,INTERNAL,GF-SP002,INTERIOR,"[""DINING"", ""MASTER BED ROOM"", ""PANTRY"", ""RECEPTION"", ""SALOON"", ""WASH""]",GF-SP014,INTERIOR,"[""W.C""]",800,DRAWN_CAD_GEOMETRY (true-size model space; no printed dimension spans the jambs),150,WB-FL0046-FL0047,ARCHITECTURAL_BLOCKWORK,,NOT_ESTABLISHED (no opening height printed),,NOT_ESTABLISHED,,NOT_ESTABLISHED,"[-660553.3, -659753.3]",45,"[-139447.2, -794150.5]","[25265.6, 17766.0]","[22680.6, 18454.9]",MASONRY_JAMB,MASONRY_JAMB,[],"[""BL040:PARTIAL:B1""]","[""SP-GF_ROOF_SLAB-11:SLAB_PANEL""]","[""DOOR""]","[""D315:321""]",[],0,[],"[""321""]","[""FL0046"", ""FL0047""]",HIGH,"[""GF-D-I801""]",P7757.dxf ab54dd554c31 frame 7D
OPENING,OP-GF-025,GF,1,5.5,GFRS,WALL_GAP,4_5_GLAZED_WINDOW_OR_FULL_HEIGHT_UNRESOLVED,"glazing symbol only: window or full-height / glazed door not separable (no sill, head or opening schedule printed)",EXTERNAL,GF-SP016,INTERIOR,"[""W.C""]",GF-SP001,EXTERIOR,"[""COURT"", ""NEIGHBOUR"", ""SEA VIEW"", ""STREET"", ""SWIMMING POOL""]",600,DRAWN_CAD_GEOMETRY (true-size model space; no printed dimension spans the jambs),200,WB-FL0039-FL0040,ARCHITECTURAL_BLOCKWORK,,NOT_ESTABLISHED (no opening height printed),,NOT_ESTABLISHED,,NOT_ESTABLISHED,"[-139469.9, -138869.9]",0,"[-139169.9, -791893.5]","[25542.9, 20022.9]","[22957.9, 20711.9]",MASONRY_JAMB,COLUMN_JAMB,"[""end:2F84->332:COL-C5-X11-Y10-GF""]","[""BL038:FULL:CB2""]",[],"[""GLAZING""]",[],[],10,[],"[""3E3"", ""3E4"", ""3E6"", ""3E7"", ""3E8"", ""3E9"", ""3EA"", ""3EB"", ""3EC"", ""3ED""]","[""FL0039"", ""FL0040""]",MEDIUM,"[""GF-W07""]",P7757.dxf ab54dd554c31 frame 7D
OPENING,OP-GF-026,GF,1,5.5,GFRS,WALL_GAP,1_INTERNAL_DOOR,door symbol between two interior spaces; material not established,INTERNAL,GF-SP002,INTERIOR,"[""DINING"", ""MASTER BED ROOM"", ""PANTRY"", ""RECEPTION"", ""SALOON"", ""WASH""]",GF-SP016,INTERIOR,"[""W.C""]",800,DRAWN_CAD_GEOMETRY (true-size model space; no printed dimension spans the jambs),150,WB-FL0046-FL0047,ARCHITECTURAL_BLOCKWORK,,NOT_ESTABLISHED (no opening height printed),,NOT_ESTABLISHED,,NOT_ESTABLISHED,"[-659514.9, -658714.9]",45,"[-138713.0, -793416.3]","[25999.8, 18500.2]","[23414.8, 19189.1]",MASONRY_JAMB,MASONRY_JAMB,[],"[""BL023:PARTIAL:-""]",[],"[""DOOR""]","[""D315:320""]",[],0,[],"[""320""]","[""FL0046"", ""FL0047""]",HIGH,"[""GF-D-I800""]",P7757.dxf ab54dd554c31 frame 7D
OPENING,OP-GF-027,GF,1,5.5,GFRS,WALL_GAP,4_5_GLAZED_WINDOW_OR_FULL_HEIGHT_UNRESOLVED,"glazing symbol only: window or full-height / glazed door not separable (no sill, head or opening schedule printed)",EXTERNAL,GF-SP010,INTERIOR,[],GF-SP001,EXTERIOR,"[""COURT"", ""NEIGHBOUR"", ""SEA VIEW"", ""STREET"", ""SWIMMING POOL""]",600,DRAWN_CAD_GEOMETRY (true-size model space; no printed dimension spans the jambs),200,WB-FL0039-FL0040,ARCHITECTURAL_BLOCKWORK,,NOT_ESTABLISHED (no opening height printed),,NOT_ESTABLISHED,,NOT_ESTABLISHED,"[-137869.9, -137269.9]",0,"[-137569.9, -791893.5]","[27142.9, 20022.9]","[24557.9, 20711.9]",MASONRY_JAMB,MASONRY_JAMB,[],"[""BL038:FULL:CB2""]",[],"[""GLAZING""]",[],[],10,[],"[""3F0"", ""3F1"", ""3F3"", ""3F4"", ""3F5"", ""3F6"", ""3F7"", ""3F8"", ""3F9"", ""3FA""]","[""FL0039"", ""FL0040""]",HIGH,"[""GF-W08""]",P7757.dxf ab54dd554c31 frame 7D
OPENING,OP-GF-028,GF,1,5.5,GFRS,WALL_GAP,1_INTERNAL_DOOR,door symbol between two interior spaces; material not established,INTERNAL,GF-SP002,INTERIOR,"[""DINING"", ""MASTER BED ROOM"", ""PANTRY"", ""RECEPTION"", ""SALOON"", ""WASH""]",GF-SP002,INTERIOR,"[""DINING"", ""MASTER BED ROOM"", ""PANTRY"", ""RECEPTION"", ""SALOON"", ""WASH""]",1000,DRAWN_CAD_GEOMETRY (true-size model space; no printed dimension spans the jambs),150,WB-FL0028-FL0029,ARCHITECTURAL_BLOCKWORK,,NOT_ESTABLISHED (no opening height printed),,NOT_ESTABLISHED,,NOT_ESTABLISHED,"[-137580.8, -136580.8]",0,"[-137080.8, -796068.5]","[27632.0, 15847.9]","[25047.0, 16536.9]",MASONRY_JAMB,MASONRY_JAMB,[],[],"[""SP-GF_ROOF_SLAB-10:SLAB_PANEL""]","[""DOOR""]","[""D115:2F2""]",[],0,[],"[""2F2""]","[""FL0028"", ""FL0029""]",HIGH,"[""GF-D-I754""]",P7757.dxf ab54dd554c31 frame 7D
OPENING,OP-GF-029,GF,1,5.5,GFRS,WALL_GAP,1_INTERNAL_DOOR,door symbol between two interior spaces; material not established,INTERNAL,GF-SP002,INTERIOR,"[""DINING"", ""MASTER BED ROOM"", ""PANTRY"", ""RECEPTION"", ""SALOON"", ""WASH""]",GF-SP010,INTERIOR,[],800,DRAWN_CAD_GEOMETRY (true-size model space; no printed dimension spans the jambs),150,WB-FL0033-FL0035,ARCHITECTURAL_BLOCKWORK,,NOT_ESTABLISHED (no opening height printed),,NOT_ESTABLISHED,,NOT_ESTABLISHED,"[-136879.0, -136079.0]",0,"[-136479.0, -794068.5]","[28233.8, 17847.9]","[25648.7, 18536.9]",MASONRY_JAMB,MASONRY_JAMB,[],[],"[""SP-GF_ROOF_SLAB-10:SLAB_PANEL""]","[""DOOR""]",[],"[""334""]",0,[],"[""334""]","[""FL0033"", ""FL0035""]",HIGH,"[""GF-D-E820""]",P7757.dxf ab54dd554c31 frame 7D
OPENING,OP-GF-030,GF,1,5.5,GFRS,GLAZING_RUN,4_5_GLAZED_WINDOW_OR_FULL_HEIGHT_UNRESOLVED,"glazing symbol only: window or full-height / glazed door not separable (no sill, head or opening schedule printed)",EXTERNAL,GF-SP001,EXTERIOR,"[""COURT"", ""NEIGHBOUR"", ""SEA VIEW"", ""STREET"", ""SWIMMING POOL""]",GF-SP002,INTERIOR,"[""DINING"", ""MASTER BED ROOM"", ""PANTRY"", ""RECEPTION"", ""SALOON"", ""WASH""]",4950,DRAWN_CAD_GEOMETRY (true-size model space; no printed dimension spans the jambs),120,PR0001,NONE_DRAWN (glazed screen),,NOT_ESTABLISHED (no opening height printed),,NOT_ESTABLISHED,,NOT_ESTABLISHED,"[-796943.5, -791993.5]",90,"[-131009.9, -794468.5]","[33702.9, 17447.9]","[31117.9, 18136.9]",CLOSURE_JAMB,CLOSURE_JAMB,[],"[""BL031:PARTIAL:B8"", ""BL043:PARTIAL:B24"", ""BL044:PARTIAL:B17""]",[],"[""GLAZING""]",[],[],6,[],"[""26D"", ""275"", ""27D"", ""27E"", ""27F"", ""280""]",[],MEDIUM,[],P7757.dxf ab54dd554c31 frame 7D
OPENING,OP-GF-031,GF,1,5.5,GFRS,WALL_GAP,4_5_GLAZED_WINDOW_OR_FULL_HEIGHT_UNRESOLVED,"glazing symbol only: window or full-height / glazed door not separable (no sill, head or opening schedule printed)",EXTERNAL,GF-SP001,EXTERIOR,"[""COURT"", ""NEIGHBOUR"", ""SEA VIEW"", ""STREET"", ""SWIMMING POOL""]",GF-SP002,INTERIOR,"[""DINING"", ""MASTER BED ROOM"", ""PANTRY"", ""RECEPTION"", ""SALOON"", ""WASH""]",6331.6,PRINTED plan dimension 8F1 = 6331.6 mm,200,WB-FL0049-FL0050,ARCHITECTURAL_BLOCKWORK,,NOT_ESTABLISHED (no opening height printed),,NOT_ESTABLISHED,,NOT_ESTABLISHED,"[-804393.5, -798062.0]",90,"[-128969.9, -801227.8]","[35742.9, 10688.7]","[33157.9, 11377.6]",MASONRY_JAMB,MASONRY_JAMB,[],"[""BL007:FULL:CB1""]",[],"[""GLAZING""]",[],[],10,[],"[""25C"", ""260"", ""262"", ""263"", ""264"", ""265"", ""266"", ""268"", ""269"", ""26A""]","[""FL0049"", ""FL0050""]",HIGH,"[""GF-W09""]",P7757.dxf ab54dd554c31 frame 7D
OPENING,OP-1F-001,1F,5.5,9.7,FFRS,WALL_GAP,4_5_GLAZED_WINDOW_OR_FULL_HEIGHT_UNRESOLVED,"glazing symbol only: window or full-height / glazed door not separable (no sill, head or opening schedule printed)",EXTERNAL,1F-SP003,INTERIOR,"[""BED ROOM""]",1F-SP001,EXTERIOR,"[""NEIGHBOUR"", ""ROOF"", ""SEA VIEW"", ""STREET"", ""VOID""]",2449.8,PRINTED plan dimension 1198 = 2449.8 mm,200,WB-FL0076-FL0077,ARCHITECTURAL_BLOCKWORK,,NOT_ESTABLISHED (no opening height printed),,NOT_ESTABLISHED,,NOT_ESTABLISHED,"[-799775.3, -797325.5]",90,"[-194392.5, -798550.4]","[15172.9, 13366.1]","[12587.9, 14055.0]",MASONRY_JAMB,MASONRY_JAMB,[],"[""BL005:FULL:-""]","[""SP-1F_ROOF_SLAB-10:OUTSIDE_BUILDING_OR_COURT""]","[""GLAZING""]",[],[],3,[],"[""C43"", ""C44"", ""C45""]","[""FL0076"", ""FL0077""]",HIGH,"[""1F-W12""]",P7757.dxf ab54dd554c31 frame 81
OPENING,OP-1F-002,1F,5.5,9.7,FFRS,WALL_GAP,4_5_GLAZED_WINDOW_OR_FULL_HEIGHT_UNRESOLVED,"glazing symbol only: window or full-height / glazed door not separable (no sill, head or opening schedule printed)",EXTERNAL,1F-SP001,EXTERIOR,"[""NEIGHBOUR"", ""ROOF"", ""SEA VIEW"", ""STREET"", ""VOID""]",1F-SP010,INTERIOR,"[""BATH""]",600,DRAWN_CAD_GEOMETRY (true-size model space; no printed dimension spans the jambs),200,WB-FL0001-FL0002,ARCHITECTURAL_BLOCKWORK,,NOT_ESTABLISHED (no opening height printed),,NOT_ESTABLISHED,,NOT_ESTABLISHED,"[-193567.5, -192967.5]",0,"[-193267.5, -803693.5]","[16297.9, 8222.9]","[13712.9, 8911.9]",MASONRY_JAMB,MASONRY_JAMB,[],"[""BL011:FULL:B4""]","[""SP-1F_ROOF_SLAB-10:OUTSIDE_BUILDING_OR_COURT""]","[""GLAZING""]",[],[],10,[],"[""CFB"", ""CFC"", ""CFE"", ""CFF"", ""D00"", ""D01"", ""D02"", ""D03"", ""D04"", ""D05""]","[""FL0001"", ""FL0002""]",HIGH,"[""1F-W01""]",P7757.dxf ab54dd554c31 frame 81
OPENING,OP-1F-003,1F,5.5,9.7,FFRS,WALL_GAP,1_INTERNAL_DOOR,door symbol between two interior spaces; material not established,INTERNAL,1F-SP010,INTERIOR,"[""BATH""]",1F-SP003,INTERIOR,"[""BED ROOM""]",800,DRAWN_CAD_GEOMETRY (true-size model space; no printed dimension spans the jambs),150,WB-FL0005-FL0006,ARCHITECTURAL_BLOCKWORK,,NOT_ESTABLISHED (no opening height printed),,NOT_ESTABLISHED,,NOT_ESTABLISHED,"[-193119.7, -192319.7]",0,"[-192719.7, -801068.5]","[16845.8, 10847.9]","[14260.7, 11536.9]",MASONRY_JAMB,MASONRY_JAMB,[],[],"[""SP-1F_ROOF_SLAB-10:OUTSIDE_BUILDING_OR_COURT"", ""SP-1F_ROOF_SLAB-19:DOME_ZONE""]","[""DOOR""]","[""D315:C2B""]",[],0,[],"[""C2B""]","[""FL0005"", ""FL0006""]",HIGH,"[""1F-D-I3115""]",P7757.dxf ab54dd554c31 frame 81
OPENING,OP-1F-004,1F,5.5,9.7,FFRS,WALL_GAP,4_5_GLAZED_WINDOW_OR_FULL_HEIGHT_UNRESOLVED,"glazing symbol only: window or full-height / glazed door not separable (no sill, head or opening schedule printed)",EXTERNAL,1F-SP001,EXTERIOR,"[""NEIGHBOUR"", ""ROOF"", ""SEA VIEW"", ""STREET"", ""VOID""]",1F-SP011,INTERIOR,"[""BATH""]",600,DRAWN_CAD_GEOMETRY (true-size model space; no printed dimension spans the jambs),200,WB-FL0001-FL0002,ARCHITECTURAL_BLOCKWORK,,NOT_ESTABLISHED (no opening height printed),,NOT_ESTABLISHED,,NOT_ESTABLISHED,"[-192092.5, -191492.5]",0,"[-191792.5, -803693.5]","[17772.9, 8222.9]","[15187.9, 8911.9]",CLOSURE_JAMB,MASONRY_JAMB,[],"[""BL011:FULL:B4""]","[""SP-1F_ROOF_SLAB-10:OUTSIDE_BUILDING_OR_COURT""]","[""GLAZING""]",[],[],10,[],"[""CEE"", ""CEF"", ""CF1"", ""CF2"", ""CF3"", ""CF4"", ""CF5"", ""CF6"", ""CF7"", ""CF8""]","[""FL0001"", ""FL0002""]",MEDIUM,[],P7757.dxf ab54dd554c31 frame 81
OPENING,OP-1F-005,1F,5.5,9.7,FFRS,WALL_GAP,4_5_GLAZED_WINDOW_OR_FULL_HEIGHT_UNRESOLVED,"glazing symbol only: window or full-height / glazed door not separable (no sill, head or opening schedule printed)",EXTERNAL,1F-SP002,INTERIOR,"[""LIVING AREA"", ""VOID""]",1F-SP001,EXTERIOR,"[""NEIGHBOUR"", ""ROOF"", ""SEA VIEW"", ""STREET"", ""VOID""]",1200,PRINTED plan dimension 1126 = 1200 mm,200,WB-FL0068-FL0070,ARCHITECTURAL_BLOCKWORK,,NOT_ESTABLISHED (no opening height printed),,NOT_ESTABLISHED,,NOT_ESTABLISHED,"[-794243.5, -793043.5]",90,"[-189992.5, -793643.5]","[19572.9, 18272.9]","[16987.9, 18961.9]",MASONRY_JAMB,MASONRY_JAMB,[],"[""BL019:FULL:B2""]","[""SP-1F_ROOF_SLAB-10:OUTSIDE_BUILDING_OR_COURT""]","[""GLAZING""]",[],[],3,[],"[""C5A"", ""C5B"", ""C5C""]","[""FL0068"", ""FL0070""]",HIGH,"[""1F-W11""]",P7757.dxf ab54dd554c31 frame 81
OPENING,OP-1F-006,1F,5.5,9.7,FFRS,WALL_GAP,1_INTERNAL_DOOR,door symbol between two interior spaces; material not established,INTERNAL,1F-SP004,INTERIOR,"[""BED ROOM""]",1F-SP011,INTERIOR,"[""BATH""]",800,DRAWN_CAD_GEOMETRY (true-size model space; no printed dimension spans the jambs),150,WB-FL0068-FL0069,ARCHITECTURAL_BLOCKWORK,,NOT_ESTABLISHED (no opening height printed),,NOT_ESTABLISHED,,NOT_ESTABLISHED,"[-803513.7, -802713.7]",90,"[-189967.5, -803113.7]","[19597.9, 8802.8]","[17012.9, 9491.7]",MASONRY_JAMB,MASONRY_JAMB,[],"[""BL004:FULL:CB13""]","[""SP-1F_ROOF_SLAB-10:OUTSIDE_BUILDING_OR_COURT""]","[""DOOR""]","[""D315:C2E""]",[],0,[],"[""C2E""]","[""FL0068"", ""FL0069""]",HIGH,"[""1F-D-I3118""]",P7757.dxf ab54dd554c31 frame 81
OPENING,OP-1F-007,1F,5.5,9.7,FFRS,WALL_GAP,1_INTERNAL_DOOR,door symbol between two interior spaces; material not established,INTERNAL,1F-SP002,INTERIOR,"[""LIVING AREA"", ""VOID""]",1F-SP003,INTERIOR,"[""BED ROOM""]",1000,DRAWN_CAD_GEOMETRY (true-size model space; no printed dimension spans the jambs),150,WB-FL0068-FL0069,ARCHITECTURAL_BLOCKWORK,,NOT_ESTABLISHED (no opening height printed),,NOT_ESTABLISHED,,NOT_ESTABLISHED,"[-797618.7, -796618.7]",90,"[-189967.5, -797118.7]","[19597.9, 14797.8]","[17012.9, 15486.7]",MASONRY_JAMB,MASONRY_JAMB,[],"[""BL004:PARTIAL:CB13"", ""BL009:PARTIAL:B23""]","[""SP-1F_ROOF_SLAB-10:OUTSIDE_BUILDING_OR_COURT""]","[""DOOR""]","[""D115:C31""]",[],0,[],"[""C31""]","[""FL0068"", ""FL0069""]",HIGH,"[""1F-D-I3121""]",P7757.dxf ab54dd554c31 frame 81
OPENING,OP-1F-008,1F,5.5,9.7,FFRS,WALL_GAP,1_INTERNAL_DOOR,door symbol between two interior spaces; material not established,INTERNAL,1F-SP004,INTERIOR,"[""BED ROOM""]",1F-SP002,INTERIOR,"[""LIVING AREA"", ""VOID""]",1000,DRAWN_CAD_GEOMETRY (true-size model space; no printed dimension spans the jambs),150,WB-FL0010-FL0011,ARCHITECTURAL_BLOCKWORK,,NOT_ESTABLISHED (no opening height printed),,NOT_ESTABLISHED,,NOT_ESTABLISHED,"[-189804.0, -188804.0]",0,"[-189304.0, -798518.5]","[20261.5, 13397.9]","[17676.4, 14086.9]",MASONRY_JAMB,MASONRY_JAMB,[],"[""BL025:PARTIAL:B4""]","[""SP-1F_ROOF_SLAB-10:OUTSIDE_BUILDING_OR_COURT""]","[""DOOR""]","[""D115:C32""]",[],0,[],"[""C32""]","[""FL0010"", ""FL0011""]",HIGH,"[""1F-D-I3122""]",P7757.dxf ab54dd554c31 frame 81
OPENING,OP-1F-009,1F,5.5,9.7,FFRS,WALL_GAP,4_5_GLAZED_WINDOW_OR_FULL_HEIGHT_UNRESOLVED,"glazing symbol only: window or full-height / glazed door not separable (no sill, head or opening schedule printed)",EXTERNAL,1F-SP001,EXTERIOR,"[""NEIGHBOUR"", ""ROOF"", ""SEA VIEW"", ""STREET"", ""VOID""]",1F-SP004,INTERIOR,"[""BED ROOM""]",1552.3,DRAWN_CAD_GEOMETRY (true-size model space; no printed dimension spans the jambs),200,WB-FL0001-FL0002,ARCHITECTURAL_BLOCKWORK,,NOT_ESTABLISHED (no opening height printed),,NOT_ESTABLISHED,,NOT_ESTABLISHED,"[-188843.7, -187291.4]",0,"[-188067.5, -803693.5]","[21497.9, 8222.9]","[18912.9, 8911.9]",MASONRY_JAMB,MASONRY_JAMB,[],"[""BL024:FULL:CB11""]","[""SP-1F_ROOF_SLAB-10:OUTSIDE_BUILDING_OR_COURT""]","[""GLAZING""]",[],[],10,[],"[""D08"", ""D09"", ""D0B"", ""D0C"", ""D0D"", ""D0E"", ""D0F"", ""D11"", ""D12"", ""D13""]","[""FL0001"", ""FL0002""]",HIGH,"[""1F-W02""]",P7757.dxf ab54dd554c31 frame 81
OPENING,OP-1F-010,1F,5.5,9.7,FFRS,WALL_GAP,4_5_GLAZED_WINDOW_OR_FULL_HEIGHT_UNRESOLVED,"glazing symbol only: window or full-height / glazed door not separable (no sill, head or opening schedule printed)",EXTERNAL,1F-SP002,INTERIOR,"[""LIVING AREA"", ""VOID""]",1F-SP001,EXTERIOR,"[""NEIGHBOUR"", ""ROOF"", ""SEA VIEW"", ""STREET"", ""VOID""]",1000,DRAWN_CAD_GEOMETRY (true-size model space; no printed dimension spans the jambs),200,WB-FL0029-FL0030,ARCHITECTURAL_BLOCKWORK,,NOT_ESTABLISHED (no opening height printed),,NOT_ESTABLISHED,,NOT_ESTABLISHED,"[-188492.5, -187492.5]",0,"[-187992.5, -791893.5]","[21572.9, 20022.9]","[18987.9, 20711.9]",MASONRY_JAMB,MASONRY_JAMB,[],"[""BL023:FULL:B3""]","[""SP-1F_ROOF_SLAB-10:OUTSIDE_BUILDING_OR_COURT""]","[""GLAZING""]",[],[],10,[],"[""CDF"", ""CE0"", ""CE2"", ""CE3"", ""CE4"", ""CE5"", ""CE6"", ""CE7"", ""CE8"", ""CE9""]","[""FL0029"", ""FL0030""]",HIGH,"[""1F-W05""]",P7757.dxf ab54dd554c31 frame 81
OPENING,OP-1F-011,1F,5.5,9.7,FFRS,WALL_GAP,4_5_GLAZED_WINDOW_OR_FULL_HEIGHT_UNRESOLVED,"glazing symbol only: window or full-height / glazed door not separable (no sill, head or opening schedule printed)",EXTERNAL,1F-SP009,INTERIOR,"[""LAUNDRY""]",1F-SP001,EXTERIOR,"[""NEIGHBOUR"", ""ROOF"", ""SEA VIEW"", ""STREET"", ""VOID""]",600,DRAWN_CAD_GEOMETRY (true-size model space; no printed dimension spans the jambs),200,WB-FL0029-FL0030,ARCHITECTURAL_BLOCKWORK,,NOT_ESTABLISHED (no opening height printed),,NOT_ESTABLISHED,,NOT_ESTABLISHED,"[-186817.5, -186217.5]",0,"[-186517.5, -791893.5]","[23047.9, 20022.9]","[20462.9, 20711.9]",MASONRY_JAMB,MASONRY_JAMB,[],"[""BL023:FULL:CB9""]","[""SP-1F_ROOF_SLAB-10:OUTSIDE_BUILDING_OR_COURT""]","[""GLAZING""]",[],[],10,[],"[""CB8"", ""CB9"", ""CBB"", ""CBC"", ""CBD"", ""CBE"", ""CBF"", ""CC0"", ""CC1"", ""CC2""]","[""FL0029"", ""FL0030""]",HIGH,"[""1F-W06""]",P7757.dxf ab54dd554c31 frame 81
OPENING,OP-1F-012,1F,5.5,9.7,FFRS,WALL_GAP,6_SERVICE_SHAFT_OPENING,"opening into the lift shaft (inside the S1 lift footing outline, the same position on every floor)",INTERNAL,1F-SP002,INTERIOR,"[""LIVING AREA"", ""VOID""]",1F-SP015,INTERIOR,[],1000,DRAWN_CAD_GEOMETRY (true-size model space; no printed dimension spans the jambs),200,WB-FL0015-FL0017,ARCHITECTURAL_BLOCKWORK,,NOT_ESTABLISHED (no opening height printed),,NOT_ESTABLISHED,,NOT_ESTABLISHED,"[-186792.5, -185792.5]",0,"[-186292.5, -797093.5]","[23272.9, 14822.9]","[20687.9, 15511.9]",MASONRY_JAMB,MASONRY_JAMB,[],"[""BL027:FULL:B7""]","[""SP-1F_ROOF_SLAB-10:OUTSIDE_BUILDING_OR_COURT""]",[],[],[],0,[],[],"[""FL0015"", ""FL0017""]",LOW,"[""1F-W03""]",P7757.dxf ab54dd554c31 frame 81
OPENING,OP-1F-013,1F,5.5,9.7,FFRS,WALL_GAP,1_INTERNAL_DOOR,door symbol between two interior spaces; material not established,INTERNAL,1F-SP002,INTERIOR,"[""LIVING AREA"", ""VOID""]",1F-SP009,INTERIOR,"[""LAUNDRY""]",900,DRAWN_CAD_GEOMETRY (true-size model space; no printed dimension spans the jambs),200,WB-FL0015-FL0017,ARCHITECTURAL_BLOCKWORK,,NOT_ESTABLISHED (no opening height printed),,NOT_ESTABLISHED,,NOT_ESTABLISHED,"[-184857.5, -183957.5]",0,"[-184407.5, -797093.5]","[25157.9, 14822.9]","[22572.9, 15511.9]",MASONRY_JAMB,MASONRY_JAMB,[],"[""BL029:PARTIAL:B19""]","[""SP-1F_ROOF_SLAB-10:OUTSIDE_BUILDING_OR_COURT""]","[""DOOR""]","[""d220:C1A""]",[],0,[],"[""C1A""]","[""FL0015"", ""FL0017""]",HIGH,"[""1F-D-I3098""]",P7757.dxf ab54dd554c31 frame 81
OPENING,OP-1F-014,1F,5.5,9.7,FFRS,WALL_GAP,1_INTERNAL_DOOR,door symbol between two interior spaces; material not established,INTERNAL,1F-SP009,INTERIOR,"[""LAUNDRY""]",1F-SP017,INTERIOR,"[""W.C""]",800,DRAWN_CAD_GEOMETRY (true-size model space; no printed dimension spans the jambs),150,WB-FL0026-FL0027,ARCHITECTURAL_BLOCKWORK,,NOT_ESTABLISHED (no opening height printed),,NOT_ESTABLISHED,,NOT_ESTABLISHED,"[-184595.8, -183795.8]",0,"[-184195.8, -793868.5]","[25369.7, 18047.9]","[22784.6, 18736.9]",MASONRY_JAMB,MASONRY_JAMB,[],[],"[""SP-1F_ROOF_SLAB-04:SLAB_PANEL"", ""SP-1F_ROOF_SLAB-10:OUTSIDE_BUILDING_OR_COURT""]","[""DOOR""]","[""D315:11B4""]",[],0,[],"[""11B4""]","[""FL0026"", ""FL0027""]",HIGH,"[""1F-D-I4532""]",P7757.dxf ab54dd554c31 frame 81
OPENING,OP-1F-015,1F,5.5,9.7,FFRS,WALL_GAP,4_5_GLAZED_WINDOW_OR_FULL_HEIGHT_UNRESOLVED,"glazing symbol only: window or full-height / glazed door not separable (no sill, head or opening schedule printed)",EXTERNAL,1F-SP017,INTERIOR,"[""W.C""]",1F-SP001,EXTERIOR,"[""NEIGHBOUR"", ""ROOF"", ""SEA VIEW"", ""STREET"", ""VOID""]",600,DRAWN_CAD_GEOMETRY (true-size model space; no printed dimension spans the jambs),200,WB-FL0029-FL0030,ARCHITECTURAL_BLOCKWORK,,NOT_ESTABLISHED (no opening height printed),,NOT_ESTABLISHED,,NOT_ESTABLISHED,"[-184322.5, -183722.5]",0,"[-184022.5, -791893.5]","[25542.9, 20022.9]","[22957.9, 20711.9]",MASONRY_JAMB,COLUMN_JAMB,"[""end:2FE7->673:COL-C5-X11-Y10-1F""]","[""BL023:FULL:CB9""]","[""SP-1F_ROOF_SLAB-10:OUTSIDE_BUILDING_OR_COURT""]","[""GLAZING""]",[],[],10,[],"[""CC5"", ""CC6"", ""CC8"", ""CC9"", ""CCA"", ""CCB"", ""CCC"", ""CCD"", ""CCE"", ""CCF""]","[""FL0029"", ""FL0030""]",MEDIUM,[],P7757.dxf ab54dd554c31 frame 81
OPENING,OP-1F-016,1F,5.5,9.7,FFRS,WALL_GAP,4_5_GLAZED_WINDOW_OR_FULL_HEIGHT_UNRESOLVED,"glazing symbol only: window or full-height / glazed door not separable (no sill, head or opening schedule printed)",EXTERNAL,1F-SP014,INTERIOR,"[""BATH""]",1F-SP001,EXTERIOR,"[""NEIGHBOUR"", ""ROOF"", ""SEA VIEW"", ""STREET"", ""VOID""]",600,DRAWN_CAD_GEOMETRY (true-size model space; no printed dimension spans the jambs),200,WB-FL0029-FL0030,ARCHITECTURAL_BLOCKWORK,,NOT_ESTABLISHED (no opening height printed),,NOT_ESTABLISHED,,NOT_ESTABLISHED,"[-182722.5, -182122.5]",0,"[-182422.5, -791893.5]","[27142.9, 20022.9]","[24557.9, 20711.9]",MASONRY_JAMB,MASONRY_JAMB,[],"[""BL023:FULL:CB9""]","[""SP-1F_ROOF_SLAB-10:OUTSIDE_BUILDING_OR_COURT""]","[""GLAZING""]",[],[],10,[],"[""CD2"", ""CD3"", ""CD5"", ""CD6"", ""CD7"", ""CD8"", ""CD9"", ""CDA"", ""CDB"", ""CDC""]","[""FL0029"", ""FL0030""]",HIGH,"[""1F-W07""]",P7757.dxf ab54dd554c31 frame 81
OPENING,OP-1F-017,1F,5.5,9.7,FFRS,WALL_GAP,1_INTERNAL_DOOR,door symbol between two interior spaces; material not established,INTERNAL,1F-SP016,INTERIOR,[],1F-SP014,INTERIOR,"[""BATH""]",800,DRAWN_CAD_GEOMETRY (true-size model space; no printed dimension spans the jambs),150,WB-FL0043-FL0044,ARCHITECTURAL_BLOCKWORK,,NOT_ESTABLISHED (no opening height printed),,NOT_ESTABLISHED,,NOT_ESTABLISHED,"[-793684.3, -792884.3]",90,"[-181497.5, -793284.3]","[28067.9, 18632.2]","[25482.9, 19321.1]",MASONRY_JAMB,MASONRY_JAMB,[],[],"[""SP-1F_ROOF_SLAB-03:SLAB_PANEL"", ""SP-1F_ROOF_SLAB-10:OUTSIDE_BUILDING_OR_COURT""]","[""DOOR""]","[""D315:BEE""]",[],0,[],"[""BEE""]","[""FL0043"", ""FL0044""]",HIGH,"[""1F-D-I3054""]",P7757.dxf ab54dd554c31 frame 81
OPENING,OP-1F-018,1F,5.5,9.7,FFRS,WALL_GAP,7_OPEN_ARCHWAY_OR_PASSAGE,arch symbol,INTERNAL,1F-SP005,INTERIOR,"[""BED ROOM""]",1F-SP016,INTERIOR,[],1000,DRAWN_CAD_GEOMETRY (true-size model space; no printed dimension spans the jambs),150,WB-FL0026-FL0027,ARCHITECTURAL_BLOCKWORK,,NOT_ESTABLISHED (no opening height printed),,NOT_ESTABLISHED,,NOT_ESTABLISHED,"[-181272.5, -180272.5]",0,"[-180772.5, -793868.5]","[28792.9, 18047.9]","[26207.9, 18736.9]",MASONRY_JAMB,MASONRY_JAMB,[],[],"[""SP-1F_ROOF_SLAB-03:SLAB_PANEL"", ""SP-1F_ROOF_SLAB-10:OUTSIDE_BUILDING_OR_COURT""]","[""ARCH""]",[],[],0,"[""BEC""]","[""BEC""]","[""FL0026"", ""FL0027""]",HIGH,"[""1F-W04""]",P7757.dxf ab54dd554c31 frame 81
OPENING,OP-1F-019,1F,5.5,9.7,FFRS,WALL_GAP,1_INTERNAL_DOOR,door symbol between two interior spaces; material not established,INTERNAL,1F-SP002,INTERIOR,"[""LIVING AREA"", ""VOID""]",1F-SP005,INTERIOR,"[""BED ROOM""]",900,DRAWN_CAD_GEOMETRY (true-size model space; no printed dimension spans the jambs),150,WB-FL0012-FL0013,ARCHITECTURAL_BLOCKWORK,,NOT_ESTABLISHED (no opening height printed),,NOT_ESTABLISHED,,NOT_ESTABLISHED,"[-180729.7, -179829.7]",0,"[-180279.7, -798318.5]","[29285.7, 13597.9]","[26700.7, 14286.9]",MASONRY_JAMB,MASONRY_JAMB,[],"[""BL006:PARTIAL:B25""]","[""SP-1F_ROOF_SLAB-10:OUTSIDE_BUILDING_OR_COURT""]","[""DOOR""]","[""D215:C18""]",[],0,[],"[""C18""]","[""FL0012"", ""FL0013""]",HIGH,"[""1F-D-I3096""]",P7757.dxf ab54dd554c31 frame 81
OPENING,OP-1F-020,1F,5.5,9.7,FFRS,WALL_GAP,1_INTERNAL_DOOR,door symbol between two interior spaces; material not established,INTERNAL,1F-SP002,INTERIOR,"[""LIVING AREA"", ""VOID""]",1F-SP013,INTERIOR,[],900,DRAWN_CAD_GEOMETRY (true-size model space; no printed dimension spans the jambs),150,WB-FL0012-FL0013,ARCHITECTURAL_BLOCKWORK,,NOT_ESTABLISHED (no opening height printed),,NOT_ESTABLISHED,,NOT_ESTABLISHED,"[-178985.2, -178085.2]",0,"[-178535.2, -798318.5]","[31030.3, 13597.9]","[28445.2, 14286.9]",MASONRY_JAMB,MASONRY_JAMB,[],[],"[""SP-1F_ROOF_SLAB-10:OUTSIDE_BUILDING_OR_COURT"", ""SP-1F_ROOF_SLAB-16:DOME_ZONE""]","[""DOOR""]","[""D215:BEF""]",[],0,[],"[""BEF""]","[""FL0012"", ""FL0013""]",HIGH,"[""1F-D-I3055""]",P7757.dxf ab54dd554c31 frame 81
OPENING,OP-1F-021,1F,5.5,9.7,FFRS,WALL_GAP,7_OPEN_ARCHWAY_OR_PASSAGE,open passage with lines drawn over both faces,INTERNAL,1F-SP013,INTERIOR,[],1F-SP007,INTERIOR,"[""BED ROOM""]",1300,DRAWN_CAD_GEOMETRY (true-size model space; no printed dimension spans the jambs),150,WB-FL0021-FL0022,ARCHITECTURAL_BLOCKWORK,,NOT_ESTABLISHED (no opening height printed),,NOT_ESTABLISHED,,NOT_ESTABLISHED,"[-179122.5, -177822.5]",0,"[-178472.5, -796068.5]","[31092.9, 15847.9]","[28507.9, 16536.9]",MASONRY_JAMB,CLOSURE_JAMB,[],[],"[""SP-1F_ROOF_SLAB-05:SLAB_PANEL"", ""SP-1F_ROOF_SLAB-10:OUTSIDE_BUILDING_OR_COURT""]","[""OVERHEAD_LINES""]",[],[],0,[],[],"[""FL0021"", ""FL0022""]",MEDIUM,[],P7757.dxf ab54dd554c31 frame 81
OPENING,OP-1F-022,1F,5.5,9.7,FFRS,WALL_GAP,1_INTERNAL_DOOR,door symbol between two interior spaces; material not established,INTERNAL,1F-SP012,INTERIOR,"[""BATH""]",1F-SP013,INTERIOR,[],800,DRAWN_CAD_GEOMETRY (true-size model space; no printed dimension spans the jambs),150,WB-FL0038-FL0039,ARCHITECTURAL_BLOCKWORK,,NOT_ESTABLISHED (no opening height printed),,NOT_ESTABLISHED,,NOT_ESTABLISHED,"[-797052.8, -796252.8]",90,"[-177747.5, -796652.8]","[31817.9, 15263.7]","[29232.9, 15952.6]",MASONRY_JAMB,MASONRY_JAMB,[],"[""BL032:PARTIAL:B4""]","[""SP-1F_ROOF_SLAB-07:SLAB_PANEL"", ""SP-1F_ROOF_SLAB-10:OUTSIDE_BUILDING_OR_COURT""]","[""DOOR""]","[""D315:C12""]",[],0,[],"[""C12""]","[""FL0038"", ""FL0039""]",HIGH,"[""1F-D-I3090""]",P7757.dxf ab54dd554c31 frame 81
OPENING,OP-1F-023,1F,5.5,9.7,FFRS,ARC_GAP,4_5_GLAZED_WINDOW_OR_FULL_HEIGHT_UNRESOLVED,"glazing symbol only: window or full-height / glazed door not separable (no sill, head or opening schedule printed)",EXTERNAL,1F-SP001,EXTERIOR,"[""NEIGHBOUR"", ""ROOF"", ""SEA VIEW"", ""STREET"", ""VOID""]",1F-SP007,INTERIOR,"[""BED ROOM""]",3130.5,DRAWN_CAD_GEOMETRY (true-size model space; no printed dimension spans the jambs),200,WA--174038--794494-1935-2135,ARCHITECTURAL_BLOCKWORK,,NOT_ESTABLISHED (no opening height printed),,NOT_ESTABLISHED,,NOT_ESTABLISHED,"[135.19, 223.329]",,"[-176072.3, -794467.2]","[33493.1, 17449.2]","[30908.1, 18138.2]",MASONRY_JAMB,MASONRY_JAMB,[],[],"[""SP-1F_ROOF_SLAB-05:SLAB_PANEL"", ""SP-1F_ROOF_SLAB-10:OUTSIDE_BUILDING_OR_COURT""]","[""GLAZING""]",[],[],6,[],"[""BD2"", ""BD3"", ""BD4"", ""BD5"", ""BD8"", ""BDA""]",[],HIGH,[],P7757.dxf ab54dd554c31 frame 81
OPENING,OP-1F-024,1F,5.5,9.7,FFRS,WALL_GAP,5_FULL_HEIGHT_GLAZED_OPENING,glazing; elevation 84 prints its sill at the floor level (glazed door / full-height),EXTERNAL,1F-SP001,EXTERIOR,"[""NEIGHBOUR"", ""ROOF"", ""SEA VIEW"", ""STREET"", ""VOID""]",1F-SP002,INTERIOR,"[""LIVING AREA"", ""VOID""]",1552.3,PRINTED plan dimension 1233 = 1552.3 mm,200,WB-FL0036-FL0037,ARCHITECTURAL_BLOCKWORK,,NOT_ESTABLISHED (no opening height printed),0,PRINTED (elevation),,DRAWN_ONLY (elevation; not printed),"[-802798.7, -801246.3]",90,"[-175322.5, -802022.5]","[34242.9, 9894.0]","[31657.9, 10582.9]",MASONRY_JAMB,MASONRY_JAMB,[],"[""BL002:FULL:-"", ""BL003:FULL:CB12""]","[""SP-1F_ROOF_SLAB-10:OUTSIDE_BUILDING_OR_COURT""]","[""GLAZING""]",[],[],10,[],"[""BC0"", ""BC1"", ""BC3"", ""BC4"", ""BC5"", ""BC6"", ""BC7"", ""BC9"", ""BCA"", ""BCB""]","[""FL0036"", ""FL0037""]",HIGH,"[""1F-W08""]",P7757.dxf ab54dd554c31 frame 81
OPENING,OP-1F-025,1F,5.5,9.7,FFRS,WALL_GAP,5_FULL_HEIGHT_GLAZED_OPENING,glazing; elevation 84 prints its sill at the floor level (glazed door / full-height),EXTERNAL,1F-SP001,EXTERIOR,"[""NEIGHBOUR"", ""ROOF"", ""SEA VIEW"", ""STREET"", ""VOID""]",1F-SP002,INTERIOR,"[""LIVING AREA"", ""VOID""]",1552.3,PRINTED plan dimension 11C3 = 1552.3 mm,200,WB-FL0036-FL0037,ARCHITECTURAL_BLOCKWORK,,NOT_ESTABLISHED (no opening height printed),0,PRINTED (elevation),,DRAWN_ONLY (elevation; not printed),"[-800753.1, -799200.7]",90,"[-175322.5, -799976.9]","[34242.9, 11939.6]","[31657.9, 12628.5]",MASONRY_JAMB,MASONRY_JAMB,[],"[""BL002:FULL:-"", ""BL003:FULL:CB12""]","[""SP-1F_ROOF_SLAB-10:OUTSIDE_BUILDING_OR_COURT""]","[""GLAZING""]",[],[],10,[],"[""C90"", ""C91"", ""C93"", ""C94"", ""C95"", ""C96"", ""C97"", ""C99"", ""C9A"", ""C9B""]","[""FL0036"", ""FL0037""]",HIGH,"[""1F-W09""]",P7757.dxf ab54dd554c31 frame 81
OPENING,OP-1F-026,1F,5.5,9.7,FFRS,WALL_GAP,4_5_GLAZED_WINDOW_OR_FULL_HEIGHT_UNRESOLVED,"glazing symbol only: window or full-height / glazed door not separable (no sill, head or opening schedule printed)",EXTERNAL,1F-SP001,EXTERIOR,"[""NEIGHBOUR"", ""ROOF"", ""SEA VIEW"", ""STREET"", ""VOID""]",1F-SP012,INTERIOR,"[""BATH""]",500,PRINTED plan dimension 11ED = 500 mm,200,WB-FL0036-FL0037,ARCHITECTURAL_BLOCKWORK,,NOT_ESTABLISHED (no opening height printed),,NOT_ESTABLISHED,,DRAWN_ONLY (elevation; not printed),"[-797101.2, -796601.2]",90,"[-175322.5, -796851.2]","[34242.9, 15065.2]","[31657.9, 15754.2]",COLUMN_JAMB,MASONRY_JAMB,"[""start:2FD8->664:COL-C8-X15-Y06-1F""]","[""BL003:FULL:CB12""]","[""SP-1F_ROOF_SLAB-10:OUTSIDE_BUILDING_OR_COURT""]","[""GLAZING""]",[],[],10,[],"[""C33"", ""C34"", ""C36"", ""C37"", ""C38"", ""C39"", ""C3A"", ""C3C"", ""C3D"", ""C3E""]","[""FL0036"", ""FL0037""]",MEDIUM,"[""1F-W10""]",P7757.dxf ab54dd554c31 frame 81
OPENING,OP-2F-001,2F,9.7,13.9,SFRS,WALL_GAP,4_5_GLAZED_WINDOW_OR_FULL_HEIGHT_UNRESOLVED,"glazing symbol only: window or full-height / glazed door not separable (no sill, head or opening schedule printed)",EXTERNAL,2F-SP003,INTERIOR,[],2F-SP001,EXTERIOR,"[""NEIGHBOUR"", ""ROOF"", ""SEA VIEW"", ""STREET""]",1200,PRINTED plan dimension 149D = 1200 mm,200,WB-FL0031-FL0032,ARCHITECTURAL_BLOCKWORK,,NOT_ESTABLISHED (no opening height printed),,NOT_ESTABLISHED,,NOT_ESTABLISHED,"[-794243.5, -793043.5]",90,"[-234845.2, -793643.5]","[19572.9, 18272.9]","[16987.9, 18961.9]",MASONRY_JAMB,MASONRY_JAMB,[],"[""BL004:FULL:B15""]","[""SP-2F_ROOF_SLAB-05:OUTSIDE_BUILDING_OR_COURT""]","[""GLAZING""]",[],[],3,[],"[""12CF"", ""12D0"", ""12D1""]","[""FL0031"", ""FL0032""]",HIGH,"[""2F-W05""]",P7757.dxf ab54dd554c31 frame 82
OPENING,OP-2F-002,2F,9.7,13.9,SFRS,WALL_GAP,3_EXTERNAL_DOOR,door symbol in the envelope; material not established,EXTERNAL,2F-SP001,EXTERIOR,"[""NEIGHBOUR"", ""ROOF"", ""SEA VIEW"", ""STREET""]",2F-SP003,INTERIOR,[],1000,DRAWN_CAD_GEOMETRY (true-size model space; no printed dimension spans the jambs),150,WB-FL0001-FL0002,ARCHITECTURAL_BLOCKWORK,,NOT_ESTABLISHED (no opening height printed),,NOT_ESTABLISHED,,NOT_ESTABLISHED,"[-234329.4, -233329.4]",0,"[-233829.4, -798518.5]","[20588.8, 13397.9]","[18003.7, 14086.9]",MASONRY_JAMB,MASONRY_JAMB,[],"[""BL006:FULL:B2""]","[""SP-2F_ROOF_SLAB-05:OUTSIDE_BUILDING_OR_COURT""]","[""DOOR""]","[""D115:12BA""]",[],0,[],"[""12BA""]","[""FL0001"", ""FL0002""]",HIGH,"[""2F-D-I4794""]",P7757.dxf ab54dd554c31 frame 82
OPENING,OP-2F-003,2F,9.7,13.9,SFRS,WALL_GAP,4_5_GLAZED_WINDOW_OR_FULL_HEIGHT_UNRESOLVED,"glazing symbol only: window or full-height / glazed door not separable (no sill, head or opening schedule printed)",EXTERNAL,2F-SP003,INTERIOR,[],2F-SP001,EXTERIOR,"[""NEIGHBOUR"", ""ROOF"", ""SEA VIEW"", ""STREET""]",1000,DRAWN_CAD_GEOMETRY (true-size model space; no printed dimension spans the jambs),200,WB-FL0009-FL0010,ARCHITECTURAL_BLOCKWORK,,NOT_ESTABLISHED (no opening height printed),,NOT_ESTABLISHED,,NOT_ESTABLISHED,"[-233345.2, -232345.2]",0,"[-232845.2, -791893.5]","[21572.9, 20022.9]","[18987.9, 20711.9]",MASONRY_JAMB,MASONRY_JAMB,[],"[""BL007:FULL:B3""]","[""SP-2F_ROOF_SLAB-05:OUTSIDE_BUILDING_OR_COURT""]","[""GLAZING""]",[],[],10,[],"[""133F"", ""1340"", ""1342"", ""1343"", ""1344"", ""1345"", ""1346"", ""1347"", ""1348"", ""1349""]","[""FL0009"", ""FL0010""]",HIGH,"[""2F-W02""]",P7757.dxf ab54dd554c31 frame 82
OPENING,OP-2F-004,2F,9.7,13.9,SFRS,WALL_GAP,4_5_GLAZED_WINDOW_OR_FULL_HEIGHT_UNRESOLVED,"glazing symbol only: window or full-height / glazed door not separable (no sill, head or opening schedule printed)",EXTERNAL,2F-SP006,INTERIOR,"[""W.C""]",2F-SP001,EXTERIOR,"[""NEIGHBOUR"", ""ROOF"", ""SEA VIEW"", ""STREET""]",600,DRAWN_CAD_GEOMETRY (true-size model space; no printed dimension spans the jambs),200,WB-FL0009-FL0010,ARCHITECTURAL_BLOCKWORK,,NOT_ESTABLISHED (no opening height printed),,NOT_ESTABLISHED,,NOT_ESTABLISHED,"[-231670.2, -231070.2]",0,"[-231370.2, -791893.5]","[23047.9, 20022.9]","[20462.9, 20711.9]",MASONRY_JAMB,MASONRY_JAMB,[],"[""BL007:FULL:B8""]","[""SP-2F_ROOF_SLAB-05:OUTSIDE_BUILDING_OR_COURT""]","[""GLAZING""]",[],[],10,[],"[""1331"", ""1332"", ""1334"", ""1335"", ""1336"", ""1337"", ""1338"", ""1339"", ""133A"", ""133B""]","[""FL0009"", ""FL0010""]",HIGH,"[""2F-W03""]",P7757.dxf ab54dd554c31 frame 82
OPENING,OP-2F-005,2F,9.7,13.9,SFRS,WALL_GAP,6_SERVICE_SHAFT_OPENING,"opening into the lift shaft (inside the S1 lift footing outline, the same position on every floor)",INTERNAL,2F-SP003,INTERIOR,[],2F-SP007,INTERIOR,[],1000,DRAWN_CAD_GEOMETRY (true-size model space; no printed dimension spans the jambs),200,WB-FL0003-FL0004,ARCHITECTURAL_BLOCKWORK,,NOT_ESTABLISHED (no opening height printed),,NOT_ESTABLISHED,,NOT_ESTABLISHED,"[-231645.2, -230645.2]",0,"[-231145.2, -797093.5]","[23272.9, 14822.9]","[20687.9, 15511.9]",MASONRY_JAMB,MASONRY_JAMB,[],"[""BL010:FULL:B2""]","[""SP-2F_ROOF_SLAB-05:OUTSIDE_BUILDING_OR_COURT""]",[],[],[],0,[],[],"[""FL0003"", ""FL0004""]",LOW,"[""2F-W01""]",P7757.dxf ab54dd554c31 frame 82
OPENING,OP-2F-006,2F,9.7,13.9,SFRS,WALL_GAP,1_INTERNAL_DOOR,door symbol between two interior spaces; material not established,INTERNAL,2F-SP002,INTERIOR,"[""MAID R.""]",2F-SP003,INTERIOR,[],900,DRAWN_CAD_GEOMETRY (true-size model space; no printed dimension spans the jambs),200,WB-FL0020-FL0022,ARCHITECTURAL_BLOCKWORK,,NOT_ESTABLISHED (no opening height printed),,NOT_ESTABLISHED,,NOT_ESTABLISHED,"[-798341.9, -797441.9]",90,"[-230145.2, -797891.9]","[24272.9, 14024.5]","[21687.9, 14713.5]",MASONRY_JAMB,MASONRY_JAMB,[],"[""BL002:FULL:-""]","[""SP-2F_ROOF_SLAB-05:OUTSIDE_BUILDING_OR_COURT""]","[""DOOR""]","[""d220:12C2""]",[],0,[],"[""12C2""]","[""FL0020"", ""FL0022""]",HIGH,"[""2F-D-I4802""]",P7757.dxf ab54dd554c31 frame 82
OPENING,OP-2F-007,2F,9.7,13.9,SFRS,WALL_GAP,1_INTERNAL_DOOR,door symbol between two interior spaces; material not established,INTERNAL,2F-SP002,INTERIOR,"[""MAID R.""]",2F-SP006,INTERIOR,"[""W.C""]",800,DRAWN_CAD_GEOMETRY (true-size model space; no printed dimension spans the jambs),150,WB-FL0020-FL0021,ARCHITECTURAL_BLOCKWORK,,NOT_ESTABLISHED (no opening height printed),,NOT_ESTABLISHED,,NOT_ESTABLISHED,"[-794744.2, -793944.2]",90,"[-230120.2, -794344.2]","[24297.9, 17572.2]","[21712.9, 18261.2]",MASONRY_JAMB,MASONRY_JAMB,[],"[""BL002:FULL:B3""]","[""SP-2F_ROOF_SLAB-05:OUTSIDE_BUILDING_OR_COURT""]","[""DOOR""]","[""D315:12BB""]",[],0,[],"[""12BB""]","[""FL0020"", ""FL0021""]",HIGH,"[""2F-D-I4795""]",P7757.dxf ab54dd554c31 frame 82
OPENING,OP-2F-008,2F,9.7,13.9,SFRS,WALL_GAP,4_5_GLAZED_WINDOW_OR_FULL_HEIGHT_UNRESOLVED,"glazing symbol only: window or full-height / glazed door not separable (no sill, head or opening schedule printed)",EXTERNAL,2F-SP002,INTERIOR,"[""MAID R.""]",2F-SP001,EXTERIOR,"[""NEIGHBOUR"", ""ROOF"", ""SEA VIEW"", ""STREET""]",1200,DRAWN_CAD_GEOMETRY (true-size model space; no printed dimension spans the jambs),200,WB-FL0009-FL0010,ARCHITECTURAL_BLOCKWORK,,NOT_ESTABLISHED (no opening height printed),,NOT_ESTABLISHED,,NOT_ESTABLISHED,"[-229775.2, -228575.2]",0,"[-229175.2, -791893.5]","[25242.9, 20022.9]","[22657.9, 20711.9]",MASONRY_JAMB,COLUMN_JAMB,"[""end:2F69->415:COL-C5-X11-Y10-2F""]","[""BL007:FULL:B8""]","[""SP-2F_ROOF_SLAB-05:OUTSIDE_BUILDING_OR_COURT""]","[""GLAZING""]",[],[],10,[],"[""1324"", ""1325"", ""1327"", ""1328"", ""1329"", ""132A"", ""132B"", ""132C"", ""132D"", ""132E""]","[""FL0009"", ""FL0010""]",MEDIUM,"[""2F-W04""]",P7757.dxf ab54dd554c31 frame 82
OPENING,OP-GF-B01,GF,1,5.5,,SYMBOL_ONLY,3_EXTERNAL_DOOR,"door insert in the compound (boundary) wall, which P7757 draws on layer 5 outside the building's wall faces",SITE_BOUNDARY,,,,,,,,"door block extent [1090.0, 1000.0] mm (x, y)",,,BOUNDARY_WALL (P14-BOUNDARY),,NOT_ESTABLISHED,,NOT_ESTABLISHED,,NOT_ESTABLISHED,,,"[-128869.9, -790594.2]","[35842.9, 21322.3]",,,,,,,"[""DOOR""]","[""D120:2D8""]",,,,"[""2D8""]",,MEDIUM,[],P7757.dxf ab54dd554c31 frame 7D
OPENING,SO-FFRS-01,1F_ROOF_SLAB,,,FFRS,SLAB_OPENING,8_STRUCTURAL_SLAB_OPENING,"S1 slab panel SP-1F_ROOF_SLAB-01 (STAIR_FLIGHT_ZONE, 10.415 m2)",SLAB,,,,,,,,,,,NONE (slab opening),,NOT_APPLICABLE,,NOT_APPLICABLE,,NOT_APPLICABLE,,,,,,,,,,,,,,,,[],,HIGH,,S1 SLAB_PANEL_REGISTER SP-1F_ROOF_SLAB-01
OPENING,SO-FFRS-06,1F_ROOF_SLAB,,,FFRS,SLAB_OPENING,8_STRUCTURAL_SLAB_OPENING,"S1 slab panel SP-1F_ROOF_SLAB-06 (OPEN_TO_BELOW, 3.24 m2)",SLAB,,,,,,,,,,,NONE (slab opening),,NOT_APPLICABLE,,NOT_APPLICABLE,,NOT_APPLICABLE,,,,,,,,,,,,,,,,"[""73F"", ""740""]",,HIGH,,S1 SLAB_PANEL_REGISTER SP-1F_ROOF_SLAB-06
OPENING,SO-GBP-12,GROUND_SLAB_SOG,,,GBP,SLAB_OPENING,8_STRUCTURAL_SLAB_OPENING,"S1 slab panel SP-GBP-12 (STAIR_FLIGHT_ZONE, 8.372 m2)",SLAB,,,,,,,,,,,NONE (slab opening),,NOT_APPLICABLE,,NOT_APPLICABLE,,NOT_APPLICABLE,,,,,,,,,,,,,,,,[],,HIGH,,S1 SLAB_PANEL_REGISTER SP-GBP-12
OPENING,SO-GFRS-03,GF_ROOF_SLAB,,,GFRS,SLAB_OPENING,8_STRUCTURAL_SLAB_OPENING,"S1 slab panel SP-GF_ROOF_SLAB-03 (STAIR_FLIGHT_ZONE, 10.415 m2)",SLAB,,,,,,,,,,,NONE (slab opening),,NOT_APPLICABLE,,NOT_APPLICABLE,,NOT_APPLICABLE,,,,,,,,,,,,,,,,[],,HIGH,,S1 SLAB_PANEL_REGISTER SP-GF_ROOF_SLAB-03
OPENING,SO-GFRS-09,GF_ROOF_SLAB,,,GFRS,SLAB_OPENING,8_STRUCTURAL_SLAB_OPENING,"S1 slab panel SP-GF_ROOF_SLAB-09 (OPEN_TO_BELOW, 3.686 m2)",SLAB,,,,,,,,,,,NONE (slab opening),,NOT_APPLICABLE,,NOT_APPLICABLE,,NOT_APPLICABLE,,,,,,,,,,,,,,,,"[""42E"", ""42F""]",,HIGH,,S1 SLAB_PANEL_REGISTER SP-GF_ROOF_SLAB-09
OPENING,SO-GFRS-13,GF_ROOF_SLAB,,,GFRS,SLAB_OPENING,8_STRUCTURAL_SLAB_OPENING,"S1 slab panel SP-GF_ROOF_SLAB-13 (OPEN_TO_BELOW, 3.24 m2)",SLAB,,,,,,,,,,,NONE (slab opening),,NOT_APPLICABLE,,NOT_APPLICABLE,,NOT_APPLICABLE,,,,,,,,,,,,,,,,"[""54F"", ""550""]",,HIGH,,S1 SLAB_PANEL_REGISTER SP-GF_ROOF_SLAB-13
OPENING,SO-GFRS-21,GF_ROOF_SLAB,,,GFRS,SLAB_OPENING,8_STRUCTURAL_SLAB_OPENING,"S1 slab panel SP-GF_ROOF_SLAB-21 (STAIR_IN_VOID_ZONE, 20.146 m2)",SLAB,,,,,,,,,,,NONE (slab opening),,NOT_APPLICABLE,,NOT_APPLICABLE,,NOT_APPLICABLE,,,,,,,,,,,,,,,,"[""2D1"", ""2D2"", ""54B"", ""54C""]",,HIGH,,S1 SLAB_PANEL_REGISTER SP-GF_ROOF_SLAB-21
OPENING,SO-GFRS-28,GF_ROOF_SLAB,,,GFRS,SLAB_OPENING,8_STRUCTURAL_SLAB_OPENING,"S1 slab panel SP-GF_ROOF_SLAB-28 (STAIR_FLIGHT_ZONE, 6.979 m2)",SLAB,,,,,,,,,,,NONE (slab opening),,NOT_APPLICABLE,,NOT_APPLICABLE,,NOT_APPLICABLE,,,,,,,,,,,,,,,,[],,HIGH,,S1 SLAB_PANEL_REGISTER SP-GF_ROOF_SLAB-28
REJECTED_CANDIDATE,RJ-GF-01,GF,,,,WALL_GAP,,CLOSURE_WITHOUT_OPENING_EVIDENCE,,,,,,,,13270,,200,WB-FL0007-FL0008,,,,,,,,,,"[-144054.9, -803693.5]","[20657.9, 8222.9]",,CLOSURE_JAMB,MASONRY_JAMB,,,,[],,,,,,,HIGH,,P7757.dxf ab54dd554c31 frame 7D
REJECTED_CANDIDATE,RJ-GF-02,GF,,,,WALL_GAP,,WALL_DEFLECTION,,,,,,,,1958.2,,150,WB-FL0057-FL0058,,,,,,,,,,"[-138214.9, -793990.5]","[26497.9, 17926.0]",,UNBOUNDED,UNBOUNDED,,,,[],,,,,,,HIGH,,P7757.dxf ab54dd554c31 frame 7D
REJECTED_CANDIDATE,RJ-1F-01,1F,,,,WALL_GAP,,WALL_DEFLECTION,,,,,,,,3059.4,,200,WB-FL0036-FL0037,,,,,,,,,,"[-175322.5, -794493.5]","[34242.9, 17422.9]",,UNBOUNDED,UNBOUNDED,,,,[],,,,,,,HIGH,,P7757.dxf ab54dd554c31 frame 81
NON_OPENING_SYMBOL,NS-1F-CA0,1F,,,,DOOR_LAYER_ARC,,"door-layer arc (r 305 mm) beside a column, in no wall gap: a rounded fixture, not an opening",,,,,,,,,,,,,,,,,,,,,,"[34442.9, 14115.2]",,,,,,,,,,,,"[""CA0""]",,MEDIUM,,P7757.dxf ab54dd554c31 frame 81
