ID,KIND,SUBJECT,TEXT,QUESTIONS,SENSITIVITY_M3,SENSITIVITY_KG,SENSITIVITY_BASIS
BLK-OP-GF-001,BLOCKED_OPENING,OP-GF-001,"an S1 beam band lies over the whole opening in plan; no head level is printed, so whether the head reaches the beam soffit (no lintel) or leaves masonry below it (a lintel) is not established","[""Q-HEAD-UNDER-BEAM""]",0.110196789,14.495514857,the p.13 lintel this opening would take if wall remains above its head
BLK-OP-GF-002,BLOCKED_OPENING,OP-GF-002,"an S1 beam band lies over the whole opening in plan; no head level is printed, so whether the head reaches the beam soffit (no lintel) or leaves masonry below it (a lintel) is not established","[""Q-HEAD-UNDER-BEAM""]",0.110196789,14.495514857,the p.13 lintel this opening would take if wall remains above its head
BLK-OP-GF-003,BLOCKED_OPENING,OP-GF-003,"an S1 beam band lies over the whole opening in plan; no head level is printed, so whether the head reaches the beam soffit (no lintel) or leaves masonry below it (a lintel) is not established","[""Q-HEAD-UNDER-BEAM""]",0.066734955,6.894657139,the p.13 lintel this opening would take if wall remains above its head
BLK-OP-GF-004,BLOCKED_OPENING,OP-GF-004,"an S1 beam band lies over the whole opening in plan; no head level is printed, so whether the head reaches the beam soffit (no lintel) or leaves masonry below it (a lintel) is not established","[""Q-HEAD-UNDER-BEAM""]",0.054,6.935604938,the p.13 lintel this opening would take if wall remains above its head
BLK-OP-GF-006,BLOCKED_OPENING,OP-GF-006,"an S1 beam band lies over the whole opening in plan; no head level is printed, so whether the head reaches the beam soffit (no lintel) or leaves masonry below it (a lintel) is not established","[""Q-HEAD-UNDER-BEAM""]",0.04602,4.66145679,the p.13 lintel this opening would take if wall remains above its head
BLK-OP-GF-007,BLOCKED_OPENING,OP-GF-007,"an S1 beam band lies over the whole opening in plan; no head level is printed, so whether the head reaches the beam soffit (no lintel) or leaves masonry below it (a lintel) is not established","[""Q-HEAD-UNDER-BEAM""]",0.05802,6.013950617,the p.13 lintel this opening would take if wall remains above its head
BLK-OP-GF-009,BLOCKED_OPENING,OP-GF-009,"an S1 beam band lies over the whole opening in plan; no head level is printed, so whether the head reaches the beam soffit (no lintel) or leaves masonry below it (a lintel) is not established","[""Q-HEAD-UNDER-BEAM""]",0.092,12.137185185,the p.13 lintel this opening would take if wall remains above its head
BLK-OP-GF-010,BLOCKED_OPENING,OP-GF-010,"an S1 beam band lies over the whole opening in plan; no head level is printed, so whether the head reaches the beam soffit (no lintel) or leaves masonry below it (a lintel) is not established","[""Q-HEAD-UNDER-BEAM""]",0.06004,6.166074074,the p.13 lintel this opening would take if wall remains above its head
BLK-OP-GF-011,BLOCKED_OPENING,OP-GF-011,"an S1 beam band lies over the whole opening in plan; no head level is printed, so whether the head reaches the beam soffit (no lintel) or leaves masonry below it (a lintel) is not established","[""Q-HEAD-UNDER-BEAM""]",0.072,9.365234568,the p.13 lintel this opening would take if wall remains above its head
BLK-OP-GF-012,BLOCKED_OPENING,OP-GF-012,"an S1 beam band lies over the whole opening in plan; no head level is printed, so whether the head reaches the beam soffit (no lintel) or leaves masonry below it (a lintel) is not established","[""Q-HEAD-UNDER-BEAM""]",0.048,6.173530864,the p.13 lintel this opening would take if wall remains above its head
BLK-OP-GF-015,BLOCKED_OPENING,OP-GF-015,"an S1 beam band lies over the whole opening in plan; no head level is printed, so whether the head reaches the beam soffit (no lintel) or leaves masonry below it (a lintel) is not established","[""Q-HEAD-UNDER-BEAM""]",0.061655582,6.287741332,the p.13 lintel this opening would take if wall remains above its head
BLK-OP-GF-016,BLOCKED_OPENING,OP-GF-016,"an S1 beam band lies over the whole opening in plan; no head level is printed, so whether the head reaches the beam soffit (no lintel) or leaves masonry below it (a lintel) is not established","[""Q-HEAD-UNDER-BEAM""]",0.10802,14.26708642,the p.13 lintel this opening would take if wall remains above its head
BLK-OP-GF-017,BLOCKED_OPENING,OP-GF-017,"an S1 beam band lies over the whole opening in plan; no head level is printed, so whether the head reaches the beam soffit (no lintel) or leaves masonry below it (a lintel) is not established","[""Q-HEAD-UNDER-BEAM""]",0.08,10.429135802,the p.13 lintel this opening would take if wall remains above its head
BLK-OP-GF-019,BLOCKED_OPENING,OP-GF-019,"an S1 beam band lies over the whole opening in plan; no head level is printed, so whether the head reaches the beam soffit (no lintel) or leaves masonry below it (a lintel) is not established","[""Q-HEAD-UNDER-BEAM""]",0.057894961,6.004534116,the p.13 lintel this opening would take if wall remains above its head
BLK-OP-GF-020,BLOCKED_OPENING,OP-GF-020,"an S1 beam band lies over the whole opening in plan; no head level is printed, so whether the head reaches the beam soffit (no lintel) or leaves masonry below it (a lintel) is not established","[""Q-HEAD-UNDER-BEAM""]",0.052,5.336197531,the p.13 lintel this opening would take if wall remains above its head
BLK-OP-GF-022,BLOCKED_OPENING,OP-GF-022,"an S1 beam band lies over the whole opening in plan; no head level is printed, so whether the head reaches the beam soffit (no lintel) or leaves masonry below it (a lintel) is not established","[""Q-HEAD-UNDER-BEAM""]",0.05502,5.56362963,the p.13 lintel this opening would take if wall remains above its head
BLK-OP-GF-023,BLOCKED_OPENING,OP-GF-023,lift landing opening: the shaft wall construction (block or RC) and the lift tie beam that P8-N19 requires on GF (storey 4.50 m > 4.30 m) belong to the lift family; neither is drawn,"[""Q-LIFT""]",0.072,7.291160494,the p.13 lintel this opening would take if wall remains above its head
BLK-OP-GF-024,BLOCKED_OPENING,OP-GF-024,an S1 beam band lies over part of the opening in plan: the support of the rest and the head level are not established,"[""Q-PARTIAL-BEAM""]",0.043164965,5.662753651,the p.13 lintel this opening would take if wall remains above its head
BLK-OP-GF-025,BLOCKED_OPENING,OP-GF-025,"an S1 beam band lies over the whole opening in plan; no head level is printed, so whether the head reaches the beam soffit (no lintel) or leaves masonry below it (a lintel) is not established","[""Q-HEAD-UNDER-BEAM""]",0.04,3.983703704,the p.13 lintel this opening would take if wall remains above its head
BLK-OP-GF-026,BLOCKED_OPENING,OP-GF-026,an S1 beam band lies over part of the opening in plan: the support of the rest and the head level are not established,"[""Q-PARTIAL-BEAM""]",0.043164965,5.662753651,the p.13 lintel this opening would take if wall remains above its head
BLK-OP-GF-027,BLOCKED_OPENING,OP-GF-027,"an S1 beam band lies over the whole opening in plan; no head level is printed, so whether the head reaches the beam soffit (no lintel) or leaves masonry below it (a lintel) is not established","[""Q-HEAD-UNDER-BEAM""]",0.056,5.637432099,the p.13 lintel this opening would take if wall remains above its head
BLK-OP-GF-030,BLOCKED_OPENING,OP-GF-030,glazed screen drawn without masonry wall faces: the lintel width B (block wall width) is undefined and whatever spans above it is not drawn on the architectural plan,"[""Q-SCREEN""]",,,no schedule lintel can be formed (no wall width or row)
BLK-OP-GF-031,BLOCKED_OPENING,OP-GF-031,"an S1 beam band lies over the whole opening in plan; no head level is printed, so whether the head reaches the beam soffit (no lintel) or leaves masonry below it (a lintel) is not established","[""Q-HEAD-UNDER-BEAM""]",0.759055,97.201617284,the p.13 lintel this opening would take if wall remains above its head
BLK-OP-1F-001,BLOCKED_OPENING,OP-1F-001,"an S1 beam band lies over the whole opening in plan; no head level is printed, so whether the head reaches the beam soffit (no lintel) or leaves masonry below it (a lintel) is not established","[""Q-HEAD-UNDER-BEAM""]",0.194986445,31.941220077,the p.13 lintel this opening would take if wall remains above its head
BLK-OP-1F-002,BLOCKED_OPENING,OP-1F-002,"an S1 beam band lies over the whole opening in plan; no head level is printed, so whether the head reaches the beam soffit (no lintel) or leaves masonry below it (a lintel) is not established","[""Q-HEAD-UNDER-BEAM""]",0.056,5.637432099,the p.13 lintel this opening would take if wall remains above its head
BLK-OP-1F-004,BLOCKED_OPENING,OP-1F-004,"an S1 beam band lies over the whole opening in plan; no head level is printed, so whether the head reaches the beam soffit (no lintel) or leaves masonry below it (a lintel) is not established","[""Q-HEAD-UNDER-BEAM""]",0.056,5.637432099,the p.13 lintel this opening would take if wall remains above its head
BLK-OP-1F-005,BLOCKED_OPENING,OP-1F-005,"an S1 beam band lies over the whole opening in plan; no head level is printed, so whether the head reaches the beam soffit (no lintel) or leaves masonry below it (a lintel) is not established","[""Q-HEAD-UNDER-BEAM""]",0.08,10.429135802,the p.13 lintel this opening would take if wall remains above its head
BLK-OP-1F-006,BLOCKED_OPENING,OP-1F-006,"an S1 beam band lies over the whole opening in plan; no head level is printed, so whether the head reaches the beam soffit (no lintel) or leaves masonry below it (a lintel) is not established","[""Q-HEAD-UNDER-BEAM""]",0.03841034,5.000445649,the p.13 lintel this opening would take if wall remains above its head
BLK-OP-1F-007,BLOCKED_OPENING,OP-1F-007,an S1 beam band lies over part of the opening in plan: the support of the rest and the head level are not established,"[""Q-PARTIAL-BEAM""]",0.054,6.935604938,the p.13 lintel this opening would take if wall remains above its head
BLK-OP-1F-008,BLOCKED_OPENING,OP-1F-008,an S1 beam band lies over part of the opening in plan: the support of the rest and the head level are not established,"[""Q-PARTIAL-BEAM""]",0.049170595,6.450677035,the p.13 lintel this opening would take if wall remains above its head
BLK-OP-1F-009,BLOCKED_OPENING,OP-1F-009,"an S1 beam band lies over the whole opening in plan; no head level is printed, so whether the head reaches the beam soffit (no lintel) or leaves masonry below it (a lintel) is not established","[""Q-HEAD-UNDER-BEAM""]",0.0940928,12.3568,the p.13 lintel this opening would take if wall remains above its head
BLK-OP-1F-010,BLOCKED_OPENING,OP-1F-010,"an S1 beam band lies over the whole opening in plan; no head level is printed, so whether the head reaches the beam soffit (no lintel) or leaves masonry below it (a lintel) is not established","[""Q-HEAD-UNDER-BEAM""]",0.06002,6.164567901,the p.13 lintel this opening would take if wall remains above its head
BLK-OP-1F-011,BLOCKED_OPENING,OP-1F-011,"an S1 beam band lies over the whole opening in plan; no head level is printed, so whether the head reaches the beam soffit (no lintel) or leaves masonry below it (a lintel) is not established","[""Q-HEAD-UNDER-BEAM""]",0.05502,5.56362963,the p.13 lintel this opening would take if wall remains above its head
BLK-OP-1F-012,BLOCKED_OPENING,OP-1F-012,lift landing opening: the shaft wall construction (block or RC) and the lift tie beam that P8-N19 requires on GF (storey 4.50 m > 4.30 m) belong to the lift family; neither is drawn,"[""Q-LIFT""]",0.072,7.291160494,the p.13 lintel this opening would take if wall remains above its head
BLK-OP-1F-013,BLOCKED_OPENING,OP-1F-013,an S1 beam band lies over part of the opening in plan: the support of the rest and the head level are not established,"[""Q-PARTIAL-BEAM""]",0.06284,6.376938272,the p.13 lintel this opening would take if wall remains above its head
BLK-OP-1F-015,BLOCKED_OPENING,OP-1F-015,"an S1 beam band lies over the whole opening in plan; no head level is printed, so whether the head reaches the beam soffit (no lintel) or leaves masonry below it (a lintel) is not established","[""Q-HEAD-UNDER-BEAM""]",0.04,3.983703704,the p.13 lintel this opening would take if wall remains above its head
BLK-OP-1F-016,BLOCKED_OPENING,OP-1F-016,"an S1 beam band lies over the whole opening in plan; no head level is printed, so whether the head reaches the beam soffit (no lintel) or leaves masonry below it (a lintel) is not established","[""Q-HEAD-UNDER-BEAM""]",0.056,5.637432099,the p.13 lintel this opening would take if wall remains above its head
BLK-OP-1F-019,BLOCKED_OPENING,OP-1F-019,an S1 beam band lies over part of the opening in plan: the support of the rest and the head level are not established,"[""Q-PARTIAL-BEAM""]",0.051,6.63437037,the p.13 lintel this opening would take if wall remains above its head
BLK-OP-1F-022,BLOCKED_OPENING,OP-1F-022,an S1 beam band lies over part of the opening in plan: the support of the rest and the head level are not established,"[""Q-PARTIAL-BEAM""]",0.043792802,5.725795722,the p.13 lintel this opening would take if wall remains above its head
BLK-OP-1F-023,BLOCKED_OPENING,OP-1F-023,curved opening in a curved wall: the schedule binds the width but the LINTEL DETAIL is straight; a curved lintel (bar bending to the wall radius) is not detailed,"[""Q-CURVED""]",0.31444,45.01617284,the p.13 lintel this opening would take if wall remains above its head
BLK-OP-1F-024,BLOCKED_OPENING,OP-1F-024,"an S1 beam band lies over the whole opening in plan; no head level is printed, so whether the head reaches the beam soffit (no lintel) or leaves masonry below it (a lintel) is not established","[""Q-HEAD-UNDER-BEAM""]",0.0940928,12.3568,the p.13 lintel this opening would take if wall remains above its head
BLK-OP-1F-025,BLOCKED_OPENING,OP-1F-025,"an S1 beam band lies over the whole opening in plan; no head level is printed, so whether the head reaches the beam soffit (no lintel) or leaves masonry below it (a lintel) is not established","[""Q-HEAD-UNDER-BEAM""]",0.0940928,12.3568,the p.13 lintel this opening would take if wall remains above its head
BLK-OP-1F-026,BLOCKED_OPENING,OP-1F-026,"an S1 beam band lies over the whole opening in plan; no head level is printed, so whether the head reaches the beam soffit (no lintel) or leaves masonry below it (a lintel) is not established","[""Q-HEAD-UNDER-BEAM""]",0.036,3.682469136,the p.13 lintel this opening would take if wall remains above its head
BLK-OP-2F-001,BLOCKED_OPENING,OP-2F-001,"an S1 beam band lies over the whole opening in plan; no head level is printed, so whether the head reaches the beam soffit (no lintel) or leaves masonry below it (a lintel) is not established","[""Q-HEAD-UNDER-BEAM""]",0.08,10.429135802,the p.13 lintel this opening would take if wall remains above its head
BLK-OP-2F-002,BLOCKED_OPENING,OP-2F-002,"an S1 beam band lies over the whole opening in plan; no head level is printed, so whether the head reaches the beam soffit (no lintel) or leaves masonry below it (a lintel) is not established","[""Q-HEAD-UNDER-BEAM""]",0.054,6.935604938,the p.13 lintel this opening would take if wall remains above its head
BLK-OP-2F-003,BLOCKED_OPENING,OP-2F-003,"an S1 beam band lies over the whole opening in plan; no head level is printed, so whether the head reaches the beam soffit (no lintel) or leaves masonry below it (a lintel) is not established","[""Q-HEAD-UNDER-BEAM""]",0.06002,6.164567901,the p.13 lintel this opening would take if wall remains above its head
BLK-OP-2F-004,BLOCKED_OPENING,OP-2F-004,"an S1 beam band lies over the whole opening in plan; no head level is printed, so whether the head reaches the beam soffit (no lintel) or leaves masonry below it (a lintel) is not established","[""Q-HEAD-UNDER-BEAM""]",0.05502,5.56362963,the p.13 lintel this opening would take if wall remains above its head
BLK-OP-2F-005,BLOCKED_OPENING,OP-2F-005,lift landing opening: the shaft wall construction (block or RC) and the lift tie beam that P8-N19 requires on GF (storey 4.50 m > 4.30 m) belong to the lift family; neither is drawn,"[""Q-LIFT""]",0.072,7.291160494,the p.13 lintel this opening would take if wall remains above its head
BLK-OP-2F-006,BLOCKED_OPENING,OP-2F-006,"an S1 beam band lies over the whole opening in plan; no head level is printed, so whether the head reaches the beam soffit (no lintel) or leaves masonry below it (a lintel) is not established","[""Q-HEAD-UNDER-BEAM""]",0.05604,5.864839506,the p.13 lintel this opening would take if wall remains above its head
BLK-OP-2F-007,BLOCKED_OPENING,OP-2F-007,"an S1 beam band lies over the whole opening in plan; no head level is printed, so whether the head reaches the beam soffit (no lintel) or leaves masonry below it (a lintel) is not established","[""Q-HEAD-UNDER-BEAM""]",0.043493955,5.695788048,the p.13 lintel this opening would take if wall remains above its head
BLK-OP-2F-008,BLOCKED_OPENING,OP-2F-008,"an S1 beam band lies over the whole opening in plan; no head level is printed, so whether the head reaches the beam soffit (no lintel) or leaves masonry below it (a lintel) is not established","[""Q-HEAD-UNDER-BEAM""]",0.064,8.301333333,the p.13 lintel this opening would take if wall remains above its head
BLK-OP-GF-B01,BLOCKED_OPENING,OP-GF-B01,boundary-wall opening: the boundary wall is its own family (P14-BOUNDARY typical detail); no S8.6 lintel,"[""Q-BOUNDARY-GATE""]",,,no schedule lintel can be formed (no wall width or row)
CF-BEARING-OP-GF-005-start,SOURCE_CONFLICT,LT-OP-GF-005,start jamb: 224.1 mm masonry beyond the jamb; 'MIN.40cm' cannot be met. The lintel is measured to the available wall (224.1 mm).,"[""Q-BEARING""]",,,
CF-BEARING-OP-GF-021-start,SOURCE_CONFLICT,LT-OP-GF-021,start jamb: 253.5 mm masonry beyond the jamb; 'MIN.40cm' cannot be met. The lintel is measured to the available wall (253.5 mm).,"[""Q-BEARING""]",,,
CF-BEARING-OP-GF-029-end,SOURCE_CONFLICT,LT-OP-GF-029,end jamb: 189.7 mm masonry beyond the jamb; 'MIN.40cm' cannot be met. The lintel is measured to the available wall (189.7 mm).,"[""Q-BEARING""]",,,
CF-BEARING-OP-1F-017-start,SOURCE_CONFLICT,LT-OP-1F-017,start jamb: 259.8 mm masonry beyond the jamb; 'MIN.40cm' cannot be met. The lintel is measured to the available wall (259.8 mm).,"[""Q-BEARING""]",,,
CF-SCHED-100-101,SOURCE_CONFLICT,L1/L2,no row for 100 < w < 101 cm (integer bands); no census opening falls in it,"[""Q-SCHEDULE-GAPS""]",,,
CF-SCHED-200-201,SOURCE_CONFLICT,L2/L3,no row for 200 < w < 201 cm (integer bands); no census opening falls in it,"[""Q-SCHEDULE-GAPS""]",,,
CF-SCHED-300-301,SOURCE_CONFLICT,L3/L4,no row for 300 < w < 301 cm (integer bands); no census opening falls in it,"[""Q-SCHEDULE-GAPS""]",,,
CF-SCHED-500-501,SOURCE_CONFLICT,L4/L5,no row for 500 < w < 501 cm (integer bands); no census opening falls in it,"[""Q-SCHEDULE-GAPS""]",,,
CF-N04,SOURCE_CONFLICT,P8-N04,P8-N04: all architectural openings must appear on the structural drawings; none do (no lintel or opening is drawn on the structural plans).,"[""Q-N04""]",,,
DUP-R5-OP-GF-003,DOUBLE_COUNT_FINDING,OP-GF-003,"R5 lists ['GF-D-I350', 'GF-W03'] for this one opening (a door and a glazed-door candidate in one gap): counted once here",[],,,
DUP-R5-OP-GF-007,DOUBLE_COUNT_FINDING,OP-GF-007,"R5 lists ['GF-D-I437', 'GF-W01'] for this one opening (a door and a glazed-door candidate in one gap): counted once here",[],,,
DUP-R5-OP-GF-010,DOUBLE_COUNT_FINDING,OP-GF-010,"R5 lists ['GF-D-I402', 'GF-W13'] for this one opening (a door and a glazed-door candidate in one gap): counted once here",[],,,
DUP-R5-OP-GF-019,DOUBLE_COUNT_FINDING,OP-GF-019,"R5 lists ['GF-D-I1023', 'GF-W05'] for this one opening (a door and a glazed-door candidate in one gap): counted once here",[],,,
Q-HEAD-UNDER-BEAM,QUESTION,,"No door / window schedule and no opening height is printed on the plans. For each opening under a beam band, confirm the head level against the beam soffit: if wall remains above the head the p.13 lintel applies; if the head reaches the soffit the beam is the support.",[],,,
Q-PARTIAL-BEAM,QUESTION,,A beam band covers only part of the opening in plan: confirm the support of the rest and the head level.,[],,,
Q-HEAD-GENERAL,QUESTION,,Released lintels assume wall above the head (no beam is drawn over these openings). Confirm no head reaches the slab soffit.,[],,,
Q-LIFT,QUESTION,,"Lift landing openings: confirm the shaft wall construction (block or RC) and the head support; P8-N19 requires lift tie beams at 3.00 m on GF (storey 4.50 m), not drawn. Lift family.",[],,,
Q-SCREEN,QUESTION,,GF pool-side glazed screen: no masonry wall is drawn; confirm what spans above it.,[],,,
Q-CURVED,QUESTION,,1F curved bay window: the LINTEL DETAIL is straight and no curved beam is drawn on FFRS over it; confirm a curved lintel (bending to the wall radius) or another support.,[],,,
Q-BOUNDARY-GATE,QUESTION,,"Gate in the compound wall: boundary-wall family (P14-BOUNDARY), not S8.6.",[],,,
Q-BOUNDARY,QUESTION,,Width falls between two schedule rows.,[],,,
Q-ABOVE,QUESTION,,Width exceeds the last schedule row (750 cm).,[],,,
Q-BEAM-HEAD-DETAIL,QUESTION,,Beam is the head support: confirm the infill detail between head and soffit.,[],,,
Q-SCHEDULE-GAPS,QUESTION,,"The printed bands are integer centimetres (0-100, 101-200, ...): a width strictly between 100 and 101 cm (etc.) has no row; confirm the intended bound (e.g. 'up to and including').",[],,,
Q-BEARING,QUESTION,,"The drawn wall beyond the jamb is shorter than the 'MIN.40cm' bearing: confirm the lintel detail at these jambs (bearing into the cross wall, or a different end detail).",[],,,
Q-END-DETAIL,QUESTION,,Bar end bends and stirrup hooks are drawn on the LINTEL DETAIL / SECT (2-2) but not dimensioned; lintels framing into a column have no anchorage detail.,[],,,
Q-COVER,QUESTION,,No lintel cover is printed; P8-N22 states 2.5 cm for beams and is applied to the lintel as a beam-type member (project basis).,[],,,
Q-STIRRUPS,QUESTION,,'5Ø8/M' is read as a rate per metre over the full lintel length (S3.1 RATE_COUNT); the LINTEL DETAIL draws stirrups near the ends only.,[],,,
Q-GLAZING-FUNCTION,QUESTION,,No door / window schedule: window vs full-height glazing / glazed door is unresolved for the glazed openings the elevations do not print.,[],,,
Q-N04,QUESTION,,P8-N04: all architectural openings must appear on the structural drawings; none do (no lintel or opening is drawn on the structural plans).,[],,,
Q-GF-MB-WALL,QUESTION,,"GF: the master bedroom's south wall stops about 1.5 m short of the pool-side screen, so the bedroom and the hall form one space on the plan: confirm the wall.",[],,,
