SCENARIO,ELEMENT_ID,KIND,LANE,RISERS,RISER_MM,GOING_MM,WIDTH_MM,RUN_MM,PITCH_DEG,INCLINED_LENGTH_MM,PLAN_PROJECTED_M2,INCLINED_SOFFIT_M2,WAIST_MM,WAIST_M3,STEPS_M3,CONCRETE_M3,ALREADY_RELEASED_BY_S8_7,METHOD,REASON
A1-OWNER_A-28,A1-F1,FLIGHT,OWNER_SCENARIO,12,160.714286,300,1200,3300,28.17859,3743.703898,3.96,4.492444678,160,0.718791148,0.318214286,1.037005434,False,"stair_geometry.straight_flight, plumb cuts at the first and last riser line",
A1-OWNER_A-28,A1-W1,WINDER TURN,OWNER_SCENARIO,4,160.714286,235.619449,,,,,1.5,,160,,,0.411049775,False,"plane-equivalent A x (t / cos(pitch) + h / 2), walking line at mid-width (approximation: the winder soffit is not drawn)",
A1-OWNER_A-28,A1-L1,LANDING / FLAT QUARTER,OWNER_SCENARIO,,,,,,,,1.44,,160,,,0.2304,True,flat plate: outline x 160,
A1-OWNER_A-28,A1-F2,FLIGHT,OWNER_SCENARIO,12,160.714286,300,1200,3300,28.17859,3743.703898,3.96,4.492444678,160,0.718791148,0.318214286,1.037005434,False,"stair_geometry.straight_flight, plumb cuts at the first and last riser line",
A1-OWNER_B-29,A1 (allocation not drawn),,BLOCKED_UNQUANTIFIED,29,155.172414,,,,,,,,,,,,False,,no drawing places the extra / missing riser: no per-flight geometry
A1-ARCH_GF-25,A1-F1,FLIGHT,SOURCE_CONFLICT,10,180,300,1200,2700,30.963757,3148.714023,3.24,3.778456828,160,0.604553092,0.2916,0.896153092,False,"stair_geometry.straight_flight, plumb cuts at the first and last riser line",
A1-ARCH_GF-25,A1-W1,WINDER TURN,SOURCE_CONFLICT,4,180,235.619449,,,,,1.5,,160,,,0.437019763,False,"plane-equivalent A x (t / cos(pitch) + h / 2), walking line at mid-width (approximation: the winder soffit is not drawn)",
A1-ARCH_GF-25,A1-L1,LANDING / FLAT QUARTER,SOURCE_CONFLICT,,,,,,,,1.44,,160,,,0.2304,True,flat plate: outline x 160,
A1-ARCH_GF-25,A1-F2,FLIGHT,SOURCE_CONFLICT,11,180,300,1200,3000,30.963757,3498.571137,3.6,4.198285364,160,0.671725658,0.324,0.995725658,False,"stair_geometry.straight_flight, plumb cuts at the first and last riser line",
A2-OWNER_A-27,A2-F1,FLIGHT,OWNER_SCENARIO,12,155.555556,300,1200,3300,27.407575,3717.243769,3.96,4.460692522,160,0.713710804,0.308,1.021710804,False,"stair_geometry.straight_flight, plumb cuts at the first and last riser line",
A2-OWNER_A-27,A2-W1,WINDER TURN,OWNER_SCENARIO,4,155.555556,235.619449,,,,,1.5,,160,,,0.404252546,False,"plane-equivalent A x (t / cos(pitch) + h / 2), walking line at mid-width (approximation: the winder soffit is not drawn)",
A2-OWNER_A-27,A2-L1,LANDING / FLAT QUARTER,OWNER_SCENARIO,,,,,,,,1.44,,160,,,0.2304,False,flat plate: outline x 160,
A2-OWNER_A-27,A2-F2,FLIGHT,OWNER_SCENARIO,11,155.555556,300,1200,3000,27.407575,3379.312517,3.6,4.05517502,160,0.648828003,0.28,0.928828003,False,"stair_geometry.straight_flight, plumb cuts at the first and last riser line",
A2-OWNER_A-27,A2-T1,TOP ARRIVAL STRIP,OWNER_SCENARIO,,,,,,,,0.12,,160,,,0.0192,True,flat plate (released by S8.7),
A2-OWNER_B-26,A2 (allocation not drawn),,BLOCKED_UNQUANTIFIED,26,161.538462,,,,,,,,,,,,False,,no drawing places the extra / missing riser: no per-flight geometry
A2-FFRS-24,A2-F1,FLIGHT,SOURCE_CONFLICT,12,175,300,1200,3300,30.256437,3820.422097,3.96,4.584506517,160,0.733521043,0.3465,1.080021043,False,"stair_geometry.straight_flight, plumb cuts at the first and last riser line",
A2-FFRS-24,A2-W1 (flat quarter),LANDING / FLAT QUARTER,SOURCE_CONFLICT,,,,,,,,1.5,,160,,,0.24,False,flat plate: outline x 160,
A2-FFRS-24,A2-L1,LANDING / FLAT QUARTER,SOURCE_CONFLICT,,,,,,,,1.44,,160,,,0.2304,False,flat plate: outline x 160,
A2-FFRS-24,A2-F2,FLIGHT,SOURCE_CONFLICT,11,175,300,1200,3000,30.256437,3473.110997,3.6,4.167733197,160,0.666837311,0.315,0.981837311,False,"stair_geometry.straight_flight, plumb cuts at the first and last riser line",
A2-FFRS-24,A2-T1,TOP ARRIVAL STRIP,SOURCE_CONFLICT,,,,,,,,0.12,,160,,,0.0192,True,flat plate (released by S8.7),
C-DRAWN-28,C-F1,CURVED + STRAIGHT FLIGHT,OWNER_SCENARIO,23,160.714286,,,,,,8.003095045,,160,,,2.095770973,False,plane-equivalent A x (t / cos(pitch) + h / 2) over the S8.7 plan outline (approximation for the curved part),
C-DRAWN-28,C-L1,LANDING / FLAT QUARTER,OWNER_SCENARIO,,,,,,,,1.3525,,160,,,0.2164,False,flat plate: outline x 160,
C-DRAWN-28,C-F2,FLIGHT,OWNER_SCENARIO,5,160.714286,300,1200,1200,28.17859,1361.346872,1.44,1.633616246,160,0.261378599,0.115714286,0.377092885,False,"stair_geometry.straight_flight, plumb cuts at the first and last riser line",
C-DRAWN-28,C-T1,TOP ARRIVAL,OWNER_SCENARIO,,,,,,,,1.668642425,,160,,,0.266982788,True,flat plate (released by S8.7),
A1-OWNER_A-28,"TOTAL (whole stair, incl. the S8.7 plates)",,OWNER_SCENARIO,,,,,,,,,,,,,2.715460643,,sum of the rows above,
A1-OWNER_A-28,TOTAL NOT RELEASED (scenario only),,OWNER_SCENARIO,,,,,,,,,,,,,2.485060643,,sum of the rows not released by S8.7; never released by S8.7A,
A1-ARCH_GF-25,"TOTAL (whole stair, incl. the S8.7 plates)",,SOURCE_CONFLICT,,,,,,,,,,,,,2.559298513,,sum of the rows above,
A1-ARCH_GF-25,TOTAL NOT RELEASED (scenario only),,SOURCE_CONFLICT,,,,,,,,,,,,,2.328898513,,sum of the rows not released by S8.7; never released by S8.7A,
A2-OWNER_A-27,"TOTAL (whole stair, incl. the S8.7 plates)",,OWNER_SCENARIO,,,,,,,,,,,,,2.604391353,,sum of the rows above,
A2-OWNER_A-27,TOTAL NOT RELEASED (scenario only),,OWNER_SCENARIO,,,,,,,,,,,,,2.585191353,,sum of the rows not released by S8.7; never released by S8.7A,
A2-FFRS-24,"TOTAL (whole stair, incl. the S8.7 plates)",,SOURCE_CONFLICT,,,,,,,,,,,,,2.551458354,,sum of the rows above,
A2-FFRS-24,TOTAL NOT RELEASED (scenario only),,SOURCE_CONFLICT,,,,,,,,,,,,,2.532258354,,sum of the rows not released by S8.7; never released by S8.7A,
C-DRAWN-28,"TOTAL (whole stair, incl. the S8.7 plates)",,OWNER_SCENARIO,,,,,,,,,,,,,2.956246646,,sum of the rows above,
C-DRAWN-28,TOTAL NOT RELEASED (scenario only),,OWNER_SCENARIO,,,,,,,,,,,,,2.689263858,,sum of the rows not released by S8.7; never released by S8.7A,
