QUESTION_ID,TO,QUESTION
Q-ST7A-01,architect,GF -> 1F main stair: confirm the riser count and the foot of the lower flight. The structural GF roof sheet draws 12 + 4 + 12 = 28 risers (first riser at y 16162); the architectural GF plan and the ground-beam plan start the lower flight two risers later (y 16762) and the architectural plan ends the upper flight one riser earlier: 10 + 4 + 11 = 25 (180 mm).
Q-ST7A-02,engineer / architect,"GF -> 1F upper flight: the structural sheet's 12th riser (y 16112) lies inside the 400 mm head beam B20 (y 15912 - 16312). Is the beam lowered under the top tread, or does the flight end at y 16412 as on the architectural plans (11 risers, 100 mm short of the beam)?"
Q-ST7A-03,architect,"Half-landing GF -> 1F: section A-A gives +3.50 ('320' above the +0.30 lobby). With 28 uniform risers the landing is at +3.571; with the architectural 25 at +3.520. Which governs, and is '320' to the finished or the structural landing?"
Q-ST7A-04,architect / engineer,"1F -> 2F main stair: the architectural 1F plan draws a four-riser winder turn (27 risers, 155.6 mm); the structural 1F roof sheet and the 2F plan draw the NW quarter flat (24 risers, 175 mm); section A-A draws 12 risers in the upper flight where every plan draws 11. Confirm the turn and the riser count."
Q-ST7A-05,owner / architect,"Owner scenario B (29 / 26 risers) is not drawn anywhere: where would the extra (or missing) riser go, and would the going or the landing change?"
Q-ST7A-06,architect,"Floor build-up (screed + tile / marble) at GF, 1F and 2F, and the stair finish with bedding: needed for the first and last concrete risers (h + f_b - s and h - f_t + s)."
Q-ST7A-07,engineer,Waist thickness: p.16 shows 'THICK' with no value; the 'T 16' plan tags sit in the winder quarter and on the light-well flight. Is 160 mm the waist (normal to the soffit) or only the slab thickness of the zone?
Q-ST7A-08,engineer,Winder soffit form (warped soffit or a flat slab under the winders) and the bar paths through the turn.
Q-ST7A-09,engineer,"Which p.16 typical bars apply to these stairs (6Ø14/m junction top bars, 6Ø12/m landing top, Ø12/20 distribution, Ø8/15 step bars, 1Ø12 nosing bar), and the anchorage / laps of the 8Ø16/m main bars into the beams."
Q-ST7A-10,engineer,"Support at the foot of each lower flight (ground beam per p.16, ground slab or a beam), and the stair beams at the bay edges (S6 'With Stair' beams are blocked for their detail)."
Q-ST7A-11,architect,"Light-well (round) stair: the corner landing level is not printed; with 28 uniform risers it is at +4.696. Confirm, and the level of beam CA under the straight part."
