GB_SPAN_ID,STRUCTURAL_HANDLES,ARCH_WALL_HANDLES,SPAN_LENGTH_M,OVERLAP_LENGTH,WALL_LENGTH_M,OPENING_LENGTH_M,OVERLAP_PERCENT,WALL_WIDTH,WALL_CLASS,EXTERIOR_CLASS,EXTERIOR_SHARE,INTERIOR_SHARE,BY_EXTERIOR_CLASS_M,BY_ELEMENT_M,SLAB_EDGE,INSIDE_PANELS,OUTSIDE_REFS,MATCH_METHOD,AUTHORITY,NOTES
GSO-107-7CE-1,"[""107"", ""7CE""]","[""94"", ""97""]",0.364,0.364,0.364,0.0,100.0,MASONRY_200,UNDER_EXTERIOR_WALL,EXTERIOR,1.0,0.0,"{""EXTERIOR"": 0.364}","{""MASONRY_200"": 0.364}",PERIMETER,"[""SP-GBP-07""]","[""OFF_PLATE""]",centreline cut every 50 mm across beam width + 50 mm; parallel (< 10 deg) P7757 GF wall-line element crossing the cut; wall class by 400 mm face probes on the S1 GBP slab panels,ARCHITECTURAL_PLAN (P7757 GF) + STRUCTURAL_SLAB_PANELS (S1 GBP),wall line over 100%; 100% of the wall is exterior
GSO-109-7CB-1,"[""109"", ""7CB""]","[""298"", ""9C"", ""9D"", ""9E"", ""AB"", ""AC""]",9.5,3.95,3.35,0.6,41.6,MASONRY_200,AMBIGUOUS_WALL_RELATION,INTERIOR,0.269,0.627,"{""EXTERIOR"": 0.9, ""INTERIOR"": 2.1, ""UNKNOWN_SIDE"": 0.35}","{""MASONRY_200"": 3.0, ""SINGLE_WALL_LINE"": 0.35}",INTERNAL,"[""HOLE"", ""SP-GBP-09"", ""SP-GBP-16"", ""SP-GBP-17""]",[],centreline cut every 50 mm across beam width + 50 mm; parallel (< 10 deg) P7757 GF wall-line element crossing the cut; wall class by 400 mm face probes on the S1 GBP slab panels,ARCHITECTURAL_PLAN (P7757 GF) + STRUCTURAL_SLAB_PANELS (S1 GBP),partial overlap: wall line over 42% of the span
GSO-109-7CB-2,"[""109"", ""7CB""]","[""297"", ""298"", ""354"", ""9B"", ""9C""]",2.7,2.7,2.7,0.0,100.0,MASONRY_200,UNDER_EXTERIOR_WALL,EXTERIOR,1.0,0.0,"{""EXTERIOR"": 2.7}","{""GLAZING"": 1.0, ""MASONRY_200"": 1.7}",PERIMETER,"[""HOLE""]","[""SP-GBP-01""]",centreline cut every 50 mm across beam width + 50 mm; parallel (< 10 deg) P7757 GF wall-line element crossing the cut; wall class by 400 mm face probes on the S1 GBP slab panels,ARCHITECTURAL_PLAN (P7757 GF) + STRUCTURAL_SLAB_PANELS (S1 GBP),wall line over 100%; 100% of the wall is exterior
GSO-10A-7C9-1,"[""10A"", ""7C9""]","[""3C2"", ""3CF"", ""9F"", ""A0"", ""A1"", ""AE"", ""AF"", ""B0""]",4.6,4.6,4.6,0.0,100.0,MASONRY_200,UNDER_EXTERIOR_WALL,EXTERIOR,0.957,0.0,"{""EXTERIOR"": 4.4, ""SITE_BOTH_OUTSIDE"": 0.1, ""UNKNOWN_SIDE"": 0.1}","{""GLAZING"": 2.1, ""MASONRY_200"": 2.4, ""SINGLE_WALL_LINE"": 0.1}",PERIMETER,"[""SP-GBP-16""]","[""SP-GBP-01""]",centreline cut every 50 mm across beam width + 50 mm; parallel (< 10 deg) P7757 GF wall-line element crossing the cut; wall class by 400 mm face probes on the S1 GBP slab panels,ARCHITECTURAL_PLAN (P7757 GF) + STRUCTURAL_SLAB_PANELS (S1 GBP),wall line over 100%; 96% of the wall is exterior
GSO-10B-7D1-1,"[""10B"", ""7D1""]","[""A2"", ""A3"", ""A4"", ""A5""]",1.5,0.95,0.7,0.25,63.3,MASONRY_200,AMBIGUOUS_WALL_RELATION,SITE_BOTH_OUTSIDE,0.429,0.0,"{""EXTERIOR"": 0.3, ""SITE_BOTH_OUTSIDE"": 0.4}","{""MASONRY_200"": 0.6, ""SINGLE_WALL_LINE"": 0.1}",PERIMETER,"[""SP-GBP-21""]","[""SP-GBP-01""]",centreline cut every 50 mm across beam width + 50 mm; parallel (< 10 deg) P7757 GF wall-line element crossing the cut; wall class by 400 mm face probes on the S1 GBP slab panels,ARCHITECTURAL_PLAN (P7757 GF) + STRUCTURAL_SLAB_PANELS (S1 GBP),"mixed wall classes along the span: EXTERIOR 43%, SITE_BOTH_OUTSIDE 57%"
GSO-10B-7D1-2,"[""10B"", ""7D1""]","[""A2"", ""A4""]",2.3,2.3,2.3,0.0,100.0,MASONRY_200,UNDER_EXTERIOR_WALL,EXTERIOR,1.0,0.0,"{""EXTERIOR"": 2.3}","{""MASONRY_200"": 2.3}",PERIMETER,"[""SP-GBP-18""]","[""SP-GBP-01""]",centreline cut every 50 mm across beam width + 50 mm; parallel (< 10 deg) P7757 GF wall-line element crossing the cut; wall class by 400 mm face probes on the S1 GBP slab panels,ARCHITECTURAL_PLAN (P7757 GF) + STRUCTURAL_SLAB_PANELS (S1 GBP),wall line over 100%; 100% of the wall is exterior
GSO-114-115-7DF-1,"[""114"", ""115"", ""7DF""]","[""E1"", ""E2""]",2.625,0.353,0.353,0.0,13.5,MASONRY_200,AMBIGUOUS_WALL_RELATION,EXTERIOR,1.0,0.0,"{""EXTERIOR"": 0.353}","{""MASONRY_200"": 0.202, ""SINGLE_WALL_LINE"": 0.151}",INTERNAL,"[""SP-GBP-07"", ""SP-GBP-13""]",[],centreline cut every 50 mm across beam width + 50 mm; parallel (< 10 deg) P7757 GF wall-line element crossing the cut; wall class by 400 mm face probes on the S1 GBP slab panels,ARCHITECTURAL_PLAN (P7757 GF) + STRUCTURAL_SLAB_PANELS (S1 GBP),partial overlap: wall line over 13% of the span
GSO-114-115-7DF-2,"[""114"", ""115"", ""7DF""]","[""E0"", ""E1"", ""E2""]",1.3,1.3,1.3,0.0,100.0,MASONRY_200,UNDER_EXTERIOR_WALL,EXTERIOR,1.0,0.0,"{""EXTERIOR"": 1.3}","{""MASONRY_200"": 1.3}",PERIMETER,"[""SP-GBP-13""]","[""OFF_PLATE""]",centreline cut every 50 mm across beam width + 50 mm; parallel (< 10 deg) P7757 GF wall-line element crossing the cut; wall class by 400 mm face probes on the S1 GBP slab panels,ARCHITECTURAL_PLAN (P7757 GF) + STRUCTURAL_SLAB_PANELS (S1 GBP),wall line over 100%; 100% of the wall is exterior
GSO-136-7D5-1,"[""136"", ""7D5""]","[""107"", ""108"", ""109"", ""124"", ""125"", ""126"", ""344"", ""34A""]",6.4,6.4,6.4,0.0,100.0,GLAZING,UNDER_EXTERIOR_WALL,EXTERIOR,0.984,0.0,"{""EXTERIOR"": 6.3, ""UNKNOWN_SIDE"": 0.1}","{""GLAZING"": 3.5, ""MASONRY_200"": 2.8, ""SINGLE_WALL_LINE"": 0.1}",PERIMETER,"[""SP-GBP-14""]","[""OFF_PLATE""]",centreline cut every 50 mm across beam width + 50 mm; parallel (< 10 deg) P7757 GF wall-line element crossing the cut; wall class by 400 mm face probes on the S1 GBP slab panels,ARCHITECTURAL_PLAN (P7757 GF) + STRUCTURAL_SLAB_PANELS (S1 GBP),wall line over 100%; 98% of the wall is exterior
GSO-137-138-1,"[""137"", ""138""]","[""10A"", ""10C"", ""138"", ""139""]",2.45,1.9,1.65,0.25,77.6,MASONRY_200,UNDER_EXTERIOR_WALL,EXTERIOR,1.0,0.0,"{""EXTERIOR"": 1.65}","{""MASONRY_200"": 1.65}",PERIMETER,"[""SP-GBP-14""]","[""SP-GBP-01""]",centreline cut every 50 mm across beam width + 50 mm; parallel (< 10 deg) P7757 GF wall-line element crossing the cut; wall class by 400 mm face probes on the S1 GBP slab panels,ARCHITECTURAL_PLAN (P7757 GF) + STRUCTURAL_SLAB_PANELS (S1 GBP),wall line over 78%; 100% of the wall is exterior
GSO-13C-7D9-1,"[""13C"", ""7D9""]","[""115"", ""116"", ""117"", ""118""]",1.45,1.1,0.8,0.3,75.9,MASONRY_150,UNDER_INTERIOR_WALL,INTERIOR,0.0,0.875,"{""INTERIOR"": 0.7, ""UNKNOWN_SIDE"": 0.1}","{""MASONRY_150"": 0.8}",INTERNAL,"[""SP-GBP-10"", ""SP-GBP-19""]",[],centreline cut every 50 mm across beam width + 50 mm; parallel (< 10 deg) P7757 GF wall-line element crossing the cut; wall class by 400 mm face probes on the S1 GBP slab panels,ARCHITECTURAL_PLAN (P7757 GF) + STRUCTURAL_SLAB_PANELS (S1 GBP),wall line over 76%; 88% of the wall is interior
GSO-13D-7D2-1,"[""13D"", ""7D2""]","[""11A"", ""11B"", ""11D"", ""11E"", ""11F"", ""120"", ""121"", ""122"", ""123"", ""3A9"", ""3AC"", ""3B5""]",5.9,5.45,5.2,0.25,92.4,MASONRY_200,UNDER_EXTERIOR_WALL,EXTERIOR,0.971,0.0,"{""EXTERIOR"": 5.05, ""UNKNOWN_SIDE"": 0.15}","{""GLAZING"": 1.85, ""MASONRY_200"": 3.35}",PERIMETER,"[""SP-GBP-10"", ""SP-GBP-15"", ""SP-GBP-18""]","[""SP-GBP-01""]",centreline cut every 50 mm across beam width + 50 mm; parallel (< 10 deg) P7757 GF wall-line element crossing the cut; wall class by 400 mm face probes on the S1 GBP slab panels,ARCHITECTURAL_PLAN (P7757 GF) + STRUCTURAL_SLAB_PANELS (S1 GBP),wall line over 92%; 97% of the wall is exterior
GSO-13E-7D6-1,"[""13E"", ""7D6""]","[""127"", ""128"", ""129"", ""12A"", ""12B"", ""12C""]",5.1,4.25,4.25,0.0,83.3,MASONRY_150,UNDER_INTERIOR_WALL,INTERIOR,0.141,0.859,"{""EXTERIOR"": 0.6, ""INTERIOR"": 3.65}","{""MASONRY_150"": 3.65, ""MASONRY_200"": 0.6}",INTERNAL,"[""SP-GBP-10"", ""SP-GBP-14"", ""SP-GBP-19""]",[],centreline cut every 50 mm across beam width + 50 mm; parallel (< 10 deg) P7757 GF wall-line element crossing the cut; wall class by 400 mm face probes on the S1 GBP slab panels,ARCHITECTURAL_PLAN (P7757 GF) + STRUCTURAL_SLAB_PANELS (S1 GBP),wall line over 83%; 86% of the wall is interior
GSO-13F-7D3-1,"[""13F"", ""7D3""]","[""12D"", ""12E"", ""12F""]",4.3,4.3,4.3,0.0,100.0,MASONRY_150,UNDER_INTERIOR_WALL,INTERIOR,0.0,1.0,"{""INTERIOR"": 4.3}","{""MASONRY_150"": 4.3}",INTERNAL,"[""SP-GBP-10"", ""SP-GBP-15"", ""SP-GBP-19""]",[],centreline cut every 50 mm across beam width + 50 mm; parallel (< 10 deg) P7757 GF wall-line element crossing the cut; wall class by 400 mm face probes on the S1 GBP slab panels,ARCHITECTURAL_PLAN (P7757 GF) + STRUCTURAL_SLAB_PANELS (S1 GBP),wall line over 100%; 100% of the wall is interior
GSO-140-7D7-1,"[""140"", ""7D7""]","[""130"", ""131"", ""132"", ""133"", ""136""]",4.3,3.95,3.65,0.3,91.9,MASONRY_150,UNDER_INTERIOR_WALL,INTERIOR,0.0,0.986,"{""INTERIOR"": 3.6, ""UNKNOWN_SIDE"": 0.05}","{""MASONRY_150"": 3.6, ""SINGLE_WALL_LINE"": 0.05}",INTERNAL,"[""SP-GBP-15"", ""SP-GBP-18"", ""SP-GBP-20""]",[],centreline cut every 50 mm across beam width + 50 mm; parallel (< 10 deg) P7757 GF wall-line element crossing the cut; wall class by 400 mm face probes on the S1 GBP slab panels,ARCHITECTURAL_PLAN (P7757 GF) + STRUCTURAL_SLAB_PANELS (S1 GBP),wall line over 92%; 99% of the wall is interior
GSO-141-7DA-1,"[""141"", ""7DA""]","[""134"", ""135""]",1.2,1.2,1.2,0.0,100.0,MASONRY_150,UNDER_INTERIOR_WALL,INTERIOR,0.0,1.0,"{""INTERIOR"": 1.2}","{""MASONRY_150"": 1.2}",INTERNAL,"[""SP-GBP-20"", ""SP-GBP-21""]",[],centreline cut every 50 mm across beam width + 50 mm; parallel (< 10 deg) P7757 GF wall-line element crossing the cut; wall class by 400 mm face probes on the S1 GBP slab panels,ARCHITECTURAL_PLAN (P7757 GF) + STRUCTURAL_SLAB_PANELS (S1 GBP),wall line over 100%; 100% of the wall is interior
GSO-142-7D8-1,"[""142"", ""7D8""]","[""14E"", ""14F""]",2.45,1.55,1.55,0.0,63.3,MASONRY_200,UNDER_INTERIOR_WALL,INTERIOR,0.0,0.935,"{""INTERIOR"": 1.45, ""UNKNOWN_SIDE"": 0.1}","{""MASONRY_200"": 1.45, ""SINGLE_WALL_LINE"": 0.1}",INTERNAL,"[""SP-GBP-18"", ""SP-GBP-20"", ""SP-GBP-21""]",[],centreline cut every 50 mm across beam width + 50 mm; parallel (< 10 deg) P7757 GF wall-line element crossing the cut; wall class by 400 mm face probes on the S1 GBP slab panels,ARCHITECTURAL_PLAN (P7757 GF) + STRUCTURAL_SLAB_PANELS (S1 GBP),wall line over 63%; 94% of the wall is interior
GSO-145-7CA-1,"[""145"", ""7CA""]","[""158"", ""15A""]",0.4,0.4,0.4,0.0,100.0,MASONRY_200,AMBIGUOUS_WALL_RELATION,EXTERIOR,0.75,0.0,"{""EXTERIOR"": 0.3, ""UNKNOWN_SIDE"": 0.1}","{""MASONRY_200"": 0.3, ""SINGLE_WALL_LINE"": 0.1}",UNKNOWN,"[""SP-GBP-16""]","[""SP-GBP-01""]",centreline cut every 50 mm across beam width + 50 mm; parallel (< 10 deg) P7757 GF wall-line element crossing the cut; wall class by 400 mm face probes on the S1 GBP slab panels,ARCHITECTURAL_PLAN (P7757 GF) + STRUCTURAL_SLAB_PANELS (S1 GBP),"mixed wall classes along the span: EXTERIOR 75%, UNKNOWN_SIDE 25%"
GSO-145-7CA-2,"[""145"", ""7CA""]","[""158"", ""159"", ""15A"", ""15B""]",2.3,1.75,1.5,0.25,76.1,MASONRY_200,UNDER_EXTERIOR_WALL,EXTERIOR,0.833,0.167,"{""EXTERIOR"": 1.25, ""INTERIOR"": 0.25}","{""MASONRY_200"": 1.5}",INTERNAL,"[""SP-GBP-09"", ""SP-GBP-16""]","[""SP-GBP-01""]",centreline cut every 50 mm across beam width + 50 mm; parallel (< 10 deg) P7757 GF wall-line element crossing the cut; wall class by 400 mm face probes on the S1 GBP slab panels,ARCHITECTURAL_PLAN (P7757 GF) + STRUCTURAL_SLAB_PANELS (S1 GBP),wall line over 76%; 83% of the wall is exterior
GSO-15C-7CC-1,"[""15C"", ""7CC""]","[""20E"", ""20F"", ""21F"", ""220""]",2.4,1.85,1.6,0.25,77.1,MASONRY_200,UNDER_INTERIOR_WALL,INTERIOR,0.0,1.0,"{""INTERIOR"": 1.6}","{""MASONRY_200"": 1.6}",INTERNAL,"[""HOLE""]",[],centreline cut every 50 mm across beam width + 50 mm; parallel (< 10 deg) P7757 GF wall-line element crossing the cut; wall class by 400 mm face probes on the S1 GBP slab panels,ARCHITECTURAL_PLAN (P7757 GF) + STRUCTURAL_SLAB_PANELS (S1 GBP),wall line over 77%; 100% of the wall is interior
GSO-15D-7C8-1,"[""15D"", ""7C8""]","[""210"", ""211"", ""221""]",2.9,2.9,2.9,0.0,100.0,MASONRY_150,UNDER_INTERIOR_WALL,INTERIOR,0.0,1.0,"{""INTERIOR"": 2.9}","{""MASONRY_150"": 2.9}",INTERNAL,"[""HOLE"", ""SP-GBP-04""]",[],centreline cut every 50 mm across beam width + 50 mm; parallel (< 10 deg) P7757 GF wall-line element crossing the cut; wall class by 400 mm face probes on the S1 GBP slab panels,ARCHITECTURAL_PLAN (P7757 GF) + STRUCTURAL_SLAB_PANELS (S1 GBP),wall line over 100%; 100% of the wall is interior
GSO-15E-15F-1,"[""15E"", ""15F""]","[""214"", ""215"", ""21B"", ""21C""]",3.0,2.25,2.25,0.0,75.0,MASONRY_200,UNDER_INTERIOR_WALL,INTERIOR,0.0,1.0,"{""INTERIOR"": 2.25}","{""MASONRY_200"": 2.2, ""SINGLE_WALL_LINE"": 0.05}",INTERNAL,"[""HOLE"", ""SP-GBP-04""]",[],centreline cut every 50 mm across beam width + 50 mm; parallel (< 10 deg) P7757 GF wall-line element crossing the cut; wall class by 400 mm face probes on the S1 GBP slab panels,ARCHITECTURAL_PLAN (P7757 GF) + STRUCTURAL_SLAB_PANELS (S1 GBP),wall line over 75%; 100% of the wall is interior
GSO-16F-7FF-1,"[""16F"", ""7FF""]","[""2AF"", ""2B0"", ""2B1"", ""2B2""]",1.25,0.9,0.65,0.25,72.0,MASONRY_150,UNDER_INTERIOR_WALL,INTERIOR,0.0,0.923,"{""INTERIOR"": 0.6, ""UNKNOWN_SIDE"": 0.05}","{""MASONRY_150"": 0.65}",INTERNAL,"[""HOLE"", ""SP-GBP-04""]",[],centreline cut every 50 mm across beam width + 50 mm; parallel (< 10 deg) P7757 GF wall-line element crossing the cut; wall class by 400 mm face probes on the S1 GBP slab panels,ARCHITECTURAL_PLAN (P7757 GF) + STRUCTURAL_SLAB_PANELS (S1 GBP),wall line over 72%; 92% of the wall is interior
GSO-170-7C3-1,"[""170"", ""7C3""]","[""2AB"", ""2AC"", ""2AD"", ""2AE"", ""2B3"", ""2B4"", ""2B8"", ""2B9"", ""2BA"", ""2BB"", ""3DC"", ""3E9""]",6.22,5.668,5.518,0.15,91.1,MASONRY_200,UNDER_EXTERIOR_WALL,EXTERIOR,0.991,0.0,"{""EXTERIOR"": 5.468, ""UNKNOWN_SIDE"": 0.05}","{""GLAZING"": 0.803, ""MASONRY_200"": 4.665, ""SINGLE_WALL_LINE"": 0.05}",PERIMETER,"[""HOLE"", ""SP-GBP-03"", ""SP-GBP-04""]","[""SP-GBP-01""]",centreline cut every 50 mm across beam width + 50 mm; parallel (< 10 deg) P7757 GF wall-line element crossing the cut; wall class by 400 mm face probes on the S1 GBP slab panels,ARCHITECTURAL_PLAN (P7757 GF) + STRUCTURAL_SLAB_PANELS (S1 GBP),wall line over 91%; 99% of the wall is exterior
GSO-170-7C3-2,"[""170"", ""7C3""]","[""272"", ""273"", ""2B4"", ""2B5"", ""2BB"", ""2BC"", ""3F6""]",3.6,3.6,3.6,0.0,100.0,MASONRY_200,UNDER_EXTERIOR_WALL,EXTERIOR,1.0,0.0,"{""EXTERIOR"": 3.6}","{""GLAZING"": 0.4, ""MASONRY_200"": 3.2}",PERIMETER,"[""SP-GBP-02"", ""SP-GBP-05""]","[""SP-GBP-01""]",centreline cut every 50 mm across beam width + 50 mm; parallel (< 10 deg) P7757 GF wall-line element crossing the cut; wall class by 400 mm face probes on the S1 GBP slab panels,ARCHITECTURAL_PLAN (P7757 GF) + STRUCTURAL_SLAB_PANELS (S1 GBP),wall line over 100%; 100% of the wall is exterior
GSO-170-7C3-3,"[""170"", ""7C3""]","[""2B5"", ""2BC""]",3.35,3.35,3.35,0.0,100.0,MASONRY_200,UNDER_EXTERIOR_WALL,EXTERIOR,1.0,0.0,"{""EXTERIOR"": 3.35}","{""MASONRY_200"": 3.35}",PERIMETER,"[""SP-GBP-02""]","[""OFF_PLATE"", ""SP-GBP-01""]",centreline cut every 50 mm across beam width + 50 mm; parallel (< 10 deg) P7757 GF wall-line element crossing the cut; wall class by 400 mm face probes on the S1 GBP slab panels,ARCHITECTURAL_PLAN (P7757 GF) + STRUCTURAL_SLAB_PANELS (S1 GBP),wall line over 100%; 100% of the wall is exterior
GSO-175-7DE-1,"[""175"", ""7DE""]","[""2DD"", ""2DE""]",3.75,2.2,2.1,0.1,58.7,MASONRY_150,UNDER_INTERIOR_WALL,INTERIOR,0.0,0.929,"{""INTERIOR"": 1.95, ""UNKNOWN_SIDE"": 0.15}","{""MASONRY_150"": 1.95, ""SINGLE_WALL_LINE"": 0.15}",INTERNAL,"[""SP-GBP-02"", ""SP-GBP-05"", ""SP-GBP-06""]",[],centreline cut every 50 mm across beam width + 50 mm; parallel (< 10 deg) P7757 GF wall-line element crossing the cut; wall class by 400 mm face probes on the S1 GBP slab panels,ARCHITECTURAL_PLAN (P7757 GF) + STRUCTURAL_SLAB_PANELS (S1 GBP),wall line over 59%; 93% of the wall is interior
GSO-176-7E6-1,"[""176"", ""7E6""]","[""2DF"", ""2E0"", ""BD"", ""BE""]",3.75,2.2,1.85,0.35,58.7,MASONRY_150,UNDER_INTERIOR_WALL,INTERIOR,0.0,1.0,"{""INTERIOR"": 1.85}","{""MASONRY_150"": 1.75, ""SINGLE_WALL_LINE"": 0.1}",INTERNAL,"[""HOLE"", ""SP-GBP-03"", ""SP-GBP-05"", ""SP-GBP-06""]",[],centreline cut every 50 mm across beam width + 50 mm; parallel (< 10 deg) P7757 GF wall-line element crossing the cut; wall class by 400 mm face probes on the S1 GBP slab panels,ARCHITECTURAL_PLAN (P7757 GF) + STRUCTURAL_SLAB_PANELS (S1 GBP),wall line over 59%; 100% of the wall is interior
GSO-177-7CD-1,"[""177"", ""7CD""]","[""20C"", ""2E1"", ""2E2"", ""2E3"", ""2E4"", ""D2""]",5.37,3.664,3.312,0.351,68.2,MASONRY_150,UNDER_INTERIOR_WALL,INTERIOR,0.0,1.0,"{""INTERIOR"": 3.312}","{""MASONRY_150"": 3.312}",INTERNAL,"[""HOLE"", ""SP-GBP-06"", ""SP-GBP-08""]",[],centreline cut every 50 mm across beam width + 50 mm; parallel (< 10 deg) P7757 GF wall-line element crossing the cut; wall class by 400 mm face probes on the S1 GBP slab panels,ARCHITECTURAL_PLAN (P7757 GF) + STRUCTURAL_SLAB_PANELS (S1 GBP),wall line over 68%; 100% of the wall is interior
GSO-177-7CD-2,"[""177"", ""7CD""]","[""2E2"", ""2E4""]",1.887,1.887,1.887,0.0,100.0,MASONRY_150,UNDER_INTERIOR_WALL,INTERIOR,0.0,1.0,"{""INTERIOR"": 1.887}","{""MASONRY_150"": 1.887}",INTERNAL,"[""SP-GBP-02"", ""SP-GBP-07"", ""SP-GBP-08""]",[],centreline cut every 50 mm across beam width + 50 mm; parallel (< 10 deg) P7757 GF wall-line element crossing the cut; wall class by 400 mm face probes on the S1 GBP slab panels,ARCHITECTURAL_PLAN (P7757 GF) + STRUCTURAL_SLAB_PANELS (S1 GBP),wall line over 100%; 100% of the wall is interior
GSO-178-7DB-1,"[""178"", ""7DB""]","[""34D""]",3.8,0.3,0.15,0.15,7.9,SINGLE_WALL_LINE,NO_WALL_ABOVE,UNKNOWN_SIDE,0.0,0.0,"{""UNKNOWN_SIDE"": 0.15}","{""SINGLE_WALL_LINE"": 0.15}",PERIMETER,"[""SP-GBP-09""]","[""SP-GBP-01""]",centreline cut every 50 mm across beam width + 50 mm; parallel (< 10 deg) P7757 GF wall-line element crossing the cut; wall class by 400 mm face probes on the S1 GBP slab panels,ARCHITECTURAL_PLAN (P7757 GF) + STRUCTURAL_SLAB_PANELS (S1 GBP),wall line over 8% of the span (< 10%)
GSO-17B-7E5-1,"[""17B"", ""7E5""]",[],1.2,0.0,0.0,0.0,0.0,,NO_WALL_ABOVE,,0.0,0.0,{},{},INTERNAL,"[""SP-GBP-22"", ""SP-GBP-23""]",[],centreline cut every 50 mm across beam width + 50 mm; parallel (< 10 deg) P7757 GF wall-line element crossing the cut; wall class by 400 mm face probes on the S1 GBP slab panels,ARCHITECTURAL_PLAN (P7757 GF) + STRUCTURAL_SLAB_PANELS (S1 GBP),wall line over 0% of the span (< 10%)
GSO-17C-7E3-1,"[""17C"", ""7E3""]",[],3.228,0.0,0.0,0.0,0.0,,NO_WALL_ABOVE,,0.0,0.0,{},{},INTERNAL,"[""HOLE""]",[],centreline cut every 50 mm across beam width + 50 mm; parallel (< 10 deg) P7757 GF wall-line element crossing the cut; wall class by 400 mm face probes on the S1 GBP slab panels,ARCHITECTURAL_PLAN (P7757 GF) + STRUCTURAL_SLAB_PANELS (S1 GBP),wall line over 0% of the span (< 10%)
GSO-17D-7E4-1,"[""17D"", ""7E4""]",[],4.272,0.0,0.0,0.0,0.0,,NO_WALL_ABOVE,,0.0,0.0,{},{},INTERNAL,"[""SP-GBP-12"", ""SP-GBP-17"", ""SP-GBP-22""]",[],centreline cut every 50 mm across beam width + 50 mm; parallel (< 10 deg) P7757 GF wall-line element crossing the cut; wall class by 400 mm face probes on the S1 GBP slab panels,ARCHITECTURAL_PLAN (P7757 GF) + STRUCTURAL_SLAB_PANELS (S1 GBP),wall line over 0% of the span (< 10%)
GSO-17E-17F-1,"[""17E"", ""17F""]","[""31A"", ""31B"", ""31D"", ""31E"", ""31F""]",2.467,1.812,1.259,0.554,73.5,MASONRY_150,UNDER_INTERIOR_WALL,INTERIOR,0.0,0.96,"{""INTERIOR"": 1.208, ""UNKNOWN_SIDE"": 0.05}","{""MASONRY_150"": 1.158, ""SINGLE_WALL_LINE"": 0.101}",INTERNAL,"[""HOLE""]",[],centreline cut every 50 mm across beam width + 50 mm; parallel (< 10 deg) P7757 GF wall-line element crossing the cut; wall class by 400 mm face probes on the S1 GBP slab panels,ARCHITECTURAL_PLAN (P7757 GF) + STRUCTURAL_SLAB_PANELS (S1 GBP),wall line over 73%; 96% of the wall is interior
GSO-180-181-1,"[""180"", ""181""]","[""324"", ""325""]",0.789,0.789,0.789,0.0,100.0,MASONRY_150,UNDER_INTERIOR_WALL,INTERIOR,0.0,1.0,"{""INTERIOR"": 0.789}","{""MASONRY_150"": 0.789}",INTERNAL,"[""HOLE"", ""SP-GBP-05""]",[],centreline cut every 50 mm across beam width + 50 mm; parallel (< 10 deg) P7757 GF wall-line element crossing the cut; wall class by 400 mm face probes on the S1 GBP slab panels,ARCHITECTURAL_PLAN (P7757 GF) + STRUCTURAL_SLAB_PANELS (S1 GBP),wall line over 100%; 100% of the wall is interior
GSO-180D-180E-1,"[""180D"", ""180E""]","[""2E5"", ""2E6"", ""2E7"", ""2E8""]",2.1,0.9,0.6,0.3,42.9,MASONRY_150,AMBIGUOUS_WALL_RELATION,INTERIOR,0.0,1.0,"{""INTERIOR"": 0.6}","{""MASONRY_150"": 0.55, ""SINGLE_WALL_LINE"": 0.05}",INTERNAL,"[""SP-GBP-05"", ""SP-GBP-06""]",[],centreline cut every 50 mm across beam width + 50 mm; parallel (< 10 deg) P7757 GF wall-line element crossing the cut; wall class by 400 mm face probes on the S1 GBP slab panels,ARCHITECTURAL_PLAN (P7757 GF) + STRUCTURAL_SLAB_PANELS (S1 GBP),partial overlap: wall line over 43% of the span
GSO-1811-1812-1,"[""1811"", ""1812""]",[],1.3,0.6,0.0,0.6,46.2,,AMBIGUOUS_WALL_RELATION,,0.0,0.0,{},{},UNKNOWN,[],"[""OFF_PLATE"", ""SP-GBP-01""]",centreline cut every 50 mm across beam width + 50 mm; parallel (< 10 deg) P7757 GF wall-line element crossing the cut; wall class by 400 mm face probes on the S1 GBP slab panels,ARCHITECTURAL_PLAN (P7757 GF) + STRUCTURAL_SLAB_PANELS (S1 GBP),openings only (no wall element) over the span
GSO-182-183-1,"[""182"", ""183""]","[""326"", ""327""]",2.073,2.073,2.073,0.0,100.0,MASONRY_150,UNDER_INTERIOR_WALL,INTERIOR,0.0,1.0,"{""INTERIOR"": 2.073}","{""MASONRY_150"": 2.073}",INTERNAL,"[""HOLE"", ""SP-GBP-03""]",[],centreline cut every 50 mm across beam width + 50 mm; parallel (< 10 deg) P7757 GF wall-line element crossing the cut; wall class by 400 mm face probes on the S1 GBP slab panels,ARCHITECTURAL_PLAN (P7757 GF) + STRUCTURAL_SLAB_PANELS (S1 GBP),wall line over 100%; 100% of the wall is interior
GSO-184-7CF-1,"[""184"", ""7CF""]",[],3.27,0.0,0.0,0.0,0.0,,NO_WALL_ABOVE,,0.0,0.0,{},{},INTERNAL,"[""SP-GBP-12"", ""SP-GBP-22""]",[],centreline cut every 50 mm across beam width + 50 mm; parallel (< 10 deg) P7757 GF wall-line element crossing the cut; wall class by 400 mm face probes on the S1 GBP slab panels,ARCHITECTURAL_PLAN (P7757 GF) + STRUCTURAL_SLAB_PANELS (S1 GBP),wall line over 0% of the span (< 10%)
GSO-184-7CF-2,"[""184"", ""7CF""]","[""336"", ""337""]",3.05,2.9,2.9,0.0,95.1,MASONRY_200,UNDER_INTERIOR_WALL,INTERIOR,0.0,0.983,"{""INTERIOR"": 2.85, ""UNKNOWN_SIDE"": 0.05}","{""MASONRY_200"": 2.85, ""SINGLE_WALL_LINE"": 0.05}",INTERNAL,"[""SP-GBP-11"", ""SP-GBP-22""]",[],centreline cut every 50 mm across beam width + 50 mm; parallel (< 10 deg) P7757 GF wall-line element crossing the cut; wall class by 400 mm face probes on the S1 GBP slab panels,ARCHITECTURAL_PLAN (P7757 GF) + STRUCTURAL_SLAB_PANELS (S1 GBP),wall line over 95%; 98% of the wall is interior
GSO-184-7CF-3,"[""184"", ""7CF""]","[""337""]",5.15,0.2,0.2,0.0,3.9,SINGLE_WALL_LINE,NO_WALL_ABOVE,UNKNOWN_SIDE,0.0,0.0,"{""UNKNOWN_SIDE"": 0.2}","{""SINGLE_WALL_LINE"": 0.2}",INTERNAL,"[""SP-GBP-13"", ""SP-GBP-23""]",[],centreline cut every 50 mm across beam width + 50 mm; parallel (< 10 deg) P7757 GF wall-line element crossing the cut; wall class by 400 mm face probes on the S1 GBP slab panels,ARCHITECTURAL_PLAN (P7757 GF) + STRUCTURAL_SLAB_PANELS (S1 GBP),wall line over 4% of the span (< 10%)
GSO-185-7C7-1,"[""185"", ""7C7""]","[""338"", ""34C""]",0.85,0.85,0.85,0.0,100.0,PAIRED_400,UNDER_EXTERIOR_WALL,EXTERIOR,1.0,0.0,"{""EXTERIOR"": 0.85}","{""PAIRED_400"": 0.85}",PERIMETER,"[""SP-GBP-09""]","[""SP-GBP-01""]",centreline cut every 50 mm across beam width + 50 mm; parallel (< 10 deg) P7757 GF wall-line element crossing the cut; wall class by 400 mm face probes on the S1 GBP slab panels,ARCHITECTURAL_PLAN (P7757 GF) + STRUCTURAL_SLAB_PANELS (S1 GBP),wall line over 100%; 100% of the wall is exterior
GSO-7D0-FC-1,"[""7D0"", ""FC""]","[""103"", ""104"", ""9A"", ""A6""]",3.375,3.375,3.375,0.0,100.0,MASONRY_200,UNDER_EXTERIOR_WALL,EXTERIOR,0.882,0.0,"{""EXTERIOR"": 2.978, ""UNKNOWN_SIDE"": 0.397}","{""MASONRY_200"": 3.375}",PERIMETER,"[""SP-GBP-16""]","[""OFF_PLATE""]",centreline cut every 50 mm across beam width + 50 mm; parallel (< 10 deg) P7757 GF wall-line element crossing the cut; wall class by 400 mm face probes on the S1 GBP slab panels,ARCHITECTURAL_PLAN (P7757 GF) + STRUCTURAL_SLAB_PANELS (S1 GBP),wall line over 100%; 88% of the wall is exterior
GSO-7D0-FC-2,"[""7D0"", ""FC""]","[""103"", ""104""]",6.245,6.245,6.245,0.0,100.0,MASONRY_200,UNDER_EXTERIOR_WALL,EXTERIOR,1.0,0.0,"{""EXTERIOR"": 6.245}","{""MASONRY_200"": 6.245}",PERIMETER,"[""SP-GBP-17"", ""SP-GBP-22""]","[""OFF_PLATE""]",centreline cut every 50 mm across beam width + 50 mm; parallel (< 10 deg) P7757 GF wall-line element crossing the cut; wall class by 400 mm face probes on the S1 GBP slab panels,ARCHITECTURAL_PLAN (P7757 GF) + STRUCTURAL_SLAB_PANELS (S1 GBP),wall line over 100%; 100% of the wall is exterior
GSO-7D0-FC-3,"[""7D0"", ""FC""]","[""103"", ""104""]",6.65,6.65,6.65,0.0,100.0,MASONRY_200,UNDER_EXTERIOR_WALL,EXTERIOR,1.0,0.0,"{""EXTERIOR"": 6.65}","{""MASONRY_200"": 6.65}",PERIMETER,"[""SP-GBP-22"", ""SP-GBP-23""]","[""OFF_PLATE""]",centreline cut every 50 mm across beam width + 50 mm; parallel (< 10 deg) P7757 GF wall-line element crossing the cut; wall class by 400 mm face probes on the S1 GBP slab panels,ARCHITECTURAL_PLAN (P7757 GF) + STRUCTURAL_SLAB_PANELS (S1 GBP),wall line over 100%; 100% of the wall is exterior
GSO-7D0-FC-4,"[""7D0"", ""FC""]","[""103"", ""104""]",1.4,1.4,1.4,0.0,100.0,MASONRY_200,UNDER_EXTERIOR_WALL,EXTERIOR,1.0,0.0,"{""EXTERIOR"": 1.4}","{""MASONRY_200"": 1.4}",PERIMETER,"[""SP-GBP-23""]","[""OFF_PLATE""]",centreline cut every 50 mm across beam width + 50 mm; parallel (< 10 deg) P7757 GF wall-line element crossing the cut; wall class by 400 mm face probes on the S1 GBP slab panels,ARCHITECTURAL_PLAN (P7757 GF) + STRUCTURAL_SLAB_PANELS (S1 GBP),wall line over 100%; 100% of the wall is exterior
GSO-7D4-F8-1,"[""7D4"", ""F8""]","[""114"", ""119"", ""85""]",5.53,5.53,5.53,0.0,100.0,MASONRY_200,UNDER_EXTERIOR_WALL,EXTERIOR,1.0,0.0,"{""EXTERIOR"": 5.53}","{""MASONRY_200"": 5.53}",PERIMETER,"[""SP-GBP-14"", ""SP-GBP-19""]","[""OFF_PLATE""]",centreline cut every 50 mm across beam width + 50 mm; parallel (< 10 deg) P7757 GF wall-line element crossing the cut; wall class by 400 mm face probes on the S1 GBP slab panels,ARCHITECTURAL_PLAN (P7757 GF) + STRUCTURAL_SLAB_PANELS (S1 GBP),wall line over 100%; 100% of the wall is exterior
GSO-7D4-F8-2,"[""7D4"", ""F8""]","[""111"", ""112"", ""113"", ""85""]",4.3,4.3,4.3,0.0,100.0,MASONRY_200,UNDER_EXTERIOR_WALL,EXTERIOR,1.0,0.0,"{""EXTERIOR"": 4.3}","{""MASONRY_200"": 4.3}",PERIMETER,"[""SP-GBP-15"", ""SP-GBP-20"", ""SP-GBP-21""]","[""OFF_PLATE""]",centreline cut every 50 mm across beam width + 50 mm; parallel (< 10 deg) P7757 GF wall-line element crossing the cut; wall class by 400 mm face probes on the S1 GBP slab panels,ARCHITECTURAL_PLAN (P7757 GF) + STRUCTURAL_SLAB_PANELS (S1 GBP),wall line over 100%; 100% of the wall is exterior
GSO-7DC-7DD-1,"[""7DC"", ""7DD""]",[],3.525,0.0,0.0,0.0,0.0,,NO_WALL_ABOVE,,0.0,0.0,{},{},INTERNAL,"[""SP-GBP-11"", ""SP-GBP-12""]",[],centreline cut every 50 mm across beam width + 50 mm; parallel (< 10 deg) P7757 GF wall-line element crossing the cut; wall class by 400 mm face probes on the S1 GBP slab panels,ARCHITECTURAL_PLAN (P7757 GF) + STRUCTURAL_SLAB_PANELS (S1 GBP),wall line over 0% of the span (< 10%)
GSO-7DC-7DD-2,"[""7DC"", ""7DD""]",[],3.525,0.0,0.0,0.0,0.0,,NO_WALL_ABOVE,,0.0,0.0,{},{},INTERNAL,"[""HOLE"", ""SP-GBP-08""]",[],centreline cut every 50 mm across beam width + 50 mm; parallel (< 10 deg) P7757 GF wall-line element crossing the cut; wall class by 400 mm face probes on the S1 GBP slab panels,ARCHITECTURAL_PLAN (P7757 GF) + STRUCTURAL_SLAB_PANELS (S1 GBP),wall line over 0% of the span (< 10%)
GSO-7E0-FD-1,"[""7E0"", ""FD""]","[""265"", ""8B"", ""B5""]",3.85,3.85,3.85,0.0,100.0,GLAZING,UNDER_EXTERIOR_WALL,EXTERIOR,0.974,0.0,"{""EXTERIOR"": 3.75, ""SITE_BOTH_OUTSIDE"": 0.1}","{""GLAZING"": 2.85, ""MASONRY_200"": 0.9, ""SINGLE_WALL_LINE"": 0.1}",PERIMETER,"[""SP-GBP-13"", ""SP-GBP-23""]","[""OFF_PLATE""]",centreline cut every 50 mm across beam width + 50 mm; parallel (< 10 deg) P7757 GF wall-line element crossing the cut; wall class by 400 mm face probes on the S1 GBP slab panels,ARCHITECTURAL_PLAN (P7757 GF) + STRUCTURAL_SLAB_PANELS (S1 GBP),wall line over 100%; 97% of the wall is exterior
GSO-7E0-FD-2,"[""7E0"", ""FD""]","[""265"", ""8C"", ""B6""]",3.25,3.25,3.25,0.0,100.0,GLAZING,UNDER_EXTERIOR_WALL,EXTERIOR,1.0,0.0,"{""EXTERIOR"": 3.25}","{""GLAZING"": 3.0, ""MASONRY_200"": 0.25}",PERIMETER,"[""SP-GBP-13""]","[""OFF_PLATE""]",centreline cut every 50 mm across beam width + 50 mm; parallel (< 10 deg) P7757 GF wall-line element crossing the cut; wall class by 400 mm face probes on the S1 GBP slab panels,ARCHITECTURAL_PLAN (P7757 GF) + STRUCTURAL_SLAB_PANELS (S1 GBP),wall line over 100%; 100% of the wall is exterior
GSO-7E1-7E2-1,"[""7E1"", ""7E2""]",[],6.72,0.0,0.0,0.0,0.0,,NO_WALL_ABOVE,,0.0,0.0,{},{},INTERNAL,"[""HOLE"", ""SP-GBP-12"", ""SP-GBP-17""]",[],centreline cut every 50 mm across beam width + 50 mm; parallel (< 10 deg) P7757 GF wall-line element crossing the cut; wall class by 400 mm face probes on the S1 GBP slab panels,ARCHITECTURAL_PLAN (P7757 GF) + STRUCTURAL_SLAB_PANELS (S1 GBP),wall line over 0% of the span (< 10%)
GSO-7E7-7E8-1,"[""7E7"", ""7E8""]",[],3.525,0.0,0.0,0.0,0.0,,NO_WALL_ABOVE,,0.0,0.0,{},{},INTERNAL,"[""SP-GBP-11"", ""SP-GBP-13""]",[],centreline cut every 50 mm across beam width + 50 mm; parallel (< 10 deg) P7757 GF wall-line element crossing the cut; wall class by 400 mm face probes on the S1 GBP slab panels,ARCHITECTURAL_PLAN (P7757 GF) + STRUCTURAL_SLAB_PANELS (S1 GBP),wall line over 0% of the span (< 10%)
GSO-7E7-7E8-2,"[""7E7"", ""7E8""]",[],3.525,0.0,0.0,0.0,0.0,,NO_WALL_ABOVE,,0.0,0.0,{},{},INTERNAL,"[""SP-GBP-07"", ""SP-GBP-08"", ""SP-GBP-13""]",[],centreline cut every 50 mm across beam width + 50 mm; parallel (< 10 deg) P7757 GF wall-line element crossing the cut; wall class by 400 mm face probes on the S1 GBP slab panels,ARCHITECTURAL_PLAN (P7757 GF) + STRUCTURAL_SLAB_PANELS (S1 GBP),wall line over 0% of the span (< 10%)
GSO-7E9-7EA-1,"[""7E9"", ""7EA""]",[],4.225,0.0,0.0,0.0,0.0,,NO_WALL_ABOVE,,0.0,0.0,{},{},INTERNAL,"[""SP-GBP-08"", ""SP-GBP-11""]",[],centreline cut every 50 mm across beam width + 50 mm; parallel (< 10 deg) P7757 GF wall-line element crossing the cut; wall class by 400 mm face probes on the S1 GBP slab panels,ARCHITECTURAL_PLAN (P7757 GF) + STRUCTURAL_SLAB_PANELS (S1 GBP),wall line over 0% of the span (< 10%)
GSO-A-139-13A-1,"[""139"", ""13A""]","[""10C"", ""10E"", ""128"", ""12C"", ""139""]",1.806,1.806,1.806,0.0,100.0,CURVED_WALL_LINE,UNDER_EXTERIOR_WALL,EXTERIOR,1.0,0.0,"{""EXTERIOR"": 1.806}","{""CURVED_WALL_LINE"": 1.606, ""MASONRY_200"": 0.201}",PERIMETER,"[""SP-GBP-14""]","[""SP-GBP-01""]",centreline cut every 50 mm across beam width + 50 mm; parallel (< 10 deg) P7757 GF wall-line element crossing the cut; wall class by 400 mm face probes on the S1 GBP slab panels,ARCHITECTURAL_PLAN (P7757 GF) + STRUCTURAL_SLAB_PANELS (S1 GBP),wall line over 100%; 100% of the wall is exterior
GSO-A-157-158-1,"[""157"", ""158""]","[""280""]",6.287,6.287,6.287,0.0,100.0,CURVED_GLAZING,UNDER_EXTERIOR_WALL,EXTERIOR,1.0,0.0,"{""EXTERIOR"": 6.287}","{""CURVED_GLAZING"": 6.287}",PERIMETER,"[""SP-GBP-02"", ""SP-GBP-07""]","[""OFF_PLATE""]",centreline cut every 50 mm across beam width + 50 mm; parallel (< 10 deg) P7757 GF wall-line element crossing the cut; wall class by 400 mm face probes on the S1 GBP slab panels,ARCHITECTURAL_PLAN (P7757 GF) + STRUCTURAL_SLAB_PANELS (S1 GBP),wall line over 100%; 100% of the wall is exterior
