STAIR_ID,FLIGHT_OR_LANDING_ID,SOURCE_HANDLE,PHYSICAL_BAR_ROLE,BAR_DIAMETER_MM,SPACING_OR_COUNT,DISTRIBUTION_SCOPE,SUPPORTED_LENGTH,OWNER,QUANTITY_STATE,EQUIVALENT_LENGTH_M,KG,REASON,FORMULA
ST-A,A1-L1,GFRS 491 (44A/44E) N-S,LANDING_BOTTOM_LONGITUDINAL,16,8/m,landing plate 1.20 x 1.20 m,"plate face to face (riser line, beam / column / void faces); anchorage separate",S8.7,PROJECT_BASIS_QTO,11.52,18.204444444,plan callout and bar lines cross the released plate; rate density over the plate (S7 AD2-D02 reading); layer bottom (unqualified callout; p.16),8 /m x 1.44 m2 = 11.52 m; x 16^2/162 = 1.580246914 kg/m -> 18.204444444 kg
ST-A,A1-L1,GFRS 48F (451/452) E-W,LANDING_BOTTOM_TRANSVERSE,16,8/m,landing plate 1.20 x 1.20 m,"plate face to face (riser line, beam / column / void faces); anchorage separate",S8.7,PROJECT_BASIS_QTO,11.52,18.204444444,plan callout and bar lines cross the released plate; rate density over the plate (S7 AD2-D02 reading); layer bottom (unqualified callout; p.16),8 /m x 1.44 m2 = 11.52 m; x 16^2/162 = 1.580246914 kg/m -> 18.204444444 kg
ST-A,A2-T1,FFRS 749 (741/742) N-S,LANDING_BOTTOM_LONGITUDINAL,16,8/m,arrival strip 1.20 x 0.10 m,"plate face to face (riser line, beam / column / void faces); anchorage separate",S8.7,PROJECT_BASIS_QTO,0.96,1.517037037,plan callout and bar lines cross the released plate; rate density over the plate (S7 AD2-D02 reading); layer bottom (unqualified callout; p.16),8 /m x 0.12 m2 = 0.96 m; x 16^2/162 = 1.580246914 kg/m -> 1.517037037 kg
ST-C,C-T1,GFRS 53D (2CC/2CD) N-S,LANDING_BOTTOM_LONGITUDINAL,16,8/m,top arrival plate (S1 zone north of S315),"plate face to face (riser line, beam / column / void faces); anchorage separate",S8.7,PROJECT_BASIS_QTO,13.3491394,21.094936336,plan callout and bar lines cross the released plate; rate density over the plate (S7 AD2-D02 reading); layer bottom (unqualified callout; p.16),8 /m x 1.668642425 m2 = 13.3491394 m; x 16^2/162 = 1.580246914 kg/m -> 21.094936336 kg
ST-A,A1-L1,p.16 6Ø12/m,LANDING_TOP,12,6/m,landing,,S8.7,BLOCKED_UNQUANTIFIED,,,"typical detail only: no plan callout, note or reference",
ST-A,A1-L1,p.16 6Ø14/m,TOP_JUNCTION_BENT,14,6/m,landing / flight junction,,S8.7,BLOCKED_UNQUANTIFIED,,,"typical detail only: no plan callout, note or reference",
ST-A,A1-L1,-,ANCHORAGE_AND_CONTINUATION,16,,bar ends at the beam / column / flight,,S8.7,BLOCKED_UNQUANTIFIED,,,anchorage into the supports and continuation into the flight are not stated (no length is made from generic practice),
ST-A,A2-T1,-,LANDING_BOTTOM_TRANSVERSE,,,plate,,S8.7,NOT_IN_SOURCE,,,no callout or bar line crosses this plate in the other direction,
ST-A,A2-T1,p.16 6Ø12/m,LANDING_TOP,12,6/m,landing,,S8.7,BLOCKED_UNQUANTIFIED,,,"typical detail only: no plan callout, note or reference",
ST-A,A2-T1,p.16 6Ø14/m,TOP_JUNCTION_BENT,14,6/m,landing / flight junction,,S8.7,BLOCKED_UNQUANTIFIED,,,"typical detail only: no plan callout, note or reference",
ST-A,A2-T1,-,ANCHORAGE_AND_CONTINUATION,16,,bar ends at the beam / column / flight,,S8.7,BLOCKED_UNQUANTIFIED,,,anchorage into the supports and continuation into the flight are not stated (no length is made from generic practice),
ST-C,C-T1,-,LANDING_BOTTOM_TRANSVERSE,,,plate,,S8.7,NOT_IN_SOURCE,,,no callout or bar line crosses this plate in the other direction,
ST-C,C-T1,p.16 6Ø12/m,LANDING_TOP,12,6/m,landing,,S8.7,BLOCKED_UNQUANTIFIED,,,"typical detail only: no plan callout, note or reference",
ST-C,C-T1,p.16 6Ø14/m,TOP_JUNCTION_BENT,14,6/m,landing / flight junction,,S8.7,BLOCKED_UNQUANTIFIED,,,"typical detail only: no plan callout, note or reference",
ST-C,C-T1,-,ANCHORAGE_AND_CONTINUATION,16,,bar ends at the beam / column / flight,,S8.7,BLOCKED_UNQUANTIFIED,,,anchorage into the supports and continuation into the flight are not stated (no length is made from generic practice),
ST-A,A2-L1,FFRS 749 + 747,LANDING_BOTTOM (two directions),16,8/m,landing plate,plate face to face,S8.7,BLOCKED_UNQUANTIFIED,,,"level not printed (landing blocked); sensitivity 36.408888889 kg (rate density, both directions)",
ST-C,C-L1,GFRS 537 + 53D,LANDING_BOTTOM (two directions),16,8/m,landing plate,plate face to face,S8.7,BLOCKED_UNQUANTIFIED,,,"level not printed (landing blocked); sensitivity 34.19654321 kg (rate density, both directions)",
ST-A,A1-F1,GFRS 490,MAIN_BOTTOM,16,8/m,flight width,inclined waist (not established),S8.7,SOURCE_CONFLICT,,,the flight geometry is in conflict (07),
ST-A,A1-F1,p.16 Ø12/20cm,DISTRIBUTION_TRANSVERSE,12,1 / 0.20 m,flight,,S8.7,BLOCKED_UNQUANTIFIED,,,"typical detail only: no plan callout, note or reference",
ST-A,A1-F1,p.16 Ø8/15,STEP_BAR,8,1 / 0.15 m,flight,,S8.7,BLOCKED_UNQUANTIFIED,,,"typical detail only: no plan callout, note or reference",
ST-A,A1-F1,p.16 1Ø12,NOSING_CORNER_BAR,12,1 per step,flight,,S8.7,BLOCKED_UNQUANTIFIED,,,"typical detail only: no plan callout, note or reference",
ST-A,A1-F1,p.16 6Ø14/m,TOP_JUNCTION_BENT,14,6/m,flight,,S8.7,BLOCKED_UNQUANTIFIED,,,"typical detail only: no plan callout, note or reference",
ST-A,A1-F2,GFRS 491,MAIN_BOTTOM,16,8/m,flight width,inclined waist (not established),S8.7,SOURCE_CONFLICT,,,the flight geometry is in conflict (07),
ST-A,A1-F2,p.16 Ø12/20cm,DISTRIBUTION_TRANSVERSE,12,1 / 0.20 m,flight,,S8.7,BLOCKED_UNQUANTIFIED,,,"typical detail only: no plan callout, note or reference",
ST-A,A1-F2,p.16 Ø8/15,STEP_BAR,8,1 / 0.15 m,flight,,S8.7,BLOCKED_UNQUANTIFIED,,,"typical detail only: no plan callout, note or reference",
ST-A,A1-F2,p.16 1Ø12,NOSING_CORNER_BAR,12,1 per step,flight,,S8.7,BLOCKED_UNQUANTIFIED,,,"typical detail only: no plan callout, note or reference",
ST-A,A1-F2,p.16 6Ø14/m,TOP_JUNCTION_BENT,14,6/m,flight,,S8.7,BLOCKED_UNQUANTIFIED,,,"typical detail only: no plan callout, note or reference",
ST-A,A2-F1,FFRS 748,MAIN_BOTTOM,16,8/m,flight width,inclined waist (not established),S8.7,BLOCKED_UNQUANTIFIED,,,the flight geometry is blocked (07),
ST-A,A2-F1,p.16 Ø12/20cm,DISTRIBUTION_TRANSVERSE,12,1 / 0.20 m,flight,,S8.7,BLOCKED_UNQUANTIFIED,,,"typical detail only: no plan callout, note or reference",
ST-A,A2-F1,p.16 Ø8/15,STEP_BAR,8,1 / 0.15 m,flight,,S8.7,BLOCKED_UNQUANTIFIED,,,"typical detail only: no plan callout, note or reference",
ST-A,A2-F1,p.16 1Ø12,NOSING_CORNER_BAR,12,1 per step,flight,,S8.7,BLOCKED_UNQUANTIFIED,,,"typical detail only: no plan callout, note or reference",
ST-A,A2-F1,p.16 6Ø14/m,TOP_JUNCTION_BENT,14,6/m,flight,,S8.7,BLOCKED_UNQUANTIFIED,,,"typical detail only: no plan callout, note or reference",
ST-A,A2-F2,FFRS 749,MAIN_BOTTOM,16,8/m,flight width,inclined waist (not established),S8.7,BLOCKED_UNQUANTIFIED,,,the flight geometry is blocked (07),
ST-A,A2-F2,p.16 Ø12/20cm,DISTRIBUTION_TRANSVERSE,12,1 / 0.20 m,flight,,S8.7,BLOCKED_UNQUANTIFIED,,,"typical detail only: no plan callout, note or reference",
ST-A,A2-F2,p.16 Ø8/15,STEP_BAR,8,1 / 0.15 m,flight,,S8.7,BLOCKED_UNQUANTIFIED,,,"typical detail only: no plan callout, note or reference",
ST-A,A2-F2,p.16 1Ø12,NOSING_CORNER_BAR,12,1 per step,flight,,S8.7,BLOCKED_UNQUANTIFIED,,,"typical detail only: no plan callout, note or reference",
ST-A,A2-F2,p.16 6Ø14/m,TOP_JUNCTION_BENT,14,6/m,flight,,S8.7,BLOCKED_UNQUANTIFIED,,,"typical detail only: no plan callout, note or reference",
ST-C,C-F1,GFRS 5BC + 537,MAIN_BOTTOM,16,8/m,flight width,inclined waist (not established),S8.7,BLOCKED_UNQUANTIFIED,,,the flight geometry is blocked (07),
ST-C,C-F1,p.16 Ø12/20cm,DISTRIBUTION_TRANSVERSE,12,1 / 0.20 m,flight,,S8.7,BLOCKED_UNQUANTIFIED,,,"typical detail only: no plan callout, note or reference",
ST-C,C-F1,p.16 Ø8/15,STEP_BAR,8,1 / 0.15 m,flight,,S8.7,BLOCKED_UNQUANTIFIED,,,"typical detail only: no plan callout, note or reference",
ST-C,C-F1,p.16 1Ø12,NOSING_CORNER_BAR,12,1 per step,flight,,S8.7,BLOCKED_UNQUANTIFIED,,,"typical detail only: no plan callout, note or reference",
ST-C,C-F1,p.16 6Ø14/m,TOP_JUNCTION_BENT,14,6/m,flight,,S8.7,BLOCKED_UNQUANTIFIED,,,"typical detail only: no plan callout, note or reference",
ST-C,C-F2,GFRS 53D,MAIN_BOTTOM,16,8/m,flight width,inclined waist (not established),S8.7,BLOCKED_UNQUANTIFIED,,,the flight geometry is blocked (07),
ST-C,C-F2,p.16 Ø12/20cm,DISTRIBUTION_TRANSVERSE,12,1 / 0.20 m,flight,,S8.7,BLOCKED_UNQUANTIFIED,,,"typical detail only: no plan callout, note or reference",
ST-C,C-F2,p.16 Ø8/15,STEP_BAR,8,1 / 0.15 m,flight,,S8.7,BLOCKED_UNQUANTIFIED,,,"typical detail only: no plan callout, note or reference",
ST-C,C-F2,p.16 1Ø12,NOSING_CORNER_BAR,12,1 per step,flight,,S8.7,BLOCKED_UNQUANTIFIED,,,"typical detail only: no plan callout, note or reference",
ST-C,C-F2,p.16 6Ø14/m,TOP_JUNCTION_BENT,14,6/m,flight,,S8.7,BLOCKED_UNQUANTIFIED,,,"typical detail only: no plan callout, note or reference",
ST-A,A1-F1,p.16 6Ø16/m,STARTER_FROM_GROUND_BEAM,16,6/m,first flight,,S8.7,BLOCKED_UNQUANTIFIED,,,typical detail only; no ground beam is drawn at the foot of the flight,
ST-C,C-F1,p.16 6Ø16/m,STARTER_FROM_GROUND_BEAM,16,6/m,first flight,,S8.7,BLOCKED_UNQUANTIFIED,,,typical detail only; no ground beam is drawn at the foot of the flight,
ST-A,A1-W1,GFRS 490 / 48F,WINDER_TURN_BARS,16,8/m,winder quadrant,,S8.7,BLOCKED_UNQUANTIFIED,,,winder soffit form not stated,
ST-A,A2-W1,FFRS 748 / 747,WINDER_TURN_BARS,16,8/m,winder quadrant,,S8.7,BLOCKED_UNQUANTIFIED,,,winder soffit form not stated,
ST-B,B-F1,-,NONE_SHOWN,,,,,S8.7,NOT_IN_SOURCE,,,no reinforcement drawn or noted,
ST-D,D-F1,-,NONE_SHOWN,,,,,S8.7,NOT_IN_SOURCE,,,no reinforcement drawn or noted,
