OPENING_ID,FLOOR,GEOMETRY,BBOX_MM,AREA_M2,TYPE,SOURCE,PANEL_OWNER,REBAR_DEDUCTION_RULE,TRIM_BAR_RULE,DIAGONAL_BAR_RULE,STATE,BAR_EFFECT
OP-SP-GF_ROOF_SLAB-09,GF_ROOF_SLAB,FACE SP-GF_ROOF_SLAB-09,"[31209, 16792, 32908, 19492]",3.686,OPEN_TO_BELOW_FACE,"{""void_texts"": [""2ED:void>v""], ""x_lines"": [""42E"", ""42F""]}",itself (a face bounded by supports),NONE_REQUIRED: no slab bar of a neighbouring panel crosses it (the bars stop at the bounding supports),NONE_DRAWN (SOURCE_EXPECTED_NOT_LOCATED),NONE_DRAWN (SOURCE_EXPECTED_NOT_LOCATED),VOID,"{""X"": {""band_mm"": null, ""effect"": ""NO_BARS_IN_THIS_DIRECTION""}, ""Y"": {""band_mm"": null, ""effect"": ""NO_BARS_IN_THIS_DIRECTION""}}"
OP-SP-GF_ROOF_SLAB-13,GF_ROOF_SLAB,FACE SP-GF_ROOF_SLAB-13,"[19788, 15612, 21588, 17412]",3.24,OPEN_TO_BELOW_FACE,"{""void_texts"": [], ""x_lines"": [""54F"", ""550""]}",itself (a face bounded by supports),NONE_REQUIRED: no slab bar of a neighbouring panel crosses it (the bars stop at the bounding supports),NONE_DRAWN (SOURCE_EXPECTED_NOT_LOCATED),NONE_DRAWN (SOURCE_EXPECTED_NOT_LOCATED),VOID,"{""X"": {""band_mm"": null, ""effect"": ""NO_BARS_IN_THIS_DIRECTION""}, ""Y"": {""band_mm"": null, ""effect"": ""NO_BARS_IN_THIS_DIRECTION""}}"
OP-SP-GF_ROOF_SLAB-21,GF_ROOF_SLAB,FACE SP-GF_ROOF_SLAB-21,"[20888, 9012, 26708, 12962]",20.146,VOID_WITH_STAIR_AND_SLAB_EVIDENCE,"{""void_texts"": [""2D3:void>v""], ""x_lines"": [""2D1"", ""2D2"", ""54B"", ""54C""]}",itself (a face bounded by supports),NONE_REQUIRED: no slab bar of a neighbouring panel crosses it (the bars stop at the bounding supports),NONE_DRAWN (SOURCE_EXPECTED_NOT_LOCATED),NONE_DRAWN (SOURCE_EXPECTED_NOT_LOCATED),SOURCE_CONFLICT,"{""X"": {""band_mm"": null, ""effect"": ""NO_BARS_IN_THIS_DIRECTION""}, ""Y"": {""band_mm"": null, ""effect"": ""NO_BARS_IN_THIS_DIRECTION""}}"
OP-SP-1F_ROOF_SLAB-06,1F_ROOF_SLAB,FACE SP-1F_ROOF_SLAB-06,"[19788, 15612, 21588, 17412]",3.24,OPEN_TO_BELOW_FACE,"{""void_texts"": [], ""x_lines"": [""73F"", ""740""]}",itself (a face bounded by supports),NONE_REQUIRED: no slab bar of a neighbouring panel crosses it (the bars stop at the bounding supports),NONE_DRAWN (SOURCE_EXPECTED_NOT_LOCATED),NONE_DRAWN (SOURCE_EXPECTED_NOT_LOCATED),VOID,"{""X"": {""band_mm"": null, ""effect"": ""NO_BARS_IN_THIS_DIRECTION""}, ""Y"": {""band_mm"": null, ""effect"": ""NO_BARS_IN_THIS_DIRECTION""}}"
OP-GFRS-LINES_IN_A_SECTION_DETAIL-172A,GF_ROOF_SLAB,1 S-OPENING lines 172A; 1 S-OPENING lines 172B; 1 S-OPENING lines 172C; 1 S-OPENING lines 1768; 1 S-OPENING lines 176A; 1 S-OPENING lines 179E; 1 S-OPENING lines 17A0,"[4267, 17505, 13217, 20998]",,LINES_IN_A_SECTION_DETAIL,S-OPENING layer,,NOT_APPLICABLE,,,REFERENCE_ONLY,
OP-GFRS-OPENING_STRIP-256,GF_ROOF_SLAB,"3 S-OPENING lines 256,25A,25F","[18288, 16312, 18388, 19412]",0.31,OPENING_STRIP,S-OPENING layer,SP-GF_ROOF_SLAB-03,NOT_APPLICABLE,NONE_DRAWN,NONE_DRAWN,EXCLUDED_WITH_STAIR_FLIGHT_ZONE,
OP-GFRS-VOID_OUTLINE-2CF,GF_ROOF_SLAB,"4 S-OPENING lines 2CF,2D0,2D1,2D2; 1 S-OPENING lines 54B; 1 S-OPENING lines 54C","[20888, 9012, 26708, 12962]",,VOID_OUTLINE,S-OPENING layer,SP-GF_ROOF_SLAB-21,NOT_APPLICABLE,,,EVIDENCE_OF_OP-SP-GF_ROOF_SLAB-21,
OP-GFRS-VOID_OUTLINE-42E,GF_ROOF_SLAB,1 S-OPENING lines 42E; 1 S-OPENING lines 42F,"[31422, 17251, 32846, 18984]",,VOID_OUTLINE,S-OPENING layer,SP-GF_ROOF_SLAB-09,NOT_APPLICABLE,,,EVIDENCE_OF_OP-SP-GF_ROOF_SLAB-09,
OP-GFRS-VOID_OUTLINE-54F,GF_ROOF_SLAB,1 S-OPENING lines 54F; 1 S-OPENING lines 550,"[19788, 15612, 21588, 17412]",,VOID_OUTLINE,S-OPENING layer,SP-GF_ROOF_SLAB-13,NOT_APPLICABLE,,,EVIDENCE_OF_OP-SP-GF_ROOF_SLAB-13,
OP-FFRS-LINES_IN_A_SECTION_DETAIL-1731,1F_ROOF_SLAB,1 S-OPENING lines 1731; 1 S-OPENING lines 1732; 1 S-OPENING lines 1733,"[7340, 17505, 8324, 20998]",,LINES_IN_A_SECTION_DETAIL,S-OPENING layer,,NOT_APPLICABLE,,,REFERENCE_ONLY,
OP-FFRS-DOME_RADIALS-604,1F_ROOF_SLAB,"20 S-OPENING lines 604,605,606,607,608,609,60A,60B,60C,60D,60E,60F,610,611,612,613,614,615,616,617","[12688, 10404, 17110, 14826]",19.554,DOME_RADIALS,S-OPENING layer,,NOT_APPLICABLE,,,EXCLUDED_WITH_DOME,
OP-FFRS-OPENING_STRIP-62D,1F_ROOF_SLAB,"3 S-OPENING lines 62D,62E,633","[18288, 16312, 18388, 19412]",0.31,OPENING_STRIP,S-OPENING layer,SP-1F_ROOF_SLAB-01,NOT_APPLICABLE,NONE_DRAWN,NONE_DRAWN,EXCLUDED_WITH_STAIR_FLIGHT_ZONE,
OP-FFRS-DOME_RADIALS-64E,1F_ROOF_SLAB,"20 S-OPENING lines 64E,64F,650,651,652,653,654,655,656,657,658,659,65A,65B,65C,65D,65E,65F,660,661","[27136, 10404, 31558, 14826]",19.554,DOME_RADIALS,S-OPENING layer,,NOT_APPLICABLE,,,EXCLUDED_WITH_DOME,
OP-FFRS-VOID_OUTLINE-73F,1F_ROOF_SLAB,1 S-OPENING lines 73F; 1 S-OPENING lines 740,"[19788, 15612, 21588, 17412]",,VOID_OUTLINE,S-OPENING layer,SP-1F_ROOF_SLAB-06,NOT_APPLICABLE,,,EVIDENCE_OF_OP-SP-1F_ROOF_SLAB-06,
OP-GFRS-VOIDTAG-2D3,GF_ROOF_SLAB,'void' block insert 2D3 (VOID + Arabic),"[23661, 11830, 24464, 12448]",,VOID_LABEL,block 'void',SP-GF_ROOF_SLAB-21,LABEL_ONLY (the void is the face it labels),,,LABELS_SP-GF_ROOF_SLAB-21,
OP-GFRS-VOIDTAG-2ED,GF_ROOF_SLAB,'void' block insert 2ED (VOID + Arabic),"[31405, 18199, 32209, 18817]",,VOID_LABEL,block 'void',SP-GF_ROOF_SLAB-09,LABEL_ONLY (the void is the face it labels),,,LABELS_SP-GF_ROOF_SLAB-09,
