CONFLICT_ID,KIND,WHERE,EVIDENCE,STATE,CANDIDATES,RESOLUTION
C-01,PANEL_VOID_CONFLICT,SP-GF_ROOF_SLAB-21 (B29 light well),"{""candidates"": [""SLAB"", ""VOID"", ""OPENING_EXTRA"", ""MISBOUND_TEXT""], ""slab_marks"": [""8%%C16/m (5BC)"", ""14 stair treads""], ""state"": ""SOURCE_CONFLICT"", ""void_marks"": [""2D1"", ""2D2"", ""54B"", ""54C"", ""2D3:void>v""]}",SOURCE_CONFLICT,"[""SLAB"", ""VOID"", ""OPENING_EXTRA"", ""MISBOUND_TEXT""]",NONE (not voted; excluded from S7)
C-02,UNSUPPORTED_SUPPORT_RULE_APPLICABILITY,every beam support,"P4-6-NOTE-2 gives top bars over beams 'one third of the span' (both directions); p.15 gives 0.25 L1 (non-continuous) / 0.30 max(L1, L2) (continuous) from the support face",SOURCE_CONFLICT,"[""P4-6-NOTE-2 1/3 span"", ""P15 0.25 L1 / 0.30 max(L1, L2)""]",NONE
C-03,MULTIPLE_CANDIDATE_BINDINGS,SP-GF_ROOF_SLAB-22,"[""7%%C10/m X (526)"", ""6%%C14/m X (533)""]",SOURCE_CONFLICT,"[""one is a different layer / a local extra"", ""one belongs to the neighbouring stair""]",NONE
C-04,COUNT_NOTATION_CONFLICT,"[""552"", ""5B9"", ""750""]",printed 'NØD' without '/m' where every other slab callout is a rate per metre,SOURCE_CONFLICT,"[""absolute count"", ""rate per metre with '/m' omitted""]",NONE
C-05,THICKNESS_PRIOR_REGISTER_CONFLICT,2F_ROOF_SLAB,"R4 TEMPERATURE register: whole 2F floor 180 mm; source: two T 18 marks inside the two water-tank panels, no floor note",RESOLVED_BY_SOURCE (LOCAL_PANEL 180 for two panels; PROJECT_DEFAULT 160 elsewhere),,source precedence (no vote)
C-06,COVER_DIMENSION_BINDING,p.15 non-continuous support,'40 CL.' at the outer face; note 22 minimum 25 mm; the bar it dimensions is not legible,SOURCE_CONFLICT,"[""end cover of the top anchor leg"", ""end cover of the bottom bar"", ""cover to the inner bar""]",NONE
C-07,CLASSIFICATION,"[""SP-2F_ROOF_SLAB-01"", ""SP-2F_ROOF_SLAB-02""]",WATER TANK PLACE cloud; T 18 marks; (T&B) callouts,CLASSIFICATION_BLOCKED,"[""normal roof slab (S7)"", ""water-tank structure (S8)""]",NONE
C-08,CLASSIFICATION,"[""HZ-GFRS-273"", ""HZ-GFRS-2B1"", ""HZ-GFRS-2B4"", ""HZ-SFRS-38C"", ""HZ-SFRS-390"", ""HZ-SFRS-391"", ""HZ-GFRS-54D"", ""HZ-FFRS-5E0""]",the legend draws Cantilever portion and Bearing wall with the same dense hatch,CLASSIFICATION_BLOCKED,"[""cantilever slab portion"", ""bearing wall""]",NONE
C-09,TOP_BAR_BINDING,"[""79F"", ""7A2""]","[""79F: graphic 7A0"", ""7A2: graphic 7A3""]",SOURCE_CONFLICT,"[""beam top bars drawn beside the beam (beam scope)"", ""edge / cantilever bars of the dense-hatch strip"", ""slab top bars over the support""]",NONE
C-10,ASYMMETRIC_SUPPORT_VIEW,"[""SUP-GF_ROOF_SLAB-012"", ""SUP-1F_ROOF_SLAB-029"", ""SUP-1F_ROOF_SLAB-031"", ""SUP-1F_ROOF_SLAB-044"", ""SUP-1F_ROOF_SLAB-046"", ""SUP-GF_ROOF_SLAB-082"", ""SUP-GF_ROOF_SLAB-084"", ""SUP-GF_ROOF_SLAB-124"", ""SUP-1F_ROOF_SLAB-129"", ""SUP-GF_ROOF_SLAB-133"", ""SUP-GF_ROOF_SLAB-136"", ""SUP-GF_ROOF_SLAB-149"", ""SUP-GF_ROOF_SLAB-152"", ""SUP-GF_ROOF_SLAB-158"", ""SUP-GF_ROOF_SLAB-159"", ""SUP-GF_ROOF_SLAB-162""]",the S1 edge probe saw the neighbour from one side only,RECORDED,,support kept once
C-11,CONTINUOUS_BAR_SPEC_MISMATCH,"[""SUP-1F_ROOF_SLAB-031"", ""SUP-1F_ROOF_SLAB-046"", ""SUP-1F_ROOF_SLAB-058"", ""SUP-1F_ROOF_SLAB-080"", ""SUP-1F_ROOF_SLAB-095"", ""SUP-1F_ROOF_SLAB-118"", ""SUP-1F_ROOF_SLAB-131"", ""SUP-1F_ROOF_SLAB-138"", ""SUP-2F_ROOF_SLAB-009"", ""SUP-2F_ROOF_SLAB-024"", ""SUP-2F_ROOF_SLAB-025"", ""SUP-2F_ROOF_SLAB-067"", ""SUP-GF_ROOF_SLAB-003"", ""SUP-GF_ROOF_SLAB-011"", ""SUP-GF_ROOF_SLAB-012"", ""SUP-GF_ROOF_SLAB-062"", ""SUP-GF_ROOF_SLAB-084"", ""SUP-GF_ROOF_SLAB-088"", ""SUP-GF_ROOF_SLAB-089"", ""SUP-GF_ROOF_SLAB-097"", ""SUP-GF_ROOF_SLAB-098"", ""SUP-GF_ROOF_SLAB-108"", ""SUP-GF_ROOF_SLAB-133"", ""SUP-GF_ROOF_SLAB-134"", ""SUP-GF_ROOF_SLAB-136"", ""SUP-GF_ROOF_SLAB-139"", ""SUP-GF_ROOF_SLAB-152"", ""SUP-GF_ROOF_SLAB-153"", ""SUP-GF_ROOF_SLAB-162""]",29 continuous supports where the bottom callouts differ in diameter or spacing ('balance continuous'),SOURCE_CONFLICT,"[""each span keeps its own bar (lap at the support)"", ""the larger continues""]",NONE
