TYPE,SCHEDULE_ROW,PAGE,PLAN_OCCURRENCES,FIELD_FAMILY,RAW_ATTRIBUTE_TAGS,RAW_VALUES,PARSED,INTERPRETATION,AUTHORITY,FEEDS_S6,SOURCE_HANDLES,WHY
B1,1E5C,10,19,BOTTOM_MAIN,"[""BOT-B"", ""BOT-D""]","[""2"", ""14""]","{""count"": 2, ""dia_mm"": 14, ""grammar"": ""COUNT_DIA"", ""interpretation_state"": ""TOKENS_PARSED"", ""per_m"": false, ""raw"": [""2"", ""14""], ""tags"": [""BOT-B"", ""BOT-D""]}",bottom longitudinal bars (count x diameter),SOURCE_EXPLICIT,TRUE,"[""1E5C"", ""1E4C""]",SBT header 'BOTTOM BARS'
B1,1E5C,10,19,TOP_MAIN,"[""TOP-B"", ""TOP-D""]","[""2"", ""12""]","{""count"": 2, ""dia_mm"": 12, ""grammar"": ""COUNT_DIA"", ""interpretation_state"": ""TOKENS_PARSED"", ""per_m"": false, ""raw"": [""2"", ""12""], ""tags"": [""TOP-B"", ""TOP-D""]}",top longitudinal bars (count x diameter),SOURCE_EXPLICIT,TRUE,"[""1E5C"", ""1E4F""]",SBT header 'TOP BARS'
B1,1E5C,10,19,TOP_SUPPORT_EXTRA,[],,,NOT_SCHEDULED,SOURCE_EXPLICIT,FALSE,"[""1E5C""]",the SBT has no support / extra top field; nothing is inferred
B1,1E5C,10,19,BOTTOM_EXTRA,[],,,NOT_SCHEDULED,SOURCE_EXPLICIT,FALSE,"[""1E5C""]",the SBT has no extra bottom field
B1,1E5C,10,19,MID,[],,,NOT_SCHEDULED,SOURCE_EXPLICIT,FALSE,"[""1E5C""]",MID bars exist only in the C-BEAM schedules
B1,1E5C,10,19,HANGER,[],,,ABSENT_AS_SEPARATE_COMPONENT,SOURCE_EXPLICIT,FALSE,"[""1E5C""]","no hanger field or detail; the TOP BARS field exists, its hanger role is not asserted"
B1,1E5C,10,19,SIDE_REBAR,"[""REMARKS""]",[null],,NONE_PRINTED,SOURCE_EXPLICIT,FALSE,"[""1E5C""]",REMARKS empty; depth 40.0 cm
B1,1E5C,10,19,STIRRUP,"[""STI-B"", ""D""]","[""6"", ""8""]","{""count"": 6, ""dia_mm"": 8, ""grammar"": ""COUNT_DIA"", ""interpretation_state"": ""TOKENS_PARSED"", ""per_m"": false, ""raw"": [""6"", ""8""], ""semantics"": ""STIRRUPS_PER_METRE (schedule header)"", ""tags"": [""STI-B"", ""D""]}",stirrups per metre x diameter,SOURCE_EXPLICIT,TRUE,"[""1E5C"", ""1E4E""]",SBT header 'STIRRUPS/m'
B1,1E5C,10,19,OTHER,[],,,NONE,SOURCE_EXPLICIT,FALSE,"[""1E5C""]",no other field in this row
B2,1E78,10,10,BOTTOM_MAIN,"[""BOT-B"", ""BOT-D""]","[""3"", ""16""]","{""count"": 3, ""dia_mm"": 16, ""grammar"": ""COUNT_DIA"", ""interpretation_state"": ""TOKENS_PARSED"", ""per_m"": false, ""raw"": [""3"", ""16""], ""tags"": [""BOT-B"", ""BOT-D""]}",bottom longitudinal bars (count x diameter),SOURCE_EXPLICIT,TRUE,"[""1E78"", ""1E4C""]",SBT header 'BOTTOM BARS'
B2,1E78,10,10,TOP_MAIN,"[""TOP-B"", ""TOP-D""]","[""2"", ""12""]","{""count"": 2, ""dia_mm"": 12, ""grammar"": ""COUNT_DIA"", ""interpretation_state"": ""TOKENS_PARSED"", ""per_m"": false, ""raw"": [""2"", ""12""], ""tags"": [""TOP-B"", ""TOP-D""]}",top longitudinal bars (count x diameter),SOURCE_EXPLICIT,TRUE,"[""1E78"", ""1E4F""]",SBT header 'TOP BARS'
B2,1E78,10,10,TOP_SUPPORT_EXTRA,[],,,NOT_SCHEDULED,SOURCE_EXPLICIT,FALSE,"[""1E78""]",the SBT has no support / extra top field; nothing is inferred
B2,1E78,10,10,BOTTOM_EXTRA,[],,,NOT_SCHEDULED,SOURCE_EXPLICIT,FALSE,"[""1E78""]",the SBT has no extra bottom field
B2,1E78,10,10,MID,[],,,NOT_SCHEDULED,SOURCE_EXPLICIT,FALSE,"[""1E78""]",MID bars exist only in the C-BEAM schedules
B2,1E78,10,10,HANGER,[],,,ABSENT_AS_SEPARATE_COMPONENT,SOURCE_EXPLICIT,FALSE,"[""1E78""]","no hanger field or detail; the TOP BARS field exists, its hanger role is not asserted"
B2,1E78,10,10,SIDE_REBAR,"[""REMARKS""]",[null],,NONE_PRINTED,SOURCE_EXPLICIT,FALSE,"[""1E78""]",REMARKS empty; depth 40.0 cm
B2,1E78,10,10,STIRRUP,"[""STI-B"", ""D""]","[""6"", ""8""]","{""count"": 6, ""dia_mm"": 8, ""grammar"": ""COUNT_DIA"", ""interpretation_state"": ""TOKENS_PARSED"", ""per_m"": false, ""raw"": [""6"", ""8""], ""semantics"": ""STIRRUPS_PER_METRE (schedule header)"", ""tags"": [""STI-B"", ""D""]}",stirrups per metre x diameter,SOURCE_EXPLICIT,TRUE,"[""1E78"", ""1E4E""]",SBT header 'STIRRUPS/m'
B2,1E78,10,10,OTHER,[],,,NONE,SOURCE_EXPLICIT,FALSE,"[""1E78""]",no other field in this row
B3,1E83,10,8,BOTTOM_MAIN,"[""BOT-B"", ""BOT-D""]","[""4"", ""16""]","{""count"": 4, ""dia_mm"": 16, ""grammar"": ""COUNT_DIA"", ""interpretation_state"": ""TOKENS_PARSED"", ""per_m"": false, ""raw"": [""4"", ""16""], ""tags"": [""BOT-B"", ""BOT-D""]}",bottom longitudinal bars (count x diameter),SOURCE_EXPLICIT,TRUE,"[""1E83"", ""1E4C""]",SBT header 'BOTTOM BARS'
B3,1E83,10,8,TOP_MAIN,"[""TOP-B"", ""TOP-D""]","[""2"", ""12""]","{""count"": 2, ""dia_mm"": 12, ""grammar"": ""COUNT_DIA"", ""interpretation_state"": ""TOKENS_PARSED"", ""per_m"": false, ""raw"": [""2"", ""12""], ""tags"": [""TOP-B"", ""TOP-D""]}",top longitudinal bars (count x diameter),SOURCE_EXPLICIT,TRUE,"[""1E83"", ""1E4F""]",SBT header 'TOP BARS'
B3,1E83,10,8,TOP_SUPPORT_EXTRA,[],,,NOT_SCHEDULED,SOURCE_EXPLICIT,FALSE,"[""1E83""]",the SBT has no support / extra top field; nothing is inferred
B3,1E83,10,8,BOTTOM_EXTRA,[],,,NOT_SCHEDULED,SOURCE_EXPLICIT,FALSE,"[""1E83""]",the SBT has no extra bottom field
B3,1E83,10,8,MID,[],,,NOT_SCHEDULED,SOURCE_EXPLICIT,FALSE,"[""1E83""]",MID bars exist only in the C-BEAM schedules
B3,1E83,10,8,HANGER,[],,,ABSENT_AS_SEPARATE_COMPONENT,SOURCE_EXPLICIT,FALSE,"[""1E83""]","no hanger field or detail; the TOP BARS field exists, its hanger role is not asserted"
B3,1E83,10,8,SIDE_REBAR,"[""REMARKS""]",[null],,NONE_PRINTED,SOURCE_EXPLICIT,FALSE,"[""1E83""]",REMARKS empty; depth 40.0 cm
B3,1E83,10,8,STIRRUP,"[""STI-B"", ""D""]","[""6"", ""8""]","{""count"": 6, ""dia_mm"": 8, ""grammar"": ""COUNT_DIA"", ""interpretation_state"": ""TOKENS_PARSED"", ""per_m"": false, ""raw"": [""6"", ""8""], ""semantics"": ""STIRRUPS_PER_METRE (schedule header)"", ""tags"": [""STI-B"", ""D""]}",stirrups per metre x diameter,SOURCE_EXPLICIT,TRUE,"[""1E83"", ""1E4E""]",SBT header 'STIRRUPS/m'
B3,1E83,10,8,OTHER,[],,,NONE,SOURCE_EXPLICIT,FALSE,"[""1E83""]",no other field in this row
B4,1E8E,10,11,BOTTOM_MAIN,"[""BOT-B"", ""BOT-D""]","[""4"", ""16""]","{""count"": 4, ""dia_mm"": 16, ""grammar"": ""COUNT_DIA"", ""interpretation_state"": ""TOKENS_PARSED"", ""per_m"": false, ""raw"": [""4"", ""16""], ""tags"": [""BOT-B"", ""BOT-D""]}",bottom longitudinal bars (count x diameter),SOURCE_EXPLICIT,TRUE,"[""1E8E"", ""1E4C""]",SBT header 'BOTTOM BARS'
B4,1E8E,10,11,TOP_MAIN,"[""TOP-B"", ""TOP-D""]","[""2"", ""12""]","{""count"": 2, ""dia_mm"": 12, ""grammar"": ""COUNT_DIA"", ""interpretation_state"": ""TOKENS_PARSED"", ""per_m"": false, ""raw"": [""2"", ""12""], ""tags"": [""TOP-B"", ""TOP-D""]}",top longitudinal bars (count x diameter),SOURCE_EXPLICIT,TRUE,"[""1E8E"", ""1E4F""]",SBT header 'TOP BARS'
B4,1E8E,10,11,TOP_SUPPORT_EXTRA,[],,,NOT_SCHEDULED,SOURCE_EXPLICIT,FALSE,"[""1E8E""]",the SBT has no support / extra top field; nothing is inferred
B4,1E8E,10,11,BOTTOM_EXTRA,[],,,NOT_SCHEDULED,SOURCE_EXPLICIT,FALSE,"[""1E8E""]",the SBT has no extra bottom field
B4,1E8E,10,11,MID,[],,,NOT_SCHEDULED,SOURCE_EXPLICIT,FALSE,"[""1E8E""]",MID bars exist only in the C-BEAM schedules
B4,1E8E,10,11,HANGER,[],,,ABSENT_AS_SEPARATE_COMPONENT,SOURCE_EXPLICIT,FALSE,"[""1E8E""]","no hanger field or detail; the TOP BARS field exists, its hanger role is not asserted"
B4,1E8E,10,11,SIDE_REBAR,"[""REMARKS""]",[null],,NONE_PRINTED,SOURCE_EXPLICIT,FALSE,"[""1E8E""]",REMARKS empty; depth 50.0 cm
B4,1E8E,10,11,STIRRUP,"[""STI-B"", ""D""]","[""6"", ""8""]","{""count"": 6, ""dia_mm"": 8, ""grammar"": ""COUNT_DIA"", ""interpretation_state"": ""TOKENS_PARSED"", ""per_m"": false, ""raw"": [""6"", ""8""], ""semantics"": ""STIRRUPS_PER_METRE (schedule header)"", ""tags"": [""STI-B"", ""D""]}",stirrups per metre x diameter,SOURCE_EXPLICIT,TRUE,"[""1E8E"", ""1E4E""]",SBT header 'STIRRUPS/m'
B4,1E8E,10,11,OTHER,[],,,NONE,SOURCE_EXPLICIT,FALSE,"[""1E8E""]",no other field in this row
B5,1E99,10,3,BOTTOM_MAIN,"[""BOT-B"", ""BOT-D""]","[""4"", ""18""]","{""count"": 4, ""dia_mm"": 18, ""grammar"": ""COUNT_DIA"", ""interpretation_state"": ""TOKENS_PARSED"", ""per_m"": false, ""raw"": [""4"", ""18""], ""tags"": [""BOT-B"", ""BOT-D""]}",bottom longitudinal bars (count x diameter),SOURCE_EXPLICIT,TRUE,"[""1E99"", ""1E4C""]",SBT header 'BOTTOM BARS'
B5,1E99,10,3,TOP_MAIN,"[""TOP-B"", ""TOP-D""]","[""2"", ""12""]","{""count"": 2, ""dia_mm"": 12, ""grammar"": ""COUNT_DIA"", ""interpretation_state"": ""TOKENS_PARSED"", ""per_m"": false, ""raw"": [""2"", ""12""], ""tags"": [""TOP-B"", ""TOP-D""]}",top longitudinal bars (count x diameter),SOURCE_EXPLICIT,TRUE,"[""1E99"", ""1E4F""]",SBT header 'TOP BARS'
B5,1E99,10,3,TOP_SUPPORT_EXTRA,[],,,NOT_SCHEDULED,SOURCE_EXPLICIT,FALSE,"[""1E99""]",the SBT has no support / extra top field; nothing is inferred
B5,1E99,10,3,BOTTOM_EXTRA,[],,,NOT_SCHEDULED,SOURCE_EXPLICIT,FALSE,"[""1E99""]",the SBT has no extra bottom field
B5,1E99,10,3,MID,[],,,NOT_SCHEDULED,SOURCE_EXPLICIT,FALSE,"[""1E99""]",MID bars exist only in the C-BEAM schedules
B5,1E99,10,3,HANGER,[],,,ABSENT_AS_SEPARATE_COMPONENT,SOURCE_EXPLICIT,FALSE,"[""1E99""]","no hanger field or detail; the TOP BARS field exists, its hanger role is not asserted"
B5,1E99,10,3,SIDE_REBAR,"[""REMARKS""]",[null],,NONE_PRINTED,SOURCE_EXPLICIT,FALSE,"[""1E99""]",REMARKS empty; depth 50.0 cm
B5,1E99,10,3,STIRRUP,"[""STI-B"", ""D""]","[""6"", ""8""]","{""count"": 6, ""dia_mm"": 8, ""grammar"": ""COUNT_DIA"", ""interpretation_state"": ""TOKENS_PARSED"", ""per_m"": false, ""raw"": [""6"", ""8""], ""semantics"": ""STIRRUPS_PER_METRE (schedule header)"", ""tags"": [""STI-B"", ""D""]}",stirrups per metre x diameter,SOURCE_EXPLICIT,TRUE,"[""1E99"", ""1E4E""]",SBT header 'STIRRUPS/m'
B5,1E99,10,3,OTHER,[],,,NONE,SOURCE_EXPLICIT,FALSE,"[""1E99""]",no other field in this row
B6,1EA4,10,5,BOTTOM_MAIN,"[""BOT-B"", ""BOT-D""]","[""5"", ""18""]","{""count"": 5, ""dia_mm"": 18, ""grammar"": ""COUNT_DIA"", ""interpretation_state"": ""TOKENS_PARSED"", ""per_m"": false, ""raw"": [""5"", ""18""], ""tags"": [""BOT-B"", ""BOT-D""]}",bottom longitudinal bars (count x diameter),SOURCE_EXPLICIT,TRUE,"[""1EA4"", ""1E4C""]",SBT header 'BOTTOM BARS'
B6,1EA4,10,5,TOP_MAIN,"[""TOP-B"", ""TOP-D""]","[""2"", ""12""]","{""count"": 2, ""dia_mm"": 12, ""grammar"": ""COUNT_DIA"", ""interpretation_state"": ""TOKENS_PARSED"", ""per_m"": false, ""raw"": [""2"", ""12""], ""tags"": [""TOP-B"", ""TOP-D""]}",top longitudinal bars (count x diameter),SOURCE_EXPLICIT,TRUE,"[""1EA4"", ""1E4F""]",SBT header 'TOP BARS'
B6,1EA4,10,5,TOP_SUPPORT_EXTRA,[],,,NOT_SCHEDULED,SOURCE_EXPLICIT,FALSE,"[""1EA4""]",the SBT has no support / extra top field; nothing is inferred
B6,1EA4,10,5,BOTTOM_EXTRA,[],,,NOT_SCHEDULED,SOURCE_EXPLICIT,FALSE,"[""1EA4""]",the SBT has no extra bottom field
B6,1EA4,10,5,MID,[],,,NOT_SCHEDULED,SOURCE_EXPLICIT,FALSE,"[""1EA4""]",MID bars exist only in the C-BEAM schedules
B6,1EA4,10,5,HANGER,[],,,ABSENT_AS_SEPARATE_COMPONENT,SOURCE_EXPLICIT,FALSE,"[""1EA4""]","no hanger field or detail; the TOP BARS field exists, its hanger role is not asserted"
B6,1EA4,10,5,SIDE_REBAR,"[""REMARKS""]",[null],,NONE_PRINTED,SOURCE_EXPLICIT,FALSE,"[""1EA4""]",REMARKS empty; depth 50.0 cm
B6,1EA4,10,5,STIRRUP,"[""STI-B"", ""D""]","[""6"", ""8""]","{""count"": 6, ""dia_mm"": 8, ""grammar"": ""COUNT_DIA"", ""interpretation_state"": ""TOKENS_PARSED"", ""per_m"": false, ""raw"": [""6"", ""8""], ""semantics"": ""STIRRUPS_PER_METRE (schedule header)"", ""tags"": [""STI-B"", ""D""]}",stirrups per metre x diameter,SOURCE_EXPLICIT,TRUE,"[""1EA4"", ""1E4E""]",SBT header 'STIRRUPS/m'
B6,1EA4,10,5,OTHER,[],,,NONE,SOURCE_EXPLICIT,FALSE,"[""1EA4""]",no other field in this row
B7,1EAF,10,10,BOTTOM_MAIN,"[""BOT-B"", ""BOT-D""]","[""3"", ""16""]","{""count"": 3, ""dia_mm"": 16, ""grammar"": ""COUNT_DIA"", ""interpretation_state"": ""TOKENS_PARSED"", ""per_m"": false, ""raw"": [""3"", ""16""], ""tags"": [""BOT-B"", ""BOT-D""]}",bottom longitudinal bars (count x diameter),SOURCE_EXPLICIT,TRUE,"[""1EAF"", ""1E4C""]",SBT header 'BOTTOM BARS'
B7,1EAF,10,10,TOP_MAIN,"[""TOP-B"", ""TOP-D""]","[""2"", ""12""]","{""count"": 2, ""dia_mm"": 12, ""grammar"": ""COUNT_DIA"", ""interpretation_state"": ""TOKENS_PARSED"", ""per_m"": false, ""raw"": [""2"", ""12""], ""tags"": [""TOP-B"", ""TOP-D""]}",top longitudinal bars (count x diameter),SOURCE_EXPLICIT,TRUE,"[""1EAF"", ""1E4F""]",SBT header 'TOP BARS'
B7,1EAF,10,10,TOP_SUPPORT_EXTRA,[],,,NOT_SCHEDULED,SOURCE_EXPLICIT,FALSE,"[""1EAF""]",the SBT has no support / extra top field; nothing is inferred
B7,1EAF,10,10,BOTTOM_EXTRA,[],,,NOT_SCHEDULED,SOURCE_EXPLICIT,FALSE,"[""1EAF""]",the SBT has no extra bottom field
B7,1EAF,10,10,MID,[],,,NOT_SCHEDULED,SOURCE_EXPLICIT,FALSE,"[""1EAF""]",MID bars exist only in the C-BEAM schedules
B7,1EAF,10,10,HANGER,[],,,ABSENT_AS_SEPARATE_COMPONENT,SOURCE_EXPLICIT,FALSE,"[""1EAF""]","no hanger field or detail; the TOP BARS field exists, its hanger role is not asserted"
B7,1EAF,10,10,SIDE_REBAR,"[""REMARKS""]",[null],"{""count"": 2, ""dia_mm"": 12, ""normalised"": ""2Ø12/30cm"", ""raw"": ""2%%C12/30cm"", ""spacing_cm"": 30, ""text_handle"": ""1FC6""}",side steel printed in REMARKS; per-face / vertical-spacing semantics not stated,UNRESOLVED,FALSE,"[""1FC6""]","CANDIDATE: side bars, count per level at the printed vertical spacing - the count / face semantics need the typical detail"
B7,1EAF,10,10,STIRRUP,"[""STI-B"", ""D""]","[""6"", ""8""]","{""count"": 6, ""dia_mm"": 8, ""grammar"": ""COUNT_DIA"", ""interpretation_state"": ""TOKENS_PARSED"", ""per_m"": false, ""raw"": [""6"", ""8""], ""semantics"": ""STIRRUPS_PER_METRE (schedule header)"", ""tags"": [""STI-B"", ""D""]}",stirrups per metre x diameter,SOURCE_EXPLICIT,TRUE,"[""1EAF"", ""1E4E""]",SBT header 'STIRRUPS/m'
B7,1EAF,10,10,OTHER,[],,,NONE,SOURCE_EXPLICIT,FALSE,"[""1EAF""]",no other field in this row
B8,1EBA,10,2,BOTTOM_MAIN,"[""BOT-B"", ""BOT-D""]","[""4"", ""16""]","{""count"": 4, ""dia_mm"": 16, ""grammar"": ""COUNT_DIA"", ""interpretation_state"": ""TOKENS_PARSED"", ""per_m"": false, ""raw"": [""4"", ""16""], ""tags"": [""BOT-B"", ""BOT-D""]}",bottom longitudinal bars (count x diameter),SOURCE_EXPLICIT,TRUE,"[""1EBA"", ""1E4C""]",SBT header 'BOTTOM BARS'
B8,1EBA,10,2,TOP_MAIN,"[""TOP-B"", ""TOP-D""]","[""2"", ""12""]","{""count"": 2, ""dia_mm"": 12, ""grammar"": ""COUNT_DIA"", ""interpretation_state"": ""TOKENS_PARSED"", ""per_m"": false, ""raw"": [""2"", ""12""], ""tags"": [""TOP-B"", ""TOP-D""]}",top longitudinal bars (count x diameter),SOURCE_EXPLICIT,TRUE,"[""1EBA"", ""1E4F""]",SBT header 'TOP BARS'
B8,1EBA,10,2,TOP_SUPPORT_EXTRA,[],,,NOT_SCHEDULED,SOURCE_EXPLICIT,FALSE,"[""1EBA""]",the SBT has no support / extra top field; nothing is inferred
B8,1EBA,10,2,BOTTOM_EXTRA,[],,,NOT_SCHEDULED,SOURCE_EXPLICIT,FALSE,"[""1EBA""]",the SBT has no extra bottom field
B8,1EBA,10,2,MID,[],,,NOT_SCHEDULED,SOURCE_EXPLICIT,FALSE,"[""1EBA""]",MID bars exist only in the C-BEAM schedules
B8,1EBA,10,2,HANGER,[],,,ABSENT_AS_SEPARATE_COMPONENT,SOURCE_EXPLICIT,FALSE,"[""1EBA""]","no hanger field or detail; the TOP BARS field exists, its hanger role is not asserted"
B8,1EBA,10,2,SIDE_REBAR,"[""REMARKS""]",[null],"{""count"": 2, ""dia_mm"": 12, ""normalised"": ""2Ø12/30cm"", ""raw"": ""2%%C12/30cm"", ""spacing_cm"": 30, ""text_handle"": ""1FC7""}",side steel printed in REMARKS; per-face / vertical-spacing semantics not stated,UNRESOLVED,FALSE,"[""1FC7""]","CANDIDATE: side bars, count per level at the printed vertical spacing - the count / face semantics need the typical detail"
B8,1EBA,10,2,STIRRUP,"[""STI-B"", ""D""]","[""6"", ""8""]","{""count"": 6, ""dia_mm"": 8, ""grammar"": ""COUNT_DIA"", ""interpretation_state"": ""TOKENS_PARSED"", ""per_m"": false, ""raw"": [""6"", ""8""], ""semantics"": ""STIRRUPS_PER_METRE (schedule header)"", ""tags"": [""STI-B"", ""D""]}",stirrups per metre x diameter,SOURCE_EXPLICIT,TRUE,"[""1EBA"", ""1E4E""]",SBT header 'STIRRUPS/m'
B8,1EBA,10,2,OTHER,[],,,NONE,SOURCE_EXPLICIT,FALSE,"[""1EBA""]",no other field in this row
B9,1EC5,10,1,BOTTOM_MAIN,"[""BOT-B"", ""BOT-D""]","[""4"", ""18""]","{""count"": 4, ""dia_mm"": 18, ""grammar"": ""COUNT_DIA"", ""interpretation_state"": ""TOKENS_PARSED"", ""per_m"": false, ""raw"": [""4"", ""18""], ""tags"": [""BOT-B"", ""BOT-D""]}",bottom longitudinal bars (count x diameter),SOURCE_EXPLICIT,TRUE,"[""1EC5"", ""1E4C""]",SBT header 'BOTTOM BARS'
B9,1EC5,10,1,TOP_MAIN,"[""TOP-B"", ""TOP-D""]","[""2"", ""12""]","{""count"": 2, ""dia_mm"": 12, ""grammar"": ""COUNT_DIA"", ""interpretation_state"": ""TOKENS_PARSED"", ""per_m"": false, ""raw"": [""2"", ""12""], ""tags"": [""TOP-B"", ""TOP-D""]}",top longitudinal bars (count x diameter),SOURCE_EXPLICIT,TRUE,"[""1EC5"", ""1E4F""]",SBT header 'TOP BARS'
B9,1EC5,10,1,TOP_SUPPORT_EXTRA,[],,,NOT_SCHEDULED,SOURCE_EXPLICIT,FALSE,"[""1EC5""]",the SBT has no support / extra top field; nothing is inferred
B9,1EC5,10,1,BOTTOM_EXTRA,[],,,NOT_SCHEDULED,SOURCE_EXPLICIT,FALSE,"[""1EC5""]",the SBT has no extra bottom field
B9,1EC5,10,1,MID,[],,,NOT_SCHEDULED,SOURCE_EXPLICIT,FALSE,"[""1EC5""]",MID bars exist only in the C-BEAM schedules
B9,1EC5,10,1,HANGER,[],,,ABSENT_AS_SEPARATE_COMPONENT,SOURCE_EXPLICIT,FALSE,"[""1EC5""]","no hanger field or detail; the TOP BARS field exists, its hanger role is not asserted"
B9,1EC5,10,1,SIDE_REBAR,"[""REMARKS""]",[null],"{""count"": 2, ""dia_mm"": 12, ""normalised"": ""2Ø12/30cm"", ""raw"": ""2%%C12/30cm"", ""spacing_cm"": 30, ""text_handle"": ""1FC8""}",side steel printed in REMARKS; per-face / vertical-spacing semantics not stated,UNRESOLVED,FALSE,"[""1FC8""]","CANDIDATE: side bars, count per level at the printed vertical spacing - the count / face semantics need the typical detail"
B9,1EC5,10,1,STIRRUP,"[""STI-B"", ""D""]","[""6"", ""8""]","{""count"": 6, ""dia_mm"": 8, ""grammar"": ""COUNT_DIA"", ""interpretation_state"": ""TOKENS_PARSED"", ""per_m"": false, ""raw"": [""6"", ""8""], ""semantics"": ""STIRRUPS_PER_METRE (schedule header)"", ""tags"": [""STI-B"", ""D""]}",stirrups per metre x diameter,SOURCE_EXPLICIT,TRUE,"[""1EC5"", ""1E4E""]",SBT header 'STIRRUPS/m'
B9,1EC5,10,1,OTHER,[],,,NONE,SOURCE_EXPLICIT,FALSE,"[""1EC5""]",no other field in this row
B10,1ED0,10,0,BOTTOM_MAIN,"[""BOT-B"", ""BOT-D""]","[""5"", ""18""]","{""count"": 5, ""dia_mm"": 18, ""grammar"": ""COUNT_DIA"", ""interpretation_state"": ""TOKENS_PARSED"", ""per_m"": false, ""raw"": [""5"", ""18""], ""tags"": [""BOT-B"", ""BOT-D""]}",bottom longitudinal bars (count x diameter),SOURCE_EXPLICIT,TRUE,"[""1ED0"", ""1E4C""]",SBT header 'BOTTOM BARS'
B10,1ED0,10,0,TOP_MAIN,"[""TOP-B"", ""TOP-D""]","[""2"", ""12""]","{""count"": 2, ""dia_mm"": 12, ""grammar"": ""COUNT_DIA"", ""interpretation_state"": ""TOKENS_PARSED"", ""per_m"": false, ""raw"": [""2"", ""12""], ""tags"": [""TOP-B"", ""TOP-D""]}",top longitudinal bars (count x diameter),SOURCE_EXPLICIT,TRUE,"[""1ED0"", ""1E4F""]",SBT header 'TOP BARS'
B10,1ED0,10,0,TOP_SUPPORT_EXTRA,[],,,NOT_SCHEDULED,SOURCE_EXPLICIT,FALSE,"[""1ED0""]",the SBT has no support / extra top field; nothing is inferred
B10,1ED0,10,0,BOTTOM_EXTRA,[],,,NOT_SCHEDULED,SOURCE_EXPLICIT,FALSE,"[""1ED0""]",the SBT has no extra bottom field
B10,1ED0,10,0,MID,[],,,NOT_SCHEDULED,SOURCE_EXPLICIT,FALSE,"[""1ED0""]",MID bars exist only in the C-BEAM schedules
B10,1ED0,10,0,HANGER,[],,,ABSENT_AS_SEPARATE_COMPONENT,SOURCE_EXPLICIT,FALSE,"[""1ED0""]","no hanger field or detail; the TOP BARS field exists, its hanger role is not asserted"
B10,1ED0,10,0,SIDE_REBAR,"[""REMARKS""]",[null],"{""count"": 2, ""dia_mm"": 12, ""normalised"": ""2Ø12/30cm"", ""raw"": ""2%%C12/30cm"", ""spacing_cm"": 30, ""text_handle"": ""1FC9""}",side steel printed in REMARKS; per-face / vertical-spacing semantics not stated,UNRESOLVED,FALSE,"[""1FC9""]","CANDIDATE: side bars, count per level at the printed vertical spacing - the count / face semantics need the typical detail"
B10,1ED0,10,0,STIRRUP,"[""STI-B"", ""D""]","[""6"", ""8""]","{""count"": 6, ""dia_mm"": 8, ""grammar"": ""COUNT_DIA"", ""interpretation_state"": ""TOKENS_PARSED"", ""per_m"": false, ""raw"": [""6"", ""8""], ""semantics"": ""STIRRUPS_PER_METRE (schedule header)"", ""tags"": [""STI-B"", ""D""]}",stirrups per metre x diameter,SOURCE_EXPLICIT,TRUE,"[""1ED0"", ""1E4E""]",SBT header 'STIRRUPS/m'
B10,1ED0,10,0,OTHER,[],,,NONE,SOURCE_EXPLICIT,FALSE,"[""1ED0""]",no other field in this row
B11,1EDB,10,2,BOTTOM_MAIN,"[""BOT-B"", ""BOT-D""]","[""6"", ""18""]","{""count"": 6, ""dia_mm"": 18, ""grammar"": ""COUNT_DIA"", ""interpretation_state"": ""TOKENS_PARSED"", ""per_m"": false, ""raw"": [""6"", ""18""], ""tags"": [""BOT-B"", ""BOT-D""]}",bottom longitudinal bars (count x diameter),SOURCE_EXPLICIT,TRUE,"[""1EDB"", ""1E4C""]",SBT header 'BOTTOM BARS'
B11,1EDB,10,2,TOP_MAIN,"[""TOP-B"", ""TOP-D""]","[""2"", ""12""]","{""count"": 2, ""dia_mm"": 12, ""grammar"": ""COUNT_DIA"", ""interpretation_state"": ""TOKENS_PARSED"", ""per_m"": false, ""raw"": [""2"", ""12""], ""tags"": [""TOP-B"", ""TOP-D""]}",top longitudinal bars (count x diameter),SOURCE_EXPLICIT,TRUE,"[""1EDB"", ""1E4F""]",SBT header 'TOP BARS'
B11,1EDB,10,2,TOP_SUPPORT_EXTRA,[],,,NOT_SCHEDULED,SOURCE_EXPLICIT,FALSE,"[""1EDB""]",the SBT has no support / extra top field; nothing is inferred
B11,1EDB,10,2,BOTTOM_EXTRA,[],,,NOT_SCHEDULED,SOURCE_EXPLICIT,FALSE,"[""1EDB""]",the SBT has no extra bottom field
B11,1EDB,10,2,MID,[],,,NOT_SCHEDULED,SOURCE_EXPLICIT,FALSE,"[""1EDB""]",MID bars exist only in the C-BEAM schedules
B11,1EDB,10,2,HANGER,[],,,ABSENT_AS_SEPARATE_COMPONENT,SOURCE_EXPLICIT,FALSE,"[""1EDB""]","no hanger field or detail; the TOP BARS field exists, its hanger role is not asserted"
B11,1EDB,10,2,SIDE_REBAR,"[""REMARKS""]",[null],"{""count"": 2, ""dia_mm"": 12, ""normalised"": ""2Ø12/30cm"", ""raw"": ""2%%C12/30cm"", ""spacing_cm"": 30, ""text_handle"": ""1FCA""}",side steel printed in REMARKS; per-face / vertical-spacing semantics not stated,UNRESOLVED,FALSE,"[""1FCA""]","CANDIDATE: side bars, count per level at the printed vertical spacing - the count / face semantics need the typical detail"
B11,1EDB,10,2,STIRRUP,"[""STI-B"", ""D""]","[""6"", ""8""]","{""count"": 6, ""dia_mm"": 8, ""grammar"": ""COUNT_DIA"", ""interpretation_state"": ""TOKENS_PARSED"", ""per_m"": false, ""raw"": [""6"", ""8""], ""semantics"": ""STIRRUPS_PER_METRE (schedule header)"", ""tags"": [""STI-B"", ""D""]}",stirrups per metre x diameter,SOURCE_EXPLICIT,TRUE,"[""1EDB"", ""1E4E""]",SBT header 'STIRRUPS/m'
B11,1EDB,10,2,OTHER,[],,,NONE,SOURCE_EXPLICIT,FALSE,"[""1EDB""]",no other field in this row
B12,1EE6,10,0,BOTTOM_MAIN,"[""BOT-B"", ""BOT-D""]","[""6"", ""18""]","{""count"": 6, ""dia_mm"": 18, ""grammar"": ""COUNT_DIA"", ""interpretation_state"": ""TOKENS_PARSED"", ""per_m"": false, ""raw"": [""6"", ""18""], ""tags"": [""BOT-B"", ""BOT-D""]}",bottom longitudinal bars (count x diameter),SOURCE_EXPLICIT,TRUE,"[""1EE6"", ""1E4C""]",SBT header 'BOTTOM BARS'
B12,1EE6,10,0,TOP_MAIN,"[""TOP-B"", ""TOP-D""]","[""2"", ""14""]","{""count"": 2, ""dia_mm"": 14, ""grammar"": ""COUNT_DIA"", ""interpretation_state"": ""TOKENS_PARSED"", ""per_m"": false, ""raw"": [""2"", ""14""], ""tags"": [""TOP-B"", ""TOP-D""]}",top longitudinal bars (count x diameter),SOURCE_EXPLICIT,TRUE,"[""1EE6"", ""1E4F""]",SBT header 'TOP BARS'
B12,1EE6,10,0,TOP_SUPPORT_EXTRA,[],,,NOT_SCHEDULED,SOURCE_EXPLICIT,FALSE,"[""1EE6""]",the SBT has no support / extra top field; nothing is inferred
B12,1EE6,10,0,BOTTOM_EXTRA,[],,,NOT_SCHEDULED,SOURCE_EXPLICIT,FALSE,"[""1EE6""]",the SBT has no extra bottom field
B12,1EE6,10,0,MID,[],,,NOT_SCHEDULED,SOURCE_EXPLICIT,FALSE,"[""1EE6""]",MID bars exist only in the C-BEAM schedules
B12,1EE6,10,0,HANGER,[],,,ABSENT_AS_SEPARATE_COMPONENT,SOURCE_EXPLICIT,FALSE,"[""1EE6""]","no hanger field or detail; the TOP BARS field exists, its hanger role is not asserted"
B12,1EE6,10,0,SIDE_REBAR,"[""REMARKS""]",[null],"{""count"": 2, ""dia_mm"": 12, ""normalised"": ""2Ø12/30cm"", ""raw"": ""2%%C12/30cm"", ""spacing_cm"": 30, ""text_handle"": ""1FCB""}",side steel printed in REMARKS; per-face / vertical-spacing semantics not stated,UNRESOLVED,FALSE,"[""1FCB""]","CANDIDATE: side bars, count per level at the printed vertical spacing - the count / face semantics need the typical detail"
B12,1EE6,10,0,STIRRUP,"[""STI-B"", ""D""]","[""6"", ""8""]","{""count"": 6, ""dia_mm"": 8, ""grammar"": ""COUNT_DIA"", ""interpretation_state"": ""TOKENS_PARSED"", ""per_m"": false, ""raw"": [""6"", ""8""], ""semantics"": ""STIRRUPS_PER_METRE (schedule header)"", ""tags"": [""STI-B"", ""D""]}",stirrups per metre x diameter,SOURCE_EXPLICIT,TRUE,"[""1EE6"", ""1E4E""]",SBT header 'STIRRUPS/m'
B12,1EE6,10,0,OTHER,[],,,NONE,SOURCE_EXPLICIT,FALSE,"[""1EE6""]",no other field in this row
B13,1EF1,10,1,BOTTOM_MAIN,"[""BOT-B"", ""BOT-D""]","[""7"", ""18""]","{""count"": 7, ""dia_mm"": 18, ""grammar"": ""COUNT_DIA"", ""interpretation_state"": ""TOKENS_PARSED"", ""per_m"": false, ""raw"": [""7"", ""18""], ""tags"": [""BOT-B"", ""BOT-D""]}",bottom longitudinal bars (count x diameter),SOURCE_EXPLICIT,TRUE,"[""1EF1"", ""1E4C""]",SBT header 'BOTTOM BARS'
B13,1EF1,10,1,TOP_MAIN,"[""TOP-B"", ""TOP-D""]","[""2"", ""14""]","{""count"": 2, ""dia_mm"": 14, ""grammar"": ""COUNT_DIA"", ""interpretation_state"": ""TOKENS_PARSED"", ""per_m"": false, ""raw"": [""2"", ""14""], ""tags"": [""TOP-B"", ""TOP-D""]}",top longitudinal bars (count x diameter),SOURCE_EXPLICIT,TRUE,"[""1EF1"", ""1E4F""]",SBT header 'TOP BARS'
B13,1EF1,10,1,TOP_SUPPORT_EXTRA,[],,,NOT_SCHEDULED,SOURCE_EXPLICIT,FALSE,"[""1EF1""]",the SBT has no support / extra top field; nothing is inferred
B13,1EF1,10,1,BOTTOM_EXTRA,[],,,NOT_SCHEDULED,SOURCE_EXPLICIT,FALSE,"[""1EF1""]",the SBT has no extra bottom field
B13,1EF1,10,1,MID,[],,,NOT_SCHEDULED,SOURCE_EXPLICIT,FALSE,"[""1EF1""]",MID bars exist only in the C-BEAM schedules
B13,1EF1,10,1,HANGER,[],,,ABSENT_AS_SEPARATE_COMPONENT,SOURCE_EXPLICIT,FALSE,"[""1EF1""]","no hanger field or detail; the TOP BARS field exists, its hanger role is not asserted"
B13,1EF1,10,1,SIDE_REBAR,"[""REMARKS""]",[null],"{""count"": 2, ""dia_mm"": 12, ""normalised"": ""2Ø12/30cm"", ""raw"": ""2%%C12/30cm"", ""spacing_cm"": 30, ""text_handle"": ""1FCC""}",side steel printed in REMARKS; per-face / vertical-spacing semantics not stated,UNRESOLVED,FALSE,"[""1FCC""]","CANDIDATE: side bars, count per level at the printed vertical spacing - the count / face semantics need the typical detail"
B13,1EF1,10,1,STIRRUP,"[""STI-B"", ""D""]","[""7"", ""8""]","{""count"": 7, ""dia_mm"": 8, ""grammar"": ""COUNT_DIA"", ""interpretation_state"": ""TOKENS_PARSED"", ""per_m"": false, ""raw"": [""7"", ""8""], ""semantics"": ""STIRRUPS_PER_METRE (schedule header)"", ""tags"": [""STI-B"", ""D""]}",stirrups per metre x diameter,SOURCE_EXPLICIT,TRUE,"[""1EF1"", ""1E4E""]",SBT header 'STIRRUPS/m'
B13,1EF1,10,1,OTHER,[],,,NONE,SOURCE_EXPLICIT,FALSE,"[""1EF1""]",no other field in this row
B14,1EFC,10,1,BOTTOM_MAIN,"[""BOT-B"", ""BOT-D""]","[""4"", ""18""]","{""count"": 4, ""dia_mm"": 18, ""grammar"": ""COUNT_DIA"", ""interpretation_state"": ""TOKENS_PARSED"", ""per_m"": false, ""raw"": [""4"", ""18""], ""tags"": [""BOT-B"", ""BOT-D""]}",bottom longitudinal bars (count x diameter),SOURCE_EXPLICIT,TRUE,"[""1EFC"", ""1E4C""]",SBT header 'BOTTOM BARS'
B14,1EFC,10,1,TOP_MAIN,"[""TOP-B"", ""TOP-D""]","[""2"", ""12""]","{""count"": 2, ""dia_mm"": 12, ""grammar"": ""COUNT_DIA"", ""interpretation_state"": ""TOKENS_PARSED"", ""per_m"": false, ""raw"": [""2"", ""12""], ""tags"": [""TOP-B"", ""TOP-D""]}",top longitudinal bars (count x diameter),SOURCE_EXPLICIT,TRUE,"[""1EFC"", ""1E4F""]",SBT header 'TOP BARS'
B14,1EFC,10,1,TOP_SUPPORT_EXTRA,[],,,NOT_SCHEDULED,SOURCE_EXPLICIT,FALSE,"[""1EFC""]",the SBT has no support / extra top field; nothing is inferred
B14,1EFC,10,1,BOTTOM_EXTRA,[],,,NOT_SCHEDULED,SOURCE_EXPLICIT,FALSE,"[""1EFC""]",the SBT has no extra bottom field
B14,1EFC,10,1,MID,[],,,NOT_SCHEDULED,SOURCE_EXPLICIT,FALSE,"[""1EFC""]",MID bars exist only in the C-BEAM schedules
B14,1EFC,10,1,HANGER,[],,,ABSENT_AS_SEPARATE_COMPONENT,SOURCE_EXPLICIT,FALSE,"[""1EFC""]","no hanger field or detail; the TOP BARS field exists, its hanger role is not asserted"
B14,1EFC,10,1,SIDE_REBAR,"[""REMARKS""]",[null],"{""count"": 2, ""dia_mm"": 12, ""normalised"": ""2Ø12/30cm"", ""raw"": ""2%%C12/30cm"", ""spacing_cm"": 30, ""text_handle"": ""1FCD""}",side steel printed in REMARKS; per-face / vertical-spacing semantics not stated,UNRESOLVED,FALSE,"[""1FCD""]","CANDIDATE: side bars, count per level at the printed vertical spacing - the count / face semantics need the typical detail"
B14,1EFC,10,1,STIRRUP,"[""STI-B"", ""D""]","[""7"", ""8""]","{""count"": 7, ""dia_mm"": 8, ""grammar"": ""COUNT_DIA"", ""interpretation_state"": ""TOKENS_PARSED"", ""per_m"": false, ""raw"": [""7"", ""8""], ""semantics"": ""STIRRUPS_PER_METRE (schedule header)"", ""tags"": [""STI-B"", ""D""]}",stirrups per metre x diameter,SOURCE_EXPLICIT,TRUE,"[""1EFC"", ""1E4E""]",SBT header 'STIRRUPS/m'
B14,1EFC,10,1,OTHER,[],,,NONE,SOURCE_EXPLICIT,FALSE,"[""1EFC""]",no other field in this row
B15,1F07,10,1,BOTTOM_MAIN,"[""BOT-B"", ""BOT-D""]","[""4"", ""16""]","{""count"": 4, ""dia_mm"": 16, ""grammar"": ""COUNT_DIA"", ""interpretation_state"": ""TOKENS_PARSED"", ""per_m"": false, ""raw"": [""4"", ""16""], ""tags"": [""BOT-B"", ""BOT-D""]}",bottom longitudinal bars (count x diameter),SOURCE_EXPLICIT,TRUE,"[""1F07"", ""1E4C""]",SBT header 'BOTTOM BARS'
B15,1F07,10,1,TOP_MAIN,"[""TOP-B"", ""TOP-D""]","[""6"", ""18""]","{""count"": 6, ""dia_mm"": 18, ""grammar"": ""COUNT_DIA"", ""interpretation_state"": ""TOKENS_PARSED"", ""per_m"": false, ""raw"": [""6"", ""18""], ""tags"": [""TOP-B"", ""TOP-D""]}",top longitudinal bars (count x diameter),SOURCE_EXPLICIT,TRUE,"[""1F07"", ""1E4F""]",SBT header 'TOP BARS'
B15,1F07,10,1,TOP_SUPPORT_EXTRA,[],,,NOT_SCHEDULED,SOURCE_EXPLICIT,FALSE,"[""1F07""]",the SBT has no support / extra top field; nothing is inferred
B15,1F07,10,1,BOTTOM_EXTRA,[],,,NOT_SCHEDULED,SOURCE_EXPLICIT,FALSE,"[""1F07""]",the SBT has no extra bottom field
B15,1F07,10,1,MID,[],,,NOT_SCHEDULED,SOURCE_EXPLICIT,FALSE,"[""1F07""]",MID bars exist only in the C-BEAM schedules
B15,1F07,10,1,HANGER,[],,,ABSENT_AS_SEPARATE_COMPONENT,SOURCE_EXPLICIT,FALSE,"[""1F07""]","no hanger field or detail; the TOP BARS field exists, its hanger role is not asserted"
B15,1F07,10,1,SIDE_REBAR,"[""REMARKS""]",[null],"{""count"": 2, ""dia_mm"": 12, ""normalised"": ""2Ø12/30cm"", ""raw"": ""2%%C12/30cm"", ""spacing_cm"": 30, ""text_handle"": ""1FCE""}",side steel printed in REMARKS; per-face / vertical-spacing semantics not stated,UNRESOLVED,FALSE,"[""1FCE""]","CANDIDATE: side bars, count per level at the printed vertical spacing - the count / face semantics need the typical detail"
B15,1F07,10,1,STIRRUP,"[""STI-B"", ""D""]","[""10"", ""8""]","{""count"": 10, ""dia_mm"": 8, ""grammar"": ""COUNT_DIA"", ""interpretation_state"": ""TOKENS_PARSED"", ""per_m"": false, ""raw"": [""10"", ""8""], ""semantics"": ""STIRRUPS_PER_METRE (schedule header)"", ""tags"": [""STI-B"", ""D""]}",stirrups per metre x diameter,SOURCE_EXPLICIT,TRUE,"[""1F07"", ""1E4E""]",SBT header 'STIRRUPS/m'
B15,1F07,10,1,OTHER,[],,,NONE,SOURCE_EXPLICIT,FALSE,"[""1F07""]",no other field in this row
B16,1F12,10,1,BOTTOM_MAIN,"[""BOT-B"", ""BOT-D""]","[""5"", ""18""]","{""count"": 5, ""dia_mm"": 18, ""grammar"": ""COUNT_DIA"", ""interpretation_state"": ""TOKENS_PARSED"", ""per_m"": false, ""raw"": [""5"", ""18""], ""tags"": [""BOT-B"", ""BOT-D""]}",bottom longitudinal bars (count x diameter),SOURCE_EXPLICIT,TRUE,"[""1F12"", ""1E4C""]",SBT header 'BOTTOM BARS'
B16,1F12,10,1,TOP_MAIN,"[""TOP-B"", ""TOP-D""]","[""3"", ""14""]","{""count"": 3, ""dia_mm"": 14, ""grammar"": ""COUNT_DIA"", ""interpretation_state"": ""TOKENS_PARSED"", ""per_m"": false, ""raw"": [""3"", ""14""], ""tags"": [""TOP-B"", ""TOP-D""]}",top longitudinal bars (count x diameter),SOURCE_EXPLICIT,TRUE,"[""1F12"", ""1E4F""]",SBT header 'TOP BARS'
B16,1F12,10,1,TOP_SUPPORT_EXTRA,[],,,NOT_SCHEDULED,SOURCE_EXPLICIT,FALSE,"[""1F12""]",the SBT has no support / extra top field; nothing is inferred
B16,1F12,10,1,BOTTOM_EXTRA,[],,,NOT_SCHEDULED,SOURCE_EXPLICIT,FALSE,"[""1F12""]",the SBT has no extra bottom field
B16,1F12,10,1,MID,[],,,NOT_SCHEDULED,SOURCE_EXPLICIT,FALSE,"[""1F12""]",MID bars exist only in the C-BEAM schedules
B16,1F12,10,1,HANGER,[],,,ABSENT_AS_SEPARATE_COMPONENT,SOURCE_EXPLICIT,FALSE,"[""1F12""]","no hanger field or detail; the TOP BARS field exists, its hanger role is not asserted"
B16,1F12,10,1,SIDE_REBAR,"[""REMARKS""]",[null],"{""count"": 2, ""dia_mm"": 16, ""normalised"": ""2Ø16/20cm"", ""raw"": ""2%%C16/20cm"", ""spacing_cm"": 20, ""text_handle"": ""1FCF""}",side steel printed in REMARKS; per-face / vertical-spacing semantics not stated,UNRESOLVED,FALSE,"[""1FCF""]","CANDIDATE: side bars, count per level at the printed vertical spacing - the count / face semantics need the typical detail"
B16,1F12,10,1,STIRRUP,"[""STI-B"", ""D""]","[""10"", ""10""]","{""count"": 10, ""dia_mm"": 10, ""grammar"": ""COUNT_DIA"", ""interpretation_state"": ""TOKENS_PARSED"", ""per_m"": false, ""raw"": [""10"", ""10""], ""semantics"": ""STIRRUPS_PER_METRE (schedule header)"", ""tags"": [""STI-B"", ""D""]}",stirrups per metre x diameter,SOURCE_EXPLICIT,TRUE,"[""1F12"", ""1E4E""]",SBT header 'STIRRUPS/m'
B16,1F12,10,1,OTHER,[],,,NONE,SOURCE_EXPLICIT,FALSE,"[""1F12""]",no other field in this row
B17,1F1D,10,1,BOTTOM_MAIN,"[""BOT-B"", ""BOT-D""]","[""10"", ""18""]","{""count"": 10, ""dia_mm"": 18, ""grammar"": ""COUNT_DIA"", ""interpretation_state"": ""TOKENS_PARSED"", ""per_m"": false, ""raw"": [""10"", ""18""], ""tags"": [""BOT-B"", ""BOT-D""]}",bottom longitudinal bars (count x diameter),SOURCE_EXPLICIT,TRUE,"[""1F1D"", ""1E4C""]",SBT header 'BOTTOM BARS'
B17,1F1D,10,1,TOP_MAIN,"[""TOP-B"", ""TOP-D""]","[""4"", ""14""]","{""count"": 4, ""dia_mm"": 14, ""grammar"": ""COUNT_DIA"", ""interpretation_state"": ""TOKENS_PARSED"", ""per_m"": false, ""raw"": [""4"", ""14""], ""tags"": [""TOP-B"", ""TOP-D""]}",top longitudinal bars (count x diameter),SOURCE_EXPLICIT,TRUE,"[""1F1D"", ""1E4F""]",SBT header 'TOP BARS'
B17,1F1D,10,1,TOP_SUPPORT_EXTRA,[],,,NOT_SCHEDULED,SOURCE_EXPLICIT,FALSE,"[""1F1D""]",the SBT has no support / extra top field; nothing is inferred
B17,1F1D,10,1,BOTTOM_EXTRA,[],,,NOT_SCHEDULED,SOURCE_EXPLICIT,FALSE,"[""1F1D""]",the SBT has no extra bottom field
B17,1F1D,10,1,MID,[],,,NOT_SCHEDULED,SOURCE_EXPLICIT,FALSE,"[""1F1D""]",MID bars exist only in the C-BEAM schedules
B17,1F1D,10,1,HANGER,[],,,ABSENT_AS_SEPARATE_COMPONENT,SOURCE_EXPLICIT,FALSE,"[""1F1D""]","no hanger field or detail; the TOP BARS field exists, its hanger role is not asserted"
B17,1F1D,10,1,SIDE_REBAR,"[""REMARKS""]",[null],"{""count"": 2, ""dia_mm"": 12, ""normalised"": ""2Ø12/30cm"", ""raw"": ""2%%C12/30cm"", ""spacing_cm"": 30, ""text_handle"": ""1FD0""}",side steel printed in REMARKS; per-face / vertical-spacing semantics not stated,UNRESOLVED,FALSE,"[""1FD0""]","CANDIDATE: side bars, count per level at the printed vertical spacing - the count / face semantics need the typical detail"
B17,1F1D,10,1,STIRRUP,"[""STI-B"", ""D""]","[""6"", ""8""]","{""count"": 6, ""dia_mm"": 8, ""grammar"": ""COUNT_DIA"", ""interpretation_state"": ""TOKENS_PARSED"", ""per_m"": false, ""raw"": [""6"", ""8""], ""semantics"": ""STIRRUPS_PER_METRE (schedule header)"", ""tags"": [""STI-B"", ""D""]}",stirrups per metre x diameter,SOURCE_EXPLICIT,TRUE,"[""1F1D"", ""1E4E""]",SBT header 'STIRRUPS/m'
B17,1F1D,10,1,OTHER,"[""REMARKS icon""]",[null],"[""STR2""]",REMARKS icon block (outer + inner closed rectangles): reads like a multi-link stirrup set; the drawing does not say,PROJECT_PATTERN_ONLY,FALSE,"[""26FF""]",named block STR2 / str3 with no legend
B18,1F28,10,1,BOTTOM_MAIN,"[""BOT-B"", ""BOT-D""]","[""10"", ""18""]","{""count"": 10, ""dia_mm"": 18, ""grammar"": ""COUNT_DIA"", ""interpretation_state"": ""TOKENS_PARSED"", ""per_m"": false, ""raw"": [""10"", ""18""], ""tags"": [""BOT-B"", ""BOT-D""]}",bottom longitudinal bars (count x diameter),SOURCE_EXPLICIT,TRUE,"[""1F28"", ""1E4C""]",SBT header 'BOTTOM BARS'
B18,1F28,10,1,TOP_MAIN,"[""TOP-B"", ""TOP-D""]","[""3"", ""14""]","{""count"": 3, ""dia_mm"": 14, ""grammar"": ""COUNT_DIA"", ""interpretation_state"": ""TOKENS_PARSED"", ""per_m"": false, ""raw"": [""3"", ""14""], ""tags"": [""TOP-B"", ""TOP-D""]}",top longitudinal bars (count x diameter),SOURCE_EXPLICIT,TRUE,"[""1F28"", ""1E4F""]",SBT header 'TOP BARS'
B18,1F28,10,1,TOP_SUPPORT_EXTRA,[],,,NOT_SCHEDULED,SOURCE_EXPLICIT,FALSE,"[""1F28""]",the SBT has no support / extra top field; nothing is inferred
B18,1F28,10,1,BOTTOM_EXTRA,[],,,NOT_SCHEDULED,SOURCE_EXPLICIT,FALSE,"[""1F28""]",the SBT has no extra bottom field
B18,1F28,10,1,MID,[],,,NOT_SCHEDULED,SOURCE_EXPLICIT,FALSE,"[""1F28""]",MID bars exist only in the C-BEAM schedules
B18,1F28,10,1,HANGER,[],,,ABSENT_AS_SEPARATE_COMPONENT,SOURCE_EXPLICIT,FALSE,"[""1F28""]","no hanger field or detail; the TOP BARS field exists, its hanger role is not asserted"
B18,1F28,10,1,SIDE_REBAR,"[""REMARKS""]",[null],"{""count"": 2, ""dia_mm"": 12, ""normalised"": ""2Ø12/30cm"", ""raw"": ""2%%C12/30cm"", ""spacing_cm"": 30, ""text_handle"": ""1FD1""}",side steel printed in REMARKS; per-face / vertical-spacing semantics not stated,UNRESOLVED,FALSE,"[""1FD1""]","CANDIDATE: side bars, count per level at the printed vertical spacing - the count / face semantics need the typical detail"
B18,1F28,10,1,STIRRUP,"[""STI-B"", ""D""]","[""5"", ""8""]","{""count"": 5, ""dia_mm"": 8, ""grammar"": ""COUNT_DIA"", ""interpretation_state"": ""TOKENS_PARSED"", ""per_m"": false, ""raw"": [""5"", ""8""], ""semantics"": ""STIRRUPS_PER_METRE (schedule header)"", ""tags"": [""STI-B"", ""D""]}",stirrups per metre x diameter,SOURCE_EXPLICIT,TRUE,"[""1F28"", ""1E4E""]",SBT header 'STIRRUPS/m'
B18,1F28,10,1,OTHER,[],,,NONE,SOURCE_EXPLICIT,FALSE,"[""1F28""]",no other field in this row
B19,1F33,10,1,BOTTOM_MAIN,"[""BOT-B"", ""BOT-D""]","[""11"", ""18""]","{""count"": 11, ""dia_mm"": 18, ""grammar"": ""COUNT_DIA"", ""interpretation_state"": ""TOKENS_PARSED"", ""per_m"": false, ""raw"": [""11"", ""18""], ""tags"": [""BOT-B"", ""BOT-D""]}",bottom longitudinal bars (count x diameter),SOURCE_EXPLICIT,TRUE,"[""1F33"", ""1E4C""]",SBT header 'BOTTOM BARS'
B19,1F33,10,1,TOP_MAIN,"[""TOP-B"", ""TOP-D""]","[""4"", ""14""]","{""count"": 4, ""dia_mm"": 14, ""grammar"": ""COUNT_DIA"", ""interpretation_state"": ""TOKENS_PARSED"", ""per_m"": false, ""raw"": [""4"", ""14""], ""tags"": [""TOP-B"", ""TOP-D""]}",top longitudinal bars (count x diameter),SOURCE_EXPLICIT,TRUE,"[""1F33"", ""1E4F""]",SBT header 'TOP BARS'
B19,1F33,10,1,TOP_SUPPORT_EXTRA,[],,,NOT_SCHEDULED,SOURCE_EXPLICIT,FALSE,"[""1F33""]",the SBT has no support / extra top field; nothing is inferred
B19,1F33,10,1,BOTTOM_EXTRA,[],,,NOT_SCHEDULED,SOURCE_EXPLICIT,FALSE,"[""1F33""]",the SBT has no extra bottom field
B19,1F33,10,1,MID,[],,,NOT_SCHEDULED,SOURCE_EXPLICIT,FALSE,"[""1F33""]",MID bars exist only in the C-BEAM schedules
B19,1F33,10,1,HANGER,[],,,ABSENT_AS_SEPARATE_COMPONENT,SOURCE_EXPLICIT,FALSE,"[""1F33""]","no hanger field or detail; the TOP BARS field exists, its hanger role is not asserted"
B19,1F33,10,1,SIDE_REBAR,"[""REMARKS""]",[null],"{""count"": 2, ""dia_mm"": 14, ""normalised"": ""2Ø14/20cm"", ""raw"": ""2%%C14/20cm"", ""spacing_cm"": 20, ""text_handle"": ""2700""}",side steel printed in REMARKS; per-face / vertical-spacing semantics not stated,UNRESOLVED,FALSE,"[""2700""]","CANDIDATE: side bars, count per level at the printed vertical spacing - the count / face semantics need the typical detail"
B19,1F33,10,1,STIRRUP,"[""STI-B"", ""D""]","[""10"", ""10""]","{""count"": 10, ""dia_mm"": 10, ""grammar"": ""COUNT_DIA"", ""interpretation_state"": ""TOKENS_PARSED"", ""per_m"": false, ""raw"": [""10"", ""10""], ""semantics"": ""STIRRUPS_PER_METRE (schedule header)"", ""tags"": [""STI-B"", ""D""]}",stirrups per metre x diameter,SOURCE_EXPLICIT,TRUE,"[""1F33"", ""1E4E""]",SBT header 'STIRRUPS/m'
B19,1F33,10,1,OTHER,"[""REMARKS icon""]",[null],"[""STR2""]",REMARKS icon block (outer + inner closed rectangles): reads like a multi-link stirrup set; the drawing does not say,PROJECT_PATTERN_ONLY,FALSE,"[""1FDA""]",named block STR2 / str3 with no legend
B20,1F3E,10,1,BOTTOM_MAIN,"[""BOT-B"", ""BOT-D""]","[""11"", ""18""]","{""count"": 11, ""dia_mm"": 18, ""grammar"": ""COUNT_DIA"", ""interpretation_state"": ""TOKENS_PARSED"", ""per_m"": false, ""raw"": [""11"", ""18""], ""tags"": [""BOT-B"", ""BOT-D""]}",bottom longitudinal bars (count x diameter),SOURCE_EXPLICIT,TRUE,"[""1F3E"", ""1E4C""]",SBT header 'BOTTOM BARS'
B20,1F3E,10,1,TOP_MAIN,"[""TOP-B"", ""TOP-D""]","[""11"", ""18""]","{""count"": 11, ""dia_mm"": 18, ""grammar"": ""COUNT_DIA"", ""interpretation_state"": ""TOKENS_PARSED"", ""per_m"": false, ""raw"": [""11"", ""18""], ""tags"": [""TOP-B"", ""TOP-D""]}",top longitudinal bars (count x diameter),SOURCE_EXPLICIT,TRUE,"[""1F3E"", ""1E4F""]",SBT header 'TOP BARS'
B20,1F3E,10,1,TOP_SUPPORT_EXTRA,[],,,NOT_SCHEDULED,SOURCE_EXPLICIT,FALSE,"[""1F3E""]",the SBT has no support / extra top field; nothing is inferred
B20,1F3E,10,1,BOTTOM_EXTRA,[],,,NOT_SCHEDULED,SOURCE_EXPLICIT,FALSE,"[""1F3E""]",the SBT has no extra bottom field
B20,1F3E,10,1,MID,[],,,NOT_SCHEDULED,SOURCE_EXPLICIT,FALSE,"[""1F3E""]",MID bars exist only in the C-BEAM schedules
B20,1F3E,10,1,HANGER,[],,,ABSENT_AS_SEPARATE_COMPONENT,SOURCE_EXPLICIT,FALSE,"[""1F3E""]","no hanger field or detail; the TOP BARS field exists, its hanger role is not asserted"
B20,1F3E,10,1,SIDE_REBAR,"[""REMARKS""]",[null],"{""count"": 2, ""dia_mm"": 12, ""normalised"": ""2Ø12/30cm"", ""raw"": ""2%%C12/30cm"", ""spacing_cm"": 30, ""text_handle"": ""1FD2""}",side steel printed in REMARKS; per-face / vertical-spacing semantics not stated,UNRESOLVED,FALSE,"[""1FD2""]","CANDIDATE: side bars, count per level at the printed vertical spacing - the count / face semantics need the typical detail"
B20,1F3E,10,1,STIRRUP,"[""STI-B"", ""D""]","[""10"", ""8""]","{""count"": 10, ""dia_mm"": 8, ""grammar"": ""COUNT_DIA"", ""interpretation_state"": ""TOKENS_PARSED"", ""per_m"": false, ""raw"": [""10"", ""8""], ""semantics"": ""STIRRUPS_PER_METRE (schedule header)"", ""tags"": [""STI-B"", ""D""]}",stirrups per metre x diameter,SOURCE_EXPLICIT,TRUE,"[""1F3E"", ""1E4E""]",SBT header 'STIRRUPS/m'
B20,1F3E,10,1,OTHER,"[""REMARKS icon""]",[null],"[""STR2""]",REMARKS icon block (outer + inner closed rectangles): reads like a multi-link stirrup set; the drawing does not say,PROJECT_PATTERN_ONLY,FALSE,"[""2701""]",named block STR2 / str3 with no legend
B21,1F49,10,1,BOTTOM_MAIN,"[""BOT-B"", ""BOT-D""]","[""12"", ""18""]","{""count"": 12, ""dia_mm"": 18, ""grammar"": ""COUNT_DIA"", ""interpretation_state"": ""TOKENS_PARSED"", ""per_m"": false, ""raw"": [""12"", ""18""], ""tags"": [""BOT-B"", ""BOT-D""]}",bottom longitudinal bars (count x diameter),SOURCE_EXPLICIT,TRUE,"[""1F49"", ""1E4C""]",SBT header 'BOTTOM BARS'
B21,1F49,10,1,TOP_MAIN,"[""TOP-B"", ""TOP-D""]","[""4"", ""14""]","{""count"": 4, ""dia_mm"": 14, ""grammar"": ""COUNT_DIA"", ""interpretation_state"": ""TOKENS_PARSED"", ""per_m"": false, ""raw"": [""4"", ""14""], ""tags"": [""TOP-B"", ""TOP-D""]}",top longitudinal bars (count x diameter),SOURCE_EXPLICIT,TRUE,"[""1F49"", ""1E4F""]",SBT header 'TOP BARS'
B21,1F49,10,1,TOP_SUPPORT_EXTRA,[],,,NOT_SCHEDULED,SOURCE_EXPLICIT,FALSE,"[""1F49""]",the SBT has no support / extra top field; nothing is inferred
B21,1F49,10,1,BOTTOM_EXTRA,[],,,NOT_SCHEDULED,SOURCE_EXPLICIT,FALSE,"[""1F49""]",the SBT has no extra bottom field
B21,1F49,10,1,MID,[],,,NOT_SCHEDULED,SOURCE_EXPLICIT,FALSE,"[""1F49""]",MID bars exist only in the C-BEAM schedules
B21,1F49,10,1,HANGER,[],,,ABSENT_AS_SEPARATE_COMPONENT,SOURCE_EXPLICIT,FALSE,"[""1F49""]","no hanger field or detail; the TOP BARS field exists, its hanger role is not asserted"
B21,1F49,10,1,SIDE_REBAR,"[""REMARKS""]",[null],"{""count"": 2, ""dia_mm"": 12, ""normalised"": ""2Ø12/30cm"", ""raw"": ""2%%C12/30cm"", ""spacing_cm"": 30, ""text_handle"": ""1FD3""}",side steel printed in REMARKS; per-face / vertical-spacing semantics not stated,UNRESOLVED,FALSE,"[""1FD3""]","CANDIDATE: side bars, count per level at the printed vertical spacing - the count / face semantics need the typical detail"
B21,1F49,10,1,STIRRUP,"[""STI-B"", ""D""]","[""10"", ""10""]","{""count"": 10, ""dia_mm"": 10, ""grammar"": ""COUNT_DIA"", ""interpretation_state"": ""TOKENS_PARSED"", ""per_m"": false, ""raw"": [""10"", ""10""], ""semantics"": ""STIRRUPS_PER_METRE (schedule header)"", ""tags"": [""STI-B"", ""D""]}",stirrups per metre x diameter,SOURCE_EXPLICIT,TRUE,"[""1F49"", ""1E4E""]",SBT header 'STIRRUPS/m'
B21,1F49,10,1,OTHER,"[""REMARKS icon""]",[null],"[""STR2""]",REMARKS icon block (outer + inner closed rectangles): reads like a multi-link stirrup set; the drawing does not say,PROJECT_PATTERN_ONLY,FALSE,"[""2702""]",named block STR2 / str3 with no legend
B22,1F54,10,1,BOTTOM_MAIN,"[""BOT-B"", ""BOT-D""]","[""14"", ""18""]","{""count"": 14, ""dia_mm"": 18, ""grammar"": ""COUNT_DIA"", ""interpretation_state"": ""TOKENS_PARSED"", ""per_m"": false, ""raw"": [""14"", ""18""], ""tags"": [""BOT-B"", ""BOT-D""]}",bottom longitudinal bars (count x diameter),SOURCE_EXPLICIT,TRUE,"[""1F54"", ""1E4C""]",SBT header 'BOTTOM BARS'
B22,1F54,10,1,TOP_MAIN,"[""TOP-B"", ""TOP-D""]","[""5"", ""14""]","{""count"": 5, ""dia_mm"": 14, ""grammar"": ""COUNT_DIA"", ""interpretation_state"": ""TOKENS_PARSED"", ""per_m"": false, ""raw"": [""5"", ""14""], ""tags"": [""TOP-B"", ""TOP-D""]}",top longitudinal bars (count x diameter),SOURCE_EXPLICIT,TRUE,"[""1F54"", ""1E4F""]",SBT header 'TOP BARS'
B22,1F54,10,1,TOP_SUPPORT_EXTRA,[],,,NOT_SCHEDULED,SOURCE_EXPLICIT,FALSE,"[""1F54""]",the SBT has no support / extra top field; nothing is inferred
B22,1F54,10,1,BOTTOM_EXTRA,[],,,NOT_SCHEDULED,SOURCE_EXPLICIT,FALSE,"[""1F54""]",the SBT has no extra bottom field
B22,1F54,10,1,MID,[],,,NOT_SCHEDULED,SOURCE_EXPLICIT,FALSE,"[""1F54""]",MID bars exist only in the C-BEAM schedules
B22,1F54,10,1,HANGER,[],,,ABSENT_AS_SEPARATE_COMPONENT,SOURCE_EXPLICIT,FALSE,"[""1F54""]","no hanger field or detail; the TOP BARS field exists, its hanger role is not asserted"
B22,1F54,10,1,SIDE_REBAR,"[""REMARKS""]",[null],"{""count"": 2, ""dia_mm"": 12, ""normalised"": ""2Ø12/30cm"", ""raw"": ""2%%C12/30cm"", ""spacing_cm"": 30, ""text_handle"": ""1FD4""}",side steel printed in REMARKS; per-face / vertical-spacing semantics not stated,UNRESOLVED,FALSE,"[""1FD4""]","CANDIDATE: side bars, count per level at the printed vertical spacing - the count / face semantics need the typical detail"
B22,1F54,10,1,STIRRUP,"[""STI-B"", ""D""]","[""5"", ""8""]","{""count"": 5, ""dia_mm"": 8, ""grammar"": ""COUNT_DIA"", ""interpretation_state"": ""TOKENS_PARSED"", ""per_m"": false, ""raw"": [""5"", ""8""], ""semantics"": ""STIRRUPS_PER_METRE (schedule header)"", ""tags"": [""STI-B"", ""D""]}",stirrups per metre x diameter,SOURCE_EXPLICIT,TRUE,"[""1F54"", ""1E4E""]",SBT header 'STIRRUPS/m'
B22,1F54,10,1,OTHER,"[""REMARKS icon""]",[null],"[""STR2""]",REMARKS icon block (outer + inner closed rectangles): reads like a multi-link stirrup set; the drawing does not say,PROJECT_PATTERN_ONLY,FALSE,"[""2703""]",named block STR2 / str3 with no legend
B23,1F5F,10,1,BOTTOM_MAIN,"[""BOT-B"", ""BOT-D""]","[""11"", ""18""]","{""count"": 11, ""dia_mm"": 18, ""grammar"": ""COUNT_DIA"", ""interpretation_state"": ""TOKENS_PARSED"", ""per_m"": false, ""raw"": [""11"", ""18""], ""tags"": [""BOT-B"", ""BOT-D""]}",bottom longitudinal bars (count x diameter),SOURCE_EXPLICIT,TRUE,"[""1F5F"", ""1E4C""]",SBT header 'BOTTOM BARS'
B23,1F5F,10,1,TOP_MAIN,"[""TOP-B"", ""TOP-D""]","[""11"", ""18""]","{""count"": 11, ""dia_mm"": 18, ""grammar"": ""COUNT_DIA"", ""interpretation_state"": ""TOKENS_PARSED"", ""per_m"": false, ""raw"": [""11"", ""18""], ""tags"": [""TOP-B"", ""TOP-D""]}",top longitudinal bars (count x diameter),SOURCE_EXPLICIT,TRUE,"[""1F5F"", ""1E4F""]",SBT header 'TOP BARS'
B23,1F5F,10,1,TOP_SUPPORT_EXTRA,[],,,NOT_SCHEDULED,SOURCE_EXPLICIT,FALSE,"[""1F5F""]",the SBT has no support / extra top field; nothing is inferred
B23,1F5F,10,1,BOTTOM_EXTRA,[],,,NOT_SCHEDULED,SOURCE_EXPLICIT,FALSE,"[""1F5F""]",the SBT has no extra bottom field
B23,1F5F,10,1,MID,[],,,NOT_SCHEDULED,SOURCE_EXPLICIT,FALSE,"[""1F5F""]",MID bars exist only in the C-BEAM schedules
B23,1F5F,10,1,HANGER,[],,,ABSENT_AS_SEPARATE_COMPONENT,SOURCE_EXPLICIT,FALSE,"[""1F5F""]","no hanger field or detail; the TOP BARS field exists, its hanger role is not asserted"
B23,1F5F,10,1,SIDE_REBAR,"[""REMARKS""]",[null],"{""count"": 2, ""dia_mm"": 12, ""normalised"": ""2Ø12/30cm"", ""raw"": ""2%%C12/30cm"", ""spacing_cm"": 30, ""text_handle"": ""1FD5""}",side steel printed in REMARKS; per-face / vertical-spacing semantics not stated,UNRESOLVED,FALSE,"[""1FD5""]","CANDIDATE: side bars, count per level at the printed vertical spacing - the count / face semantics need the typical detail"
B23,1F5F,10,1,STIRRUP,"[""STI-B"", ""D""]","[""10"", ""8""]","{""count"": 10, ""dia_mm"": 8, ""grammar"": ""COUNT_DIA"", ""interpretation_state"": ""TOKENS_PARSED"", ""per_m"": false, ""raw"": [""10"", ""8""], ""semantics"": ""STIRRUPS_PER_METRE (schedule header)"", ""tags"": [""STI-B"", ""D""]}",stirrups per metre x diameter,SOURCE_EXPLICIT,TRUE,"[""1F5F"", ""1E4E""]",SBT header 'STIRRUPS/m'
B23,1F5F,10,1,OTHER,"[""REMARKS icon""]",[null],"[""STR2""]",REMARKS icon block (outer + inner closed rectangles): reads like a multi-link stirrup set; the drawing does not say,PROJECT_PATTERN_ONLY,FALSE,"[""2704""]",named block STR2 / str3 with no legend
B24,1F6A,10,1,BOTTOM_MAIN,"[""BOT-B"", ""BOT-D""]","[""5"", ""16""]","{""count"": 5, ""dia_mm"": 16, ""grammar"": ""COUNT_DIA"", ""interpretation_state"": ""TOKENS_PARSED"", ""per_m"": false, ""raw"": [""5"", ""16""], ""tags"": [""BOT-B"", ""BOT-D""]}",bottom longitudinal bars (count x diameter),SOURCE_EXPLICIT,TRUE,"[""1F6A"", ""1E4C""]",SBT header 'BOTTOM BARS'
B24,1F6A,10,1,TOP_MAIN,"[""TOP-B"", ""TOP-D""]","[""10"", ""18""]","{""count"": 10, ""dia_mm"": 18, ""grammar"": ""COUNT_DIA"", ""interpretation_state"": ""TOKENS_PARSED"", ""per_m"": false, ""raw"": [""10"", ""18""], ""tags"": [""TOP-B"", ""TOP-D""]}",top longitudinal bars (count x diameter),SOURCE_EXPLICIT,TRUE,"[""1F6A"", ""1E4F""]",SBT header 'TOP BARS'
B24,1F6A,10,1,TOP_SUPPORT_EXTRA,[],,,NOT_SCHEDULED,SOURCE_EXPLICIT,FALSE,"[""1F6A""]",the SBT has no support / extra top field; nothing is inferred
B24,1F6A,10,1,BOTTOM_EXTRA,[],,,NOT_SCHEDULED,SOURCE_EXPLICIT,FALSE,"[""1F6A""]",the SBT has no extra bottom field
B24,1F6A,10,1,MID,[],,,NOT_SCHEDULED,SOURCE_EXPLICIT,FALSE,"[""1F6A""]",MID bars exist only in the C-BEAM schedules
B24,1F6A,10,1,HANGER,[],,,ABSENT_AS_SEPARATE_COMPONENT,SOURCE_EXPLICIT,FALSE,"[""1F6A""]","no hanger field or detail; the TOP BARS field exists, its hanger role is not asserted"
B24,1F6A,10,1,SIDE_REBAR,"[""REMARKS""]",[null],"{""count"": 2, ""dia_mm"": 12, ""normalised"": ""2Ø12/30cm"", ""raw"": ""2%%C12/30cm"", ""spacing_cm"": 30, ""text_handle"": ""1FD6""}",side steel printed in REMARKS; per-face / vertical-spacing semantics not stated,UNRESOLVED,FALSE,"[""1FD6""]","CANDIDATE: side bars, count per level at the printed vertical spacing - the count / face semantics need the typical detail"
B24,1F6A,10,1,STIRRUP,"[""STI-B"", ""D""]","[""5"", ""8""]","{""count"": 5, ""dia_mm"": 8, ""grammar"": ""COUNT_DIA"", ""interpretation_state"": ""TOKENS_PARSED"", ""per_m"": false, ""raw"": [""5"", ""8""], ""semantics"": ""STIRRUPS_PER_METRE (schedule header)"", ""tags"": [""STI-B"", ""D""]}",stirrups per metre x diameter,SOURCE_EXPLICIT,TRUE,"[""1F6A"", ""1E4E""]",SBT header 'STIRRUPS/m'
B24,1F6A,10,1,OTHER,"[""REMARKS icon""]",[null],"[""STR2""]",REMARKS icon block (outer + inner closed rectangles): reads like a multi-link stirrup set; the drawing does not say,PROJECT_PATTERN_ONLY,FALSE,"[""2705""]",named block STR2 / str3 with no legend
B25,1F75,10,1,BOTTOM_MAIN,"[""BOT-B"", ""BOT-D""]","[""15"", ""18""]","{""count"": 15, ""dia_mm"": 18, ""grammar"": ""COUNT_DIA"", ""interpretation_state"": ""TOKENS_PARSED"", ""per_m"": false, ""raw"": [""15"", ""18""], ""tags"": [""BOT-B"", ""BOT-D""]}",bottom longitudinal bars (count x diameter),SOURCE_EXPLICIT,TRUE,"[""1F75"", ""1E4C""]",SBT header 'BOTTOM BARS'
B25,1F75,10,1,TOP_MAIN,"[""TOP-B"", ""TOP-D""]","[""5"", ""14""]","{""count"": 5, ""dia_mm"": 14, ""grammar"": ""COUNT_DIA"", ""interpretation_state"": ""TOKENS_PARSED"", ""per_m"": false, ""raw"": [""5"", ""14""], ""tags"": [""TOP-B"", ""TOP-D""]}",top longitudinal bars (count x diameter),SOURCE_EXPLICIT,TRUE,"[""1F75"", ""1E4F""]",SBT header 'TOP BARS'
B25,1F75,10,1,TOP_SUPPORT_EXTRA,[],,,NOT_SCHEDULED,SOURCE_EXPLICIT,FALSE,"[""1F75""]",the SBT has no support / extra top field; nothing is inferred
B25,1F75,10,1,BOTTOM_EXTRA,[],,,NOT_SCHEDULED,SOURCE_EXPLICIT,FALSE,"[""1F75""]",the SBT has no extra bottom field
B25,1F75,10,1,MID,[],,,NOT_SCHEDULED,SOURCE_EXPLICIT,FALSE,"[""1F75""]",MID bars exist only in the C-BEAM schedules
B25,1F75,10,1,HANGER,[],,,ABSENT_AS_SEPARATE_COMPONENT,SOURCE_EXPLICIT,FALSE,"[""1F75""]","no hanger field or detail; the TOP BARS field exists, its hanger role is not asserted"
B25,1F75,10,1,SIDE_REBAR,"[""REMARKS""]",[null],"{""count"": 2, ""dia_mm"": 12, ""normalised"": ""2Ø12/30cm"", ""raw"": ""2%%C12/30cm"", ""spacing_cm"": 30, ""text_handle"": ""1FD7""}",side steel printed in REMARKS; per-face / vertical-spacing semantics not stated,UNRESOLVED,FALSE,"[""1FD7""]","CANDIDATE: side bars, count per level at the printed vertical spacing - the count / face semantics need the typical detail"
B25,1F75,10,1,STIRRUP,"[""STI-B"", ""D""]","[""6"", ""8""]","{""count"": 6, ""dia_mm"": 8, ""grammar"": ""COUNT_DIA"", ""interpretation_state"": ""TOKENS_PARSED"", ""per_m"": false, ""raw"": [""6"", ""8""], ""semantics"": ""STIRRUPS_PER_METRE (schedule header)"", ""tags"": [""STI-B"", ""D""]}",stirrups per metre x diameter,SOURCE_EXPLICIT,TRUE,"[""1F75"", ""1E4E""]",SBT header 'STIRRUPS/m'
B25,1F75,10,1,OTHER,"[""REMARKS icon""]",[null],"[""STR2""]",REMARKS icon block (outer + inner closed rectangles): reads like a multi-link stirrup set; the drawing does not say,PROJECT_PATTERN_ONLY,FALSE,"[""2706""]",named block STR2 / str3 with no legend
B26,1F80,10,1,BOTTOM_MAIN,"[""BOT-B"", ""BOT-D""]","[""19"", ""18""]","{""count"": 19, ""dia_mm"": 18, ""grammar"": ""COUNT_DIA"", ""interpretation_state"": ""TOKENS_PARSED"", ""per_m"": false, ""raw"": [""19"", ""18""], ""tags"": [""BOT-B"", ""BOT-D""]}",bottom longitudinal bars (count x diameter),SOURCE_EXPLICIT,TRUE,"[""1F80"", ""1E4C""]",SBT header 'BOTTOM BARS'
B26,1F80,10,1,TOP_MAIN,"[""TOP-B"", ""TOP-D""]","[""6"", ""14""]","{""count"": 6, ""dia_mm"": 14, ""grammar"": ""COUNT_DIA"", ""interpretation_state"": ""TOKENS_PARSED"", ""per_m"": false, ""raw"": [""6"", ""14""], ""tags"": [""TOP-B"", ""TOP-D""]}",top longitudinal bars (count x diameter),SOURCE_EXPLICIT,TRUE,"[""1F80"", ""1E4F""]",SBT header 'TOP BARS'
B26,1F80,10,1,TOP_SUPPORT_EXTRA,[],,,NOT_SCHEDULED,SOURCE_EXPLICIT,FALSE,"[""1F80""]",the SBT has no support / extra top field; nothing is inferred
B26,1F80,10,1,BOTTOM_EXTRA,[],,,NOT_SCHEDULED,SOURCE_EXPLICIT,FALSE,"[""1F80""]",the SBT has no extra bottom field
B26,1F80,10,1,MID,[],,,NOT_SCHEDULED,SOURCE_EXPLICIT,FALSE,"[""1F80""]",MID bars exist only in the C-BEAM schedules
B26,1F80,10,1,HANGER,[],,,ABSENT_AS_SEPARATE_COMPONENT,SOURCE_EXPLICIT,FALSE,"[""1F80""]","no hanger field or detail; the TOP BARS field exists, its hanger role is not asserted"
B26,1F80,10,1,SIDE_REBAR,"[""REMARKS""]",[null],"{""count"": 2, ""dia_mm"": 16, ""normalised"": ""2Ø16/20cm"", ""raw"": ""2%%C16/20cm"", ""spacing_cm"": 20, ""text_handle"": ""2708""}",side steel printed in REMARKS; per-face / vertical-spacing semantics not stated,UNRESOLVED,FALSE,"[""2708""]","CANDIDATE: side bars, count per level at the printed vertical spacing - the count / face semantics need the typical detail"
B26,1F80,10,1,STIRRUP,"[""STI-B"", ""D""]","[""10"", ""10""]","{""count"": 10, ""dia_mm"": 10, ""grammar"": ""COUNT_DIA"", ""interpretation_state"": ""TOKENS_PARSED"", ""per_m"": false, ""raw"": [""10"", ""10""], ""semantics"": ""STIRRUPS_PER_METRE (schedule header)"", ""tags"": [""STI-B"", ""D""]}",stirrups per metre x diameter,SOURCE_EXPLICIT,TRUE,"[""1F80"", ""1E4E""]",SBT header 'STIRRUPS/m'
B26,1F80,10,1,OTHER,"[""REMARKS icon""]",[null],"[""STR2""]",REMARKS icon block (outer + inner closed rectangles): reads like a multi-link stirrup set; the drawing does not say,PROJECT_PATTERN_ONLY,FALSE,"[""2707""]",named block STR2 / str3 with no legend
B27,1F8B,10,1,BOTTOM_MAIN,"[""BOT-B"", ""BOT-D""]","[""22"", ""20""]","{""count"": 22, ""dia_mm"": 20, ""grammar"": ""COUNT_DIA"", ""interpretation_state"": ""TOKENS_PARSED"", ""per_m"": false, ""raw"": [""22"", ""20""], ""tags"": [""BOT-B"", ""BOT-D""]}",bottom longitudinal bars (count x diameter),SOURCE_EXPLICIT,TRUE,"[""1F8B"", ""1E4C""]",SBT header 'BOTTOM BARS'
B27,1F8B,10,1,TOP_MAIN,"[""TOP-B"", ""TOP-D""]","[""9"", ""16""]","{""count"": 9, ""dia_mm"": 16, ""grammar"": ""COUNT_DIA"", ""interpretation_state"": ""TOKENS_PARSED"", ""per_m"": false, ""raw"": [""9"", ""16""], ""tags"": [""TOP-B"", ""TOP-D""]}",top longitudinal bars (count x diameter),SOURCE_EXPLICIT,TRUE,"[""1F8B"", ""1E4F""]",SBT header 'TOP BARS'
B27,1F8B,10,1,TOP_SUPPORT_EXTRA,[],,,NOT_SCHEDULED,SOURCE_EXPLICIT,FALSE,"[""1F8B""]",the SBT has no support / extra top field; nothing is inferred
B27,1F8B,10,1,BOTTOM_EXTRA,[],,,NOT_SCHEDULED,SOURCE_EXPLICIT,FALSE,"[""1F8B""]",the SBT has no extra bottom field
B27,1F8B,10,1,MID,[],,,NOT_SCHEDULED,SOURCE_EXPLICIT,FALSE,"[""1F8B""]",MID bars exist only in the C-BEAM schedules
B27,1F8B,10,1,HANGER,[],,,ABSENT_AS_SEPARATE_COMPONENT,SOURCE_EXPLICIT,FALSE,"[""1F8B""]","no hanger field or detail; the TOP BARS field exists, its hanger role is not asserted"
B27,1F8B,10,1,SIDE_REBAR,"[""REMARKS""]",[null],"{""count"": 2, ""dia_mm"": 16, ""normalised"": ""2Ø16/20cm"", ""raw"": ""2%%C16/20cm"", ""spacing_cm"": 20, ""text_handle"": ""1FD8""}",side steel printed in REMARKS; per-face / vertical-spacing semantics not stated,UNRESOLVED,FALSE,"[""1FD8""]","CANDIDATE: side bars, count per level at the printed vertical spacing - the count / face semantics need the typical detail"
B27,1F8B,10,1,STIRRUP,"[""STI-B"", ""D""]","[""10"", ""10""]","{""count"": 10, ""dia_mm"": 10, ""grammar"": ""COUNT_DIA"", ""interpretation_state"": ""TOKENS_PARSED"", ""per_m"": false, ""raw"": [""10"", ""10""], ""semantics"": ""STIRRUPS_PER_METRE (schedule header)"", ""tags"": [""STI-B"", ""D""]}",stirrups per metre x diameter,SOURCE_EXPLICIT,TRUE,"[""1F8B"", ""1E4E""]",SBT header 'STIRRUPS/m'
B27,1F8B,10,1,OTHER,[],,,NONE,SOURCE_EXPLICIT,FALSE,"[""1F8B""]",no other field in this row
B28,1F96,10,1,BOTTOM_MAIN,"[""BOT-B"", ""BOT-D""]","[""3"", ""16""]","{""count"": 3, ""dia_mm"": 16, ""grammar"": ""COUNT_DIA"", ""interpretation_state"": ""TOKENS_PARSED"", ""per_m"": false, ""raw"": [""3"", ""16""], ""tags"": [""BOT-B"", ""BOT-D""]}",bottom longitudinal bars (count x diameter),SOURCE_EXPLICIT,TRUE,"[""1F96"", ""1E4C""]",SBT header 'BOTTOM BARS'
B28,1F96,10,1,TOP_MAIN,"[""TOP-B"", ""TOP-D""]","[""2"", ""14""]","{""count"": 2, ""dia_mm"": 14, ""grammar"": ""COUNT_DIA"", ""interpretation_state"": ""TOKENS_PARSED"", ""per_m"": false, ""raw"": [""2"", ""14""], ""tags"": [""TOP-B"", ""TOP-D""]}",top longitudinal bars (count x diameter),SOURCE_EXPLICIT,TRUE,"[""1F96"", ""1E4F""]",SBT header 'TOP BARS'
B28,1F96,10,1,TOP_SUPPORT_EXTRA,[],,,NOT_SCHEDULED,SOURCE_EXPLICIT,FALSE,"[""1F96""]",the SBT has no support / extra top field; nothing is inferred
B28,1F96,10,1,BOTTOM_EXTRA,[],,,NOT_SCHEDULED,SOURCE_EXPLICIT,FALSE,"[""1F96""]",the SBT has no extra bottom field
B28,1F96,10,1,MID,[],,,NOT_SCHEDULED,SOURCE_EXPLICIT,FALSE,"[""1F96""]",MID bars exist only in the C-BEAM schedules
B28,1F96,10,1,HANGER,[],,,ABSENT_AS_SEPARATE_COMPONENT,SOURCE_EXPLICIT,FALSE,"[""1F96""]","no hanger field or detail; the TOP BARS field exists, its hanger role is not asserted"
B28,1F96,10,1,SIDE_REBAR,"[""REMARKS""]",[null],"{""count"": 2, ""dia_mm"": 12, ""normalised"": ""2Ø12/30cm"", ""raw"": ""2%%C12/30cm"", ""spacing_cm"": 30, ""text_handle"": ""1FD9""}",side steel printed in REMARKS; per-face / vertical-spacing semantics not stated,UNRESOLVED,FALSE,"[""1FD9""]","CANDIDATE: side bars, count per level at the printed vertical spacing - the count / face semantics need the typical detail"
B28,1F96,10,1,STIRRUP,"[""STI-B"", ""D""]","[""10"", ""10""]","{""count"": 10, ""dia_mm"": 10, ""grammar"": ""COUNT_DIA"", ""interpretation_state"": ""TOKENS_PARSED"", ""per_m"": false, ""raw"": [""10"", ""10""], ""semantics"": ""STIRRUPS_PER_METRE (schedule header)"", ""tags"": [""STI-B"", ""D""]}",stirrups per metre x diameter,SOURCE_EXPLICIT,TRUE,"[""1F96"", ""1E4E""]",SBT header 'STIRRUPS/m'
B28,1F96,10,1,OTHER,[],,,NONE,SOURCE_EXPLICIT,FALSE,"[""1F96""]",no other field in this row
B29,2A47,10,1,BOTTOM_MAIN,"[""BOT-B"", ""BOT-D""]","[""7"", ""18""]","{""count"": 7, ""dia_mm"": 18, ""grammar"": ""COUNT_DIA"", ""interpretation_state"": ""TOKENS_PARSED"", ""per_m"": false, ""raw"": [""7"", ""18""], ""tags"": [""BOT-B"", ""BOT-D""]}",bottom longitudinal bars (count x diameter),SOURCE_EXPLICIT,TRUE,"[""2A47"", ""1E4C""]",SBT header 'BOTTOM BARS'
B29,2A47,10,1,TOP_MAIN,"[""TOP-B"", ""TOP-D""]","[""2"", ""14""]","{""count"": 2, ""dia_mm"": 14, ""grammar"": ""COUNT_DIA"", ""interpretation_state"": ""TOKENS_PARSED"", ""per_m"": false, ""raw"": [""2"", ""14""], ""tags"": [""TOP-B"", ""TOP-D""]}",top longitudinal bars (count x diameter),SOURCE_EXPLICIT,TRUE,"[""2A47"", ""1E4F""]",SBT header 'TOP BARS'
B29,2A47,10,1,TOP_SUPPORT_EXTRA,[],,,NOT_SCHEDULED,SOURCE_EXPLICIT,FALSE,"[""2A47""]",the SBT has no support / extra top field; nothing is inferred
B29,2A47,10,1,BOTTOM_EXTRA,[],,,NOT_SCHEDULED,SOURCE_EXPLICIT,FALSE,"[""2A47""]",the SBT has no extra bottom field
B29,2A47,10,1,MID,[],,,NOT_SCHEDULED,SOURCE_EXPLICIT,FALSE,"[""2A47""]",MID bars exist only in the C-BEAM schedules
B29,2A47,10,1,HANGER,[],,,ABSENT_AS_SEPARATE_COMPONENT,SOURCE_EXPLICIT,FALSE,"[""2A47""]","no hanger field or detail; the TOP BARS field exists, its hanger role is not asserted"
B29,2A47,10,1,SIDE_REBAR,"[""REMARKS""]",[null],"{""count"": 2, ""dia_mm"": 12, ""normalised"": ""2Ø12/30cm"", ""raw"": ""2%%C12/30cm"", ""spacing_cm"": 30, ""text_handle"": ""2A52""}",side steel printed in REMARKS; per-face / vertical-spacing semantics not stated,UNRESOLVED,FALSE,"[""2A52""]","CANDIDATE: side bars, count per level at the printed vertical spacing - the count / face semantics need the typical detail"
B29,2A47,10,1,STIRRUP,"[""STI-B"", ""D""]","[""5"", ""8""]","{""count"": 5, ""dia_mm"": 8, ""grammar"": ""COUNT_DIA"", ""interpretation_state"": ""TOKENS_PARSED"", ""per_m"": false, ""raw"": [""5"", ""8""], ""semantics"": ""STIRRUPS_PER_METRE (schedule header)"", ""tags"": [""STI-B"", ""D""]}",stirrups per metre x diameter,SOURCE_EXPLICIT,TRUE,"[""2A47"", ""1E4E""]",SBT header 'STIRRUPS/m'
B29,2A47,10,1,OTHER,[],,,NONE,SOURCE_EXPLICIT,FALSE,"[""2A47""]",no other field in this row
B.W,1FA5,10,0,BOTTOM_MAIN,"[""BOT-B"", ""BOT-D""]","[""4"", ""16""]","{""count"": 4, ""dia_mm"": 16, ""grammar"": ""COUNT_DIA"", ""interpretation_state"": ""TOKENS_PARSED"", ""per_m"": false, ""raw"": [""4"", ""16""], ""tags"": [""BOT-B"", ""BOT-D""]}",bottom longitudinal bars (count x diameter),SOURCE_EXPLICIT,TRUE,"[""1FA5"", ""1E4C""]",SBT header 'BOTTOM BARS'
B.W,1FA5,10,0,TOP_MAIN,"[""TOP-B"", ""TOP-D""]","[""2"", ""14""]","{""count"": 2, ""dia_mm"": 14, ""grammar"": ""COUNT_DIA"", ""interpretation_state"": ""TOKENS_PARSED"", ""per_m"": false, ""raw"": [""2"", ""14""], ""tags"": [""TOP-B"", ""TOP-D""]}",top longitudinal bars (count x diameter),SOURCE_EXPLICIT,TRUE,"[""1FA5"", ""1E4F""]",SBT header 'TOP BARS'
B.W,1FA5,10,0,TOP_SUPPORT_EXTRA,[],,,NOT_SCHEDULED,SOURCE_EXPLICIT,FALSE,"[""1FA5""]",the SBT has no support / extra top field; nothing is inferred
B.W,1FA5,10,0,BOTTOM_EXTRA,[],,,NOT_SCHEDULED,SOURCE_EXPLICIT,FALSE,"[""1FA5""]",the SBT has no extra bottom field
B.W,1FA5,10,0,MID,[],,,NOT_SCHEDULED,SOURCE_EXPLICIT,FALSE,"[""1FA5""]",MID bars exist only in the C-BEAM schedules
B.W,1FA5,10,0,HANGER,[],,,ABSENT_AS_SEPARATE_COMPONENT,SOURCE_EXPLICIT,FALSE,"[""1FA5""]","no hanger field or detail; the TOP BARS field exists, its hanger role is not asserted"
B.W,1FA5,10,0,SIDE_REBAR,"[""REMARKS""]",[null],,NONE_PRINTED,SOURCE_EXPLICIT,FALSE,"[""1FA5""]",REMARKS empty; depth 60.0 cm
B.W,1FA5,10,0,STIRRUP,"[""STI-B"", ""D""]","[""7"", ""8""]","{""count"": 7, ""dia_mm"": 8, ""grammar"": ""COUNT_DIA"", ""interpretation_state"": ""TOKENS_PARSED"", ""per_m"": false, ""raw"": [""7"", ""8""], ""semantics"": ""STIRRUPS_PER_METRE (schedule header)"", ""tags"": [""STI-B"", ""D""]}",stirrups per metre x diameter,SOURCE_EXPLICIT,TRUE,"[""1FA5"", ""1E4E""]",SBT header 'STIRRUPS/m'
B.W,1FA5,10,0,OTHER,[],,,NONE,SOURCE_EXPLICIT,FALSE,"[""1FA5""]",no other field in this row
CA,2A53,10,1,BOTTOM_MAIN,"[""BOT-B"", ""BOT-D""]","[""5"", ""18""]","{""count"": 5, ""dia_mm"": 18, ""grammar"": ""COUNT_DIA"", ""interpretation_state"": ""TOKENS_PARSED"", ""per_m"": false, ""raw"": [""5"", ""18""], ""tags"": [""BOT-B"", ""BOT-D""]}",bottom longitudinal bars (count x diameter),SOURCE_EXPLICIT,TRUE,"[""2A53"", ""1E4C""]",SBT header 'BOTTOM BARS'
CA,2A53,10,1,TOP_MAIN,"[""TOP-B"", ""TOP-D""]","[""5"", ""18""]","{""count"": 5, ""dia_mm"": 18, ""grammar"": ""COUNT_DIA"", ""interpretation_state"": ""TOKENS_PARSED"", ""per_m"": false, ""raw"": [""5"", ""18""], ""tags"": [""TOP-B"", ""TOP-D""]}",top longitudinal bars (count x diameter),SOURCE_EXPLICIT,TRUE,"[""2A53"", ""1E4F""]",SBT header 'TOP BARS'
CA,2A53,10,1,TOP_SUPPORT_EXTRA,[],,,NOT_SCHEDULED,SOURCE_EXPLICIT,FALSE,"[""2A53""]",the SBT has no support / extra top field; nothing is inferred
CA,2A53,10,1,BOTTOM_EXTRA,[],,,NOT_SCHEDULED,SOURCE_EXPLICIT,FALSE,"[""2A53""]",the SBT has no extra bottom field
CA,2A53,10,1,MID,[],,,NOT_SCHEDULED,SOURCE_EXPLICIT,FALSE,"[""2A53""]",MID bars exist only in the C-BEAM schedules
CA,2A53,10,1,HANGER,[],,,ABSENT_AS_SEPARATE_COMPONENT,SOURCE_EXPLICIT,FALSE,"[""2A53""]","no hanger field or detail; the TOP BARS field exists, its hanger role is not asserted"
CA,2A53,10,1,SIDE_REBAR,"[""REMARKS""]",[null],,NONE_PRINTED,SOURCE_EXPLICIT,FALSE,"[""2A53""]",REMARKS empty; depth 50.0 cm
CA,2A53,10,1,STIRRUP,"[""STI-B"", ""D""]","[""8"", ""8""]","{""count"": 8, ""dia_mm"": 8, ""grammar"": ""COUNT_DIA"", ""interpretation_state"": ""TOKENS_PARSED"", ""per_m"": false, ""raw"": [""8"", ""8""], ""semantics"": ""STIRRUPS_PER_METRE (schedule header)"", ""tags"": [""STI-B"", ""D""]}",stirrups per metre x diameter,SOURCE_EXPLICIT,TRUE,"[""2A53"", ""1E4E""]",SBT header 'STIRRUPS/m'
CA,2A53,10,1,OTHER,[],,,NONE,SOURCE_EXPLICIT,FALSE,"[""2A53""]",no other field in this row
