TYPE,ELEMENT,SCHEDULE_ROW,PLAN_OCCURRENCES,DEPTH_CM,WIDTH_CM,COLUMN,TOKEN_RAW,TOKEN_HANDLES,COUNT,DIA_MM,SPACING_CM,NOTE_THRESHOLD_CM,NOTE_ID,NOTE_AUTHORITY,APPLICABILITY,FACES,VERTICAL_ARRANGEMENT,BAR_LENGTH,END_TREATMENT,COUNT_SEMANTICS,STATE,WHY
B1,SIMPLE_BEAM,1E5C,19,40,20,,,,,,,60,P8-N21-SIDE-BARS,AI_VISUAL_TRANSCRIPTION,NONE_PRINTED_AND_NOTE_NOT_TRIGGERED,,,,,,NOT_APPLICABLE,no side bars printed; depth 40.0 cm
B2,SIMPLE_BEAM,1E78,10,40,20,,,,,,,60,P8-N21-SIDE-BARS,AI_VISUAL_TRANSCRIPTION,NONE_PRINTED_AND_NOTE_NOT_TRIGGERED,,,,,,NOT_APPLICABLE,no side bars printed; depth 40.0 cm
B3,SIMPLE_BEAM,1E83,8,40,20,,,,,,,60,P8-N21-SIDE-BARS,AI_VISUAL_TRANSCRIPTION,NONE_PRINTED_AND_NOTE_NOT_TRIGGERED,,,,,,NOT_APPLICABLE,no side bars printed; depth 40.0 cm
B4,SIMPLE_BEAM,1E8E,11,50,20,,,,,,,60,P8-N21-SIDE-BARS,AI_VISUAL_TRANSCRIPTION,NONE_PRINTED_AND_NOTE_NOT_TRIGGERED,,,,,,NOT_APPLICABLE,no side bars printed; depth 50.0 cm
B5,SIMPLE_BEAM,1E99,3,50,20,,,,,,,60,P8-N21-SIDE-BARS,AI_VISUAL_TRANSCRIPTION,NONE_PRINTED_AND_NOTE_NOT_TRIGGERED,,,,,,NOT_APPLICABLE,no side bars printed; depth 50.0 cm
B6,SIMPLE_BEAM,1EA4,5,50,25,,,,,,,60,P8-N21-SIDE-BARS,AI_VISUAL_TRANSCRIPTION,NONE_PRINTED_AND_NOTE_NOT_TRIGGERED,,,,,,NOT_APPLICABLE,no side bars printed; depth 50.0 cm
B7,SIMPLE_BEAM,1EAF,10,75,20,REMARKS,2%%C12/30cm,1FC6,2,12,30,60,P8-N21-SIDE-BARS,AI_VISUAL_TRANSCRIPTION,PRINTED,NOT_STATED,NOT_STATED (spacing direction not stated),NOT_STATED,NOT_STATED,"AMBIGUOUS: '2%%C12/30cm' may be count per face per level at 30 cm vertical spacing, or count per 30 cm of depth; the faces are not stated",BLOCKED_COMPONENT,side-bar count per beam is not source-quantified
B8,SIMPLE_BEAM,1EBA,2,75,20,REMARKS,2%%C12/30cm,1FC7,2,12,30,60,P8-N21-SIDE-BARS,AI_VISUAL_TRANSCRIPTION,PRINTED,NOT_STATED,NOT_STATED (spacing direction not stated),NOT_STATED,NOT_STATED,"AMBIGUOUS: '2%%C12/30cm' may be count per face per level at 30 cm vertical spacing, or count per 30 cm of depth; the faces are not stated",BLOCKED_COMPONENT,side-bar count per beam is not source-quantified
B9,SIMPLE_BEAM,1EC5,1,75,20,REMARKS,2%%C12/30cm,1FC8,2,12,30,60,P8-N21-SIDE-BARS,AI_VISUAL_TRANSCRIPTION,PRINTED,NOT_STATED,NOT_STATED (spacing direction not stated),NOT_STATED,NOT_STATED,"AMBIGUOUS: '2%%C12/30cm' may be count per face per level at 30 cm vertical spacing, or count per 30 cm of depth; the faces are not stated",BLOCKED_COMPONENT,side-bar count per beam is not source-quantified
B10,SIMPLE_BEAM,1ED0,0,75,20,REMARKS,2%%C12/30cm,1FC9,2,12,30,60,P8-N21-SIDE-BARS,AI_VISUAL_TRANSCRIPTION,PRINTED,NOT_STATED,NOT_STATED (spacing direction not stated),NOT_STATED,NOT_STATED,"AMBIGUOUS: '2%%C12/30cm' may be count per face per level at 30 cm vertical spacing, or count per 30 cm of depth; the faces are not stated",BLOCKED_COMPONENT,side-bar count per beam is not source-quantified
B11,SIMPLE_BEAM,1EDB,2,75,20,REMARKS,2%%C12/30cm,1FCA,2,12,30,60,P8-N21-SIDE-BARS,AI_VISUAL_TRANSCRIPTION,PRINTED,NOT_STATED,NOT_STATED (spacing direction not stated),NOT_STATED,NOT_STATED,"AMBIGUOUS: '2%%C12/30cm' may be count per face per level at 30 cm vertical spacing, or count per 30 cm of depth; the faces are not stated",BLOCKED_COMPONENT,side-bar count per beam is not source-quantified
B12,SIMPLE_BEAM,1EE6,0,75,25,REMARKS,2%%C12/30cm,1FCB,2,12,30,60,P8-N21-SIDE-BARS,AI_VISUAL_TRANSCRIPTION,PRINTED,NOT_STATED,NOT_STATED (spacing direction not stated),NOT_STATED,NOT_STATED,"AMBIGUOUS: '2%%C12/30cm' may be count per face per level at 30 cm vertical spacing, or count per 30 cm of depth; the faces are not stated",BLOCKED_COMPONENT,side-bar count per beam is not source-quantified
B13,SIMPLE_BEAM,1EF1,1,75,25,REMARKS,2%%C12/30cm,1FCC,2,12,30,60,P8-N21-SIDE-BARS,AI_VISUAL_TRANSCRIPTION,PRINTED,NOT_STATED,NOT_STATED (spacing direction not stated),NOT_STATED,NOT_STATED,"AMBIGUOUS: '2%%C12/30cm' may be count per face per level at 30 cm vertical spacing, or count per 30 cm of depth; the faces are not stated",BLOCKED_COMPONENT,side-bar count per beam is not source-quantified
B14,SIMPLE_BEAM,1EFC,1,75,20,REMARKS,2%%C12/30cm,1FCD,2,12,30,60,P8-N21-SIDE-BARS,AI_VISUAL_TRANSCRIPTION,PRINTED,NOT_STATED,NOT_STATED (spacing direction not stated),NOT_STATED,NOT_STATED,"AMBIGUOUS: '2%%C12/30cm' may be count per face per level at 30 cm vertical spacing, or count per 30 cm of depth; the faces are not stated",BLOCKED_COMPONENT,side-bar count per beam is not source-quantified
B15,SIMPLE_BEAM,1F07,1,120,20,REMARKS,2%%C12/30cm,1FCE,2,12,30,60,P8-N21-SIDE-BARS,AI_VISUAL_TRANSCRIPTION,PRINTED,NOT_STATED,NOT_STATED (spacing direction not stated),NOT_STATED,NOT_STATED,"AMBIGUOUS: '2%%C12/30cm' may be count per face per level at 30 cm vertical spacing, or count per 30 cm of depth; the faces are not stated",BLOCKED_COMPONENT,side-bar count per beam is not source-quantified
B16,SIMPLE_BEAM,1F12,1,75,30,REMARKS,2%%C16/20cm,1FCF,2,16,20,60,P8-N21-SIDE-BARS,AI_VISUAL_TRANSCRIPTION,PRINTED,NOT_STATED,NOT_STATED (spacing direction not stated),NOT_STATED,NOT_STATED,"AMBIGUOUS: '2%%C16/20cm' may be count per face per level at 20 cm vertical spacing, or count per 20 cm of depth; the faces are not stated",BLOCKED_COMPONENT,side-bar count per beam is not source-quantified
B17,SIMPLE_BEAM,1F1D,1,75,45,REMARKS,2%%C12/30cm,1FD0,2,12,30,60,P8-N21-SIDE-BARS,AI_VISUAL_TRANSCRIPTION,PRINTED,NOT_STATED,NOT_STATED (spacing direction not stated),NOT_STATED,NOT_STATED,"AMBIGUOUS: '2%%C12/30cm' may be count per face per level at 30 cm vertical spacing, or count per 30 cm of depth; the faces are not stated",BLOCKED_COMPONENT,side-bar count per beam is not source-quantified
B18,SIMPLE_BEAM,1F28,1,75,35,REMARKS,2%%C12/30cm,1FD1,2,12,30,60,P8-N21-SIDE-BARS,AI_VISUAL_TRANSCRIPTION,PRINTED,NOT_STATED,NOT_STATED (spacing direction not stated),NOT_STATED,NOT_STATED,"AMBIGUOUS: '2%%C12/30cm' may be count per face per level at 30 cm vertical spacing, or count per 30 cm of depth; the faces are not stated",BLOCKED_COMPONENT,side-bar count per beam is not source-quantified
B19,SIMPLE_BEAM,1F33,1,75,40,REMARKS,2%%C14/20cm,2700,2,14,20,60,P8-N21-SIDE-BARS,AI_VISUAL_TRANSCRIPTION,PRINTED,NOT_STATED,NOT_STATED (spacing direction not stated),NOT_STATED,NOT_STATED,"AMBIGUOUS: '2%%C14/20cm' may be count per face per level at 20 cm vertical spacing, or count per 20 cm of depth; the faces are not stated",BLOCKED_COMPONENT,side-bar count per beam is not source-quantified
B20,SIMPLE_BEAM,1F3E,1,75,40,REMARKS,2%%C12/30cm,1FD2,2,12,30,60,P8-N21-SIDE-BARS,AI_VISUAL_TRANSCRIPTION,PRINTED,NOT_STATED,NOT_STATED (spacing direction not stated),NOT_STATED,NOT_STATED,"AMBIGUOUS: '2%%C12/30cm' may be count per face per level at 30 cm vertical spacing, or count per 30 cm of depth; the faces are not stated",BLOCKED_COMPONENT,side-bar count per beam is not source-quantified
B21,SIMPLE_BEAM,1F49,1,75,45,REMARKS,2%%C12/30cm,1FD3,2,12,30,60,P8-N21-SIDE-BARS,AI_VISUAL_TRANSCRIPTION,PRINTED,NOT_STATED,NOT_STATED (spacing direction not stated),NOT_STATED,NOT_STATED,"AMBIGUOUS: '2%%C12/30cm' may be count per face per level at 30 cm vertical spacing, or count per 30 cm of depth; the faces are not stated",BLOCKED_COMPONENT,side-bar count per beam is not source-quantified
B22,SIMPLE_BEAM,1F54,1,75,50,REMARKS,2%%C12/30cm,1FD4,2,12,30,60,P8-N21-SIDE-BARS,AI_VISUAL_TRANSCRIPTION,PRINTED,NOT_STATED,NOT_STATED (spacing direction not stated),NOT_STATED,NOT_STATED,"AMBIGUOUS: '2%%C12/30cm' may be count per face per level at 30 cm vertical spacing, or count per 30 cm of depth; the faces are not stated",BLOCKED_COMPONENT,side-bar count per beam is not source-quantified
B23,SIMPLE_BEAM,1F5F,1,75,45,REMARKS,2%%C12/30cm,1FD5,2,12,30,60,P8-N21-SIDE-BARS,AI_VISUAL_TRANSCRIPTION,PRINTED,NOT_STATED,NOT_STATED (spacing direction not stated),NOT_STATED,NOT_STATED,"AMBIGUOUS: '2%%C12/30cm' may be count per face per level at 30 cm vertical spacing, or count per 30 cm of depth; the faces are not stated",BLOCKED_COMPONENT,side-bar count per beam is not source-quantified
B24,SIMPLE_BEAM,1F6A,1,75,50,REMARKS,2%%C12/30cm,1FD6,2,12,30,60,P8-N21-SIDE-BARS,AI_VISUAL_TRANSCRIPTION,PRINTED,NOT_STATED,NOT_STATED (spacing direction not stated),NOT_STATED,NOT_STATED,"AMBIGUOUS: '2%%C12/30cm' may be count per face per level at 30 cm vertical spacing, or count per 30 cm of depth; the faces are not stated",BLOCKED_COMPONENT,side-bar count per beam is not source-quantified
B25,SIMPLE_BEAM,1F75,1,75,55,REMARKS,2%%C12/30cm,1FD7,2,12,30,60,P8-N21-SIDE-BARS,AI_VISUAL_TRANSCRIPTION,PRINTED,NOT_STATED,NOT_STATED (spacing direction not stated),NOT_STATED,NOT_STATED,"AMBIGUOUS: '2%%C12/30cm' may be count per face per level at 30 cm vertical spacing, or count per 30 cm of depth; the faces are not stated",BLOCKED_COMPONENT,side-bar count per beam is not source-quantified
B26,SIMPLE_BEAM,1F80,1,85,65,REMARKS,2%%C16/20cm,2708,2,16,20,60,P8-N21-SIDE-BARS,AI_VISUAL_TRANSCRIPTION,PRINTED,NOT_STATED,NOT_STATED (spacing direction not stated),NOT_STATED,NOT_STATED,"AMBIGUOUS: '2%%C16/20cm' may be count per face per level at 20 cm vertical spacing, or count per 20 cm of depth; the faces are not stated",BLOCKED_COMPONENT,side-bar count per beam is not source-quantified
B27,SIMPLE_BEAM,1F8B,1,85,90,REMARKS,2%%C16/20cm,1FD8,2,16,20,60,P8-N21-SIDE-BARS,AI_VISUAL_TRANSCRIPTION,PRINTED,NOT_STATED,NOT_STATED (spacing direction not stated),NOT_STATED,NOT_STATED,"AMBIGUOUS: '2%%C16/20cm' may be count per face per level at 20 cm vertical spacing, or count per 20 cm of depth; the faces are not stated",BLOCKED_COMPONENT,side-bar count per beam is not source-quantified
B28,SIMPLE_BEAM,1F96,1,75,25,REMARKS,2%%C12/30cm,1FD9,2,12,30,60,P8-N21-SIDE-BARS,AI_VISUAL_TRANSCRIPTION,PRINTED,NOT_STATED,NOT_STATED (spacing direction not stated),NOT_STATED,NOT_STATED,"AMBIGUOUS: '2%%C12/30cm' may be count per face per level at 30 cm vertical spacing, or count per 30 cm of depth; the faces are not stated",BLOCKED_COMPONENT,side-bar count per beam is not source-quantified
B29,SIMPLE_BEAM,2A47,1,75,25,REMARKS,2%%C12/30cm,2A52,2,12,30,60,P8-N21-SIDE-BARS,AI_VISUAL_TRANSCRIPTION,PRINTED,NOT_STATED,NOT_STATED (spacing direction not stated),NOT_STATED,NOT_STATED,"AMBIGUOUS: '2%%C12/30cm' may be count per face per level at 30 cm vertical spacing, or count per 30 cm of depth; the faces are not stated",BLOCKED_COMPONENT,side-bar count per beam is not source-quantified
B.W,SIMPLE_BEAM,1FA5,0,60,20,,,,,,,60,P8-N21-SIDE-BARS,AI_VISUAL_TRANSCRIPTION,NONE_PRINTED_AND_NOTE_NOT_TRIGGERED,,,,,,NOT_APPLICABLE,no side bars printed; depth 60.0 cm
CA,SIMPLE_BEAM,2A53,1,50,30,,,,,,,60,P8-N21-SIDE-BARS,AI_VISUAL_TRANSCRIPTION,NONE_PRINTED_AND_NOTE_NOT_TRIGGERED,,,,,,NOT_APPLICABLE,no side bars printed; depth 50.0 cm
CB1,CONTINUOUS_BEAM,2851,1,75,35,MIDDLE REINT.,2%%C12 | 30cm,"[""2823"", ""2822""]",2,12,30,60,P8-N21-SIDE-BARS,AI_VISUAL_TRANSCRIPTION,PRINTED,NOT_STATED,NOT_STATED (spacing direction not stated),NOT_STATED,NOT_STATED,"AMBIGUOUS: '2%%C12 | 30cm' may be count per face per level at 30 cm vertical spacing, or count per 30 cm of depth; the faces are not stated",BLOCKED_COMPONENT,side-bar count per beam is not source-quantified
CB2,CONTINUOUS_BEAM,28C7,1,50,20,,,,,,,60,P8-N21-SIDE-BARS,AI_VISUAL_TRANSCRIPTION,NONE_PRINTED_AND_NOTE_NOT_TRIGGERED,,,,,,NOT_APPLICABLE,no side bars printed; depth 50.0 cm
CB3,CONTINUOUS_BEAM,2344,1,75,20,MIDDLE REINT.,2%%C12 | 30cm,"[""2246"", ""2245""]",2,12,30,60,P8-N21-SIDE-BARS,AI_VISUAL_TRANSCRIPTION,PRINTED,NOT_STATED,NOT_STATED (spacing direction not stated),NOT_STATED,NOT_STATED,"AMBIGUOUS: '2%%C12 | 30cm' may be count per face per level at 30 cm vertical spacing, or count per 30 cm of depth; the faces are not stated",BLOCKED_COMPONENT,side-bar count per beam is not source-quantified
CB4,CONTINUOUS_BEAM,2933,1,50,20,,,,,,,60,P8-N21-SIDE-BARS,AI_VISUAL_TRANSCRIPTION,NONE_PRINTED_AND_NOTE_NOT_TRIGGERED,,,,,,NOT_APPLICABLE,no side bars printed; depth 50.0 cm
CB5,CONTINUOUS_BEAM,299F,1,40,20,,,,,,,60,P8-N21-SIDE-BARS,AI_VISUAL_TRANSCRIPTION,NONE_PRINTED_AND_NOTE_NOT_TRIGGERED,,,,,,NOT_APPLICABLE,no side bars printed; depth 40.0 cm
CB6,CONTINUOUS_BEAM,2A04,1,75,20,MIDDLE REINT.,2%%C12 | 30cm,"[""29E0"", ""29DF""]",2,12,30,60,P8-N21-SIDE-BARS,AI_VISUAL_TRANSCRIPTION,PRINTED,NOT_STATED,NOT_STATED (spacing direction not stated),NOT_STATED,NOT_STATED,"AMBIGUOUS: '2%%C12 | 30cm' may be count per face per level at 30 cm vertical spacing, or count per 30 cm of depth; the faces are not stated",BLOCKED_COMPONENT,side-bar count per beam is not source-quantified
CB7,CONTINUOUS_BEAM,22EC,1,75,20,MIDDLE REINT.,2%%C12 | 30cm,"[""2243"", ""2242""]",2,12,30,60,P8-N21-SIDE-BARS,AI_VISUAL_TRANSCRIPTION,PRINTED,NOT_STATED,NOT_STATED (spacing direction not stated),NOT_STATED,NOT_STATED,"AMBIGUOUS: '2%%C12 | 30cm' may be count per face per level at 30 cm vertical spacing, or count per 30 cm of depth; the faces are not stated",BLOCKED_COMPONENT,side-bar count per beam is not source-quantified
CB8,CONTINUOUS_BEAM,2574,1,75,30,MIDDLE REINT.,2%%C12 | 30cm,"[""2520"", ""251F""]",2,12,30,60,P8-N21-SIDE-BARS,AI_VISUAL_TRANSCRIPTION,PRINTED,NOT_STATED,NOT_STATED (spacing direction not stated),NOT_STATED,NOT_STATED,"AMBIGUOUS: '2%%C12 | 30cm' may be count per face per level at 30 cm vertical spacing, or count per 30 cm of depth; the faces are not stated",BLOCKED_COMPONENT,side-bar count per beam is not source-quantified
CB9,CONTINUOUS_BEAM,2619,1,50,20,,,,,,,60,P8-N21-SIDE-BARS,AI_VISUAL_TRANSCRIPTION,NONE_PRINTED_AND_NOTE_NOT_TRIGGERED,,,,,,NOT_APPLICABLE,no side bars printed; depth 50.0 cm
CB10,CONTINUOUS_BEAM,23F0,1,50,25,,,,,,,60,P8-N21-SIDE-BARS,AI_VISUAL_TRANSCRIPTION,NONE_PRINTED_AND_NOTE_NOT_TRIGGERED,,,,,,NOT_APPLICABLE,no side bars printed; depth 50.0 cm
CB11,CONTINUOUS_BEAM,26C1,1,75,30,MIDDLE REINT.,2%%C12 | 30cm,"[""266C"", ""266B""]",2,12,30,60,P8-N21-SIDE-BARS,AI_VISUAL_TRANSCRIPTION,PRINTED,NOT_STATED,NOT_STATED (spacing direction not stated),NOT_STATED,NOT_STATED,"AMBIGUOUS: '2%%C12 | 30cm' may be count per face per level at 30 cm vertical spacing, or count per 30 cm of depth; the faces are not stated",BLOCKED_COMPONENT,side-bar count per beam is not source-quantified
CB12,CONTINUOUS_BEAM,2469,1,75,25,MIDDLE REINT.,2%%C12 | 30cm,"[""243B"", ""243A""]",2,12,30,60,P8-N21-SIDE-BARS,AI_VISUAL_TRANSCRIPTION,PRINTED,NOT_STATED,NOT_STATED (spacing direction not stated),NOT_STATED,NOT_STATED,"AMBIGUOUS: '2%%C12 | 30cm' may be count per face per level at 30 cm vertical spacing, or count per 30 cm of depth; the faces are not stated",BLOCKED_COMPONENT,side-bar count per beam is not source-quantified
CB13,CONTINUOUS_BEAM,24DF,1,50,30,,,,,,,60,P8-N21-SIDE-BARS,AI_VISUAL_TRANSCRIPTION,NONE_PRINTED_AND_NOTE_NOT_TRIGGERED,,,,,,NOT_APPLICABLE,no side bars printed; depth 50.0 cm
