flag_id,occurrence_id,subfamily,mark,flag,effect_on_release
FLAG-001,BM-1F_ROOF-B11-BL025-6D8,SIMPLE_BEAM,B11,"SIDE_BAR_SEMANTICS: '2Ø12/30cm' kept, quantity blocked (Q6)",BLOCKS_SIDE_REBAR_QUANTITY
FLAG-002,BM-1F_ROOF-B18-BL008-6ED,SIMPLE_BEAM,B18,"SIDE_BAR_SEMANTICS: '2Ø12/30cm' kept, quantity blocked (Q6)",BLOCKS_SIDE_REBAR_QUANTITY
FLAG-003,BM-1F_ROOF-B19-BL029-6CF,SIMPLE_BEAM,B19,"SIDE_BAR_SEMANTICS: '2Ø14/20cm' kept, quantity blocked (Q6)",BLOCKS_SIDE_REBAR_QUANTITY
FLAG-004,BM-1F_ROOF-B23-BL009-74B,SIMPLE_BEAM,B23,"SIDE_BAR_SEMANTICS: '2Ø12/30cm' kept, quantity blocked (Q6)",BLOCKS_SIDE_REBAR_QUANTITY
FLAG-005,BM-1F_ROOF-B25-BL006-6D1,SIMPLE_BEAM,B25,"SIDE_BAR_SEMANTICS: '2Ø12/30cm' kept, quantity blocked (Q6)",BLOCKS_SIDE_REBAR_QUANTITY
FLAG-006,BM-1F_ROOF-B3-BL023-6B9,SIMPLE_BEAM,B3,UNDEFINED_CANDIDATE_DETAIL: Q9,BLOCKS_SCHEDULE_DEPENDENT_REBAR
FLAG-007,BM-1F_ROOF-B4-BA001-1829,SIMPLE_BEAM,B4,CURVED_MEMBER: support faces at the arc ends not established (Q9),BLOCKS_LONGITUDINAL_AND_STIRRUPS
FLAG-008,BM-1F_ROOF-B4-BA002-1828,SIMPLE_BEAM,B4,CURVED_MEMBER: support faces at the arc ends not established (Q9),BLOCKS_LONGITUDINAL_AND_STIRRUPS
FLAG-009,BM-1F_ROOF-B6-BL014-6C5,SIMPLE_BEAM,B6,WIDTH_SOURCE_CONFLICT: R2,BLOCKS_SCHEDULE_DEPENDENT_REBAR
FLAG-010,BM-1F_ROOF-B7-BL017-6CD,SIMPLE_BEAM,B7,"SIDE_BAR_SEMANTICS: '2Ø12/30cm' kept, quantity blocked (Q6)",BLOCKS_SIDE_REBAR_QUANTITY
FLAG-011,BM-1F_ROOF-B7-BL027-6CC,SIMPLE_BEAM,B7,"SIDE_BAR_SEMANTICS: '2Ø12/30cm' kept, quantity blocked (Q6)",BLOCKS_SIDE_REBAR_QUANTITY
FLAG-012,BM-2F_ROOF-B1-BL006-78F,SIMPLE_BEAM,B1,BINDING_CANDIDATE: R1,BLOCKS_SCHEDULE_DEPENDENT_REBAR
FLAG-013,BM-2F_ROOF-B15-BL004-7A9,SIMPLE_BEAM,B15,"SIDE_BAR_SEMANTICS: '2Ø12/30cm' kept, quantity blocked (Q6)",BLOCKS_SIDE_REBAR_QUANTITY
FLAG-014,BM-2F_ROOF-B7-BL001-7A1,SIMPLE_BEAM,B7,"SIDE_BAR_SEMANTICS: '2Ø12/30cm' kept, quantity blocked (Q6)",BLOCKS_SIDE_REBAR_QUANTITY
FLAG-015,BM-2F_ROOF-B8-BL007-79E,SIMPLE_BEAM,B8,"SIDE_BAR_SEMANTICS: '2Ø12/30cm' kept, quantity blocked (Q6)",BLOCKS_SIDE_REBAR_QUANTITY
FLAG-016,BM-GF_ROOF-B1-BL004-476,SIMPLE_BEAM,B1,BINDING_CANDIDATE: R1,BLOCKS_SCHEDULE_DEPENDENT_REBAR
FLAG-017,BM-GF_ROOF-B1-BL016-45D,SIMPLE_BEAM,B1,BINDING_CANDIDATE: R1,BLOCKS_SCHEDULE_DEPENDENT_REBAR
FLAG-018,BM-GF_ROOF-B1-BL040-445,SIMPLE_BEAM,B1,BINDING_CANDIDATE: R1,BLOCKS_SCHEDULE_DEPENDENT_REBAR
FLAG-019,BM-GF_ROOF-B11-BL023-444,SIMPLE_BEAM,B11,"SIDE_BAR_SEMANTICS: '2Ø12/30cm' kept, quantity blocked (Q6)",BLOCKS_SIDE_REBAR_QUANTITY
FLAG-020,BM-GF_ROOF-B13-BL042-467,SIMPLE_BEAM,B13,"SIDE_BAR_SEMANTICS: '2Ø12/30cm' kept, quantity blocked (Q6)",BLOCKS_SIDE_REBAR_QUANTITY
FLAG-021,BM-GF_ROOF-B14-BL036-45F,SIMPLE_BEAM,B14,"SIDE_BAR_SEMANTICS: '2Ø12/30cm' kept, quantity blocked (Q6)",BLOCKS_SIDE_REBAR_QUANTITY
FLAG-022,BM-GF_ROOF-B16-BL030-473,SIMPLE_BEAM,B16,"SIDE_BAR_SEMANTICS: '2Ø16/20cm' kept, quantity blocked (Q6)",BLOCKS_SIDE_REBAR_QUANTITY
FLAG-023,BM-GF_ROOF-B17-BL044-432,SIMPLE_BEAM,B17,"SIDE_BAR_SEMANTICS: '2Ø12/30cm' kept, quantity blocked (Q6)",BLOCKS_SIDE_REBAR_QUANTITY
FLAG-024,BM-GF_ROOF-B20-BL020-453:b20>v,SIMPLE_BEAM,B20,"SIDE_BAR_SEMANTICS: '2Ø12/30cm' kept, quantity blocked (Q6)",BLOCKS_SIDE_REBAR_QUANTITY
FLAG-025,BM-GF_ROOF-B21-BL001-468,SIMPLE_BEAM,B21,WIDTH_SOURCE_CONFLICT: R2,BLOCKS_SCHEDULE_DEPENDENT_REBAR
FLAG-026,BM-GF_ROOF-B21-BL001-468,SIMPLE_BEAM,B21,"SIDE_BAR_SEMANTICS: '2Ø12/30cm' kept, quantity blocked (Q6)",BLOCKS_SIDE_REBAR_QUANTITY
FLAG-027,BM-GF_ROOF-B22-BL013-496,SIMPLE_BEAM,B22,"SIDE_BAR_SEMANTICS: '2Ø12/30cm' kept, quantity blocked (Q6)",BLOCKS_SIDE_REBAR_QUANTITY
FLAG-028,BM-GF_ROOF-B24-BL043-1814:B24>v,SIMPLE_BEAM,B24,"SIDE_BAR_SEMANTICS: '2Ø12/30cm' kept, quantity blocked (Q6)",BLOCKS_SIDE_REBAR_QUANTITY
FLAG-029,BM-GF_ROOF-B26-BL014-4CC,SIMPLE_BEAM,B26,UNDEFINED_CANDIDATE_DETAIL: Q9,BLOCKS_SCHEDULE_DEPENDENT_REBAR
FLAG-030,BM-GF_ROOF-B26-BL014-4CC,SIMPLE_BEAM,B26,PLANTED_COLUMN: p.15 detail is a candidate (Q9),BLOCKS_OTHER_EXPLICIT_EXTRA
FLAG-031,BM-GF_ROOF-B26-BL014-4CC,SIMPLE_BEAM,B26,"SIDE_BAR_SEMANTICS: '2Ø16/20cm' kept, quantity blocked (Q6)",BLOCKS_SIDE_REBAR_QUANTITY
FLAG-032,BM-GF_ROOF-B27-BL002-532,SIMPLE_BEAM,B27,"SIDE_BAR_SEMANTICS: '2Ø16/20cm' kept, quantity blocked (Q6)",BLOCKS_SIDE_REBAR_QUANTITY
FLAG-033,BM-GF_ROOF-B28-BL026-46C,SIMPLE_BEAM,B28,"SIDE_BAR_SEMANTICS: '2Ø12/30cm' kept, quantity blocked (Q6)",BLOCKS_SIDE_REBAR_QUANTITY
FLAG-034,BM-GF_ROOF-B29-BL039-465,SIMPLE_BEAM,B29,WIDTH_SOURCE_CONFLICT: R2,BLOCKS_SCHEDULE_DEPENDENT_REBAR
FLAG-035,BM-GF_ROOF-B29-BL039-465,SIMPLE_BEAM,B29,"SIDE_BAR_SEMANTICS: '2Ø12/30cm' kept, quantity blocked (Q6)",BLOCKS_SIDE_REBAR_QUANTITY
FLAG-036,BM-GF_ROOF-B3-BL033-6B7,SIMPLE_BEAM,B3,UNDEFINED_CANDIDATE_DETAIL: Q9,BLOCKS_SCHEDULE_DEPENDENT_REBAR
FLAG-037,BM-GF_ROOF-B7-BA001-47D:b7>v,SIMPLE_BEAM,B7,CURVED_MEMBER: support faces at the arc ends not established (Q9),BLOCKS_LONGITUDINAL_AND_STIRRUPS
FLAG-038,BM-GF_ROOF-B7-BA001-47D:b7>v,SIMPLE_BEAM,B7,"SIDE_BAR_SEMANTICS: '2Ø12/30cm' kept, quantity blocked (Q6)",BLOCKS_SIDE_REBAR_QUANTITY
FLAG-039,BM-GF_ROOF-B7-BA002-46E,SIMPLE_BEAM,B7,CURVED_MEMBER: support faces at the arc ends not established (Q9),BLOCKS_LONGITUDINAL_AND_STIRRUPS
FLAG-040,BM-GF_ROOF-B7-BA002-46E,SIMPLE_BEAM,B7,"SIDE_BAR_SEMANTICS: '2Ø12/30cm' kept, quantity blocked (Q6)",BLOCKS_SIDE_REBAR_QUANTITY
FLAG-041,BM-GF_ROOF-B7-BA003-470,SIMPLE_BEAM,B7,CURVED_MEMBER: support faces at the arc ends not established (Q9),BLOCKS_LONGITUDINAL_AND_STIRRUPS
FLAG-042,BM-GF_ROOF-B7-BA003-470,SIMPLE_BEAM,B7,"SIDE_BAR_SEMANTICS: '2Ø12/30cm' kept, quantity blocked (Q6)",BLOCKS_SIDE_REBAR_QUANTITY
FLAG-043,BM-GF_ROOF-B7-BA004-46F,SIMPLE_BEAM,B7,CURVED_MEMBER: support faces at the arc ends not established (Q9),BLOCKS_LONGITUDINAL_AND_STIRRUPS
FLAG-044,BM-GF_ROOF-B7-BA004-46F,SIMPLE_BEAM,B7,"SIDE_BAR_SEMANTICS: '2Ø12/30cm' kept, quantity blocked (Q6)",BLOCKS_SIDE_REBAR_QUANTITY
FLAG-045,BM-GF_ROOF-B7-BA005-471,SIMPLE_BEAM,B7,CURVED_MEMBER: support faces at the arc ends not established (Q9),BLOCKS_LONGITUDINAL_AND_STIRRUPS
FLAG-046,BM-GF_ROOF-B7-BA005-471,SIMPLE_BEAM,B7,"SIDE_BAR_SEMANTICS: '2Ø12/30cm' kept, quantity blocked (Q6)",BLOCKS_SIDE_REBAR_QUANTITY
FLAG-047,BM-GF_ROOF-B7-BL028-4B6,SIMPLE_BEAM,B7,"SIDE_BAR_SEMANTICS: '2Ø12/30cm' kept, quantity blocked (Q6)",BLOCKS_SIDE_REBAR_QUANTITY
FLAG-048,BM-GF_ROOF-B7-BL046-4D2,SIMPLE_BEAM,B7,"SIDE_BAR_SEMANTICS: '2Ø12/30cm' kept, quantity blocked (Q6)",BLOCKS_SIDE_REBAR_QUANTITY
FLAG-049,BM-GF_ROOF-B8-BL031-472,SIMPLE_BEAM,B8,"SIDE_BAR_SEMANTICS: '2Ø12/30cm' kept, quantity blocked (Q6)",BLOCKS_SIDE_REBAR_QUANTITY
FLAG-050,BM-GF_ROOF-B9-BL011-5BD,SIMPLE_BEAM,B9,"SIDE_BAR_SEMANTICS: '2Ø12/30cm' kept, quantity blocked (Q6)",BLOCKS_SIDE_REBAR_QUANTITY
FLAG-051,BM-GF_ROOF-CA-BL015-69E,SIMPLE_BEAM,CA,CANTILEVER_OR_FREE_END: bar run to the free end not established (Q9),BLOCKS_LONGITUDINAL_AND_STIRRUPS
FLAG-052,CBO-FFRS-CB10-BL001,CONTINUOUS_BEAM,CB10,WIDTH_SOURCE_CONFLICT: R2,BLOCKS_SCHEDULE_DEPENDENT_REBAR
FLAG-053,CBO-FFRS-CB10-BL001,CONTINUOUS_BEAM,CB10,MID_EXTENT_LN_AXIS_TO_AXIS: released on the drawing's own Ln definition (Q5 confirmation open),NONE (recorded in provenance)
FLAG-054,CBO-FFRS-CB11-BL024,CONTINUOUS_BEAM,CB11,MID_EXTENT_LN_AXIS_TO_AXIS: released on the drawing's own Ln definition (Q5 confirmation open),NONE (recorded in provenance)
FLAG-055,CBO-FFRS-CB11-BL024,CONTINUOUS_BEAM,CB11,BOTTOM_EXTENSION_UNBOUND: an interior-span bottom bar extension (0.15L) adds no length (Q4),LOWER_BOUND (extension adds no length)
FLAG-056,CBO-FFRS-CB11-BL024,CONTINUOUS_BEAM,CB11,"SIDE_BAR_SEMANTICS: '2Ø12 | 30cm' kept, quantity blocked (Q6)",BLOCKS_SIDE_REBAR_QUANTITY
FLAG-057,CBO-FFRS-CB12-BL003,CONTINUOUS_BEAM,CB12,MID_EXTENT_LN_AXIS_TO_AXIS: released on the drawing's own Ln definition (Q5 confirmation open),NONE (recorded in provenance)
FLAG-058,CBO-FFRS-CB12-BL003,CONTINUOUS_BEAM,CB12,"SIDE_BAR_SEMANTICS: '2Ø12 | 30cm' kept, quantity blocked (Q6)",BLOCKS_SIDE_REBAR_QUANTITY
FLAG-059,CBO-FFRS-CB13-BL004,CONTINUOUS_BEAM,CB13,READING_DIRECTION_AMBIGUOUS: only candidate-invariant components release (R4),CANDIDATE_INVARIANT_COMPONENTS_ONLY
FLAG-060,CBO-FFRS-CB13-BL004,CONTINUOUS_BEAM,CB13,MID_EXTENT_LN_AXIS_TO_AXIS: released on the drawing's own Ln definition (Q5 confirmation open),NONE (recorded in provenance)
FLAG-061,CBO-FFRS-CB9-BL023,CONTINUOUS_BEAM,CB9,"READING_DIRECTION_REVERSED: only the reversed reading matches the schedule (resolved, PRE-S6)",NONE (recorded in provenance)
FLAG-062,CBO-FFRS-CB9-BL023,CONTINUOUS_BEAM,CB9,MID_EXTENT_LN_AXIS_TO_AXIS: released on the drawing's own Ln definition (Q5 confirmation open),NONE (recorded in provenance)
FLAG-063,CBO-FFRS-CB9-BL023,CONTINUOUS_BEAM,CB9,BOTTOM_EXTENSION_UNBOUND: an interior-span bottom bar extension (0.15L) adds no length (Q4),LOWER_BOUND (extension adds no length)
FLAG-064,CBO-GFRS-CB1-BL007,CONTINUOUS_BEAM,CB1,MID_EXTENT_LN_AXIS_TO_AXIS: released on the drawing's own Ln definition (Q5 confirmation open),NONE (recorded in provenance)
FLAG-065,CBO-GFRS-CB1-BL007,CONTINUOUS_BEAM,CB1,"SIDE_BAR_SEMANTICS: '2Ø12 | 30cm' kept, quantity blocked (Q6)",BLOCKS_SIDE_REBAR_QUANTITY
FLAG-066,CBO-GFRS-CB2-BL038,CONTINUOUS_BEAM,CB2,WIDTH_SOURCE_CONFLICT: R2,BLOCKS_SCHEDULE_DEPENDENT_REBAR
FLAG-067,CBO-GFRS-CB2-BL038,CONTINUOUS_BEAM,CB2,READING_DIRECTION_AMBIGUOUS: only candidate-invariant components release (R4),CANDIDATE_INVARIANT_COMPONENTS_ONLY
FLAG-068,CBO-GFRS-CB2-BL038,CONTINUOUS_BEAM,CB2,MID_EXTENT_LN_AXIS_TO_AXIS: released on the drawing's own Ln definition (Q5 confirmation open),NONE (recorded in provenance)
FLAG-069,CBO-GFRS-CB3-BL022,CONTINUOUS_BEAM,CB3,TWO_MARKS_ONE_SPAN: R5,BLOCKS_SCHEDULE_DEPENDENT_REBAR
FLAG-070,CBO-GFRS-CB3-BL022,CONTINUOUS_BEAM,CB3,MID_EXTENT_LN_AXIS_TO_AXIS: released on the drawing's own Ln definition (Q5 confirmation open),NONE (recorded in provenance)
FLAG-071,CBO-GFRS-CB3-BL022,CONTINUOUS_BEAM,CB3,BOTTOM_EXTENSION_UNBOUND: an interior-span bottom bar extension (0.15L) adds no length (Q4),LOWER_BOUND (extension adds no length)
FLAG-072,CBO-GFRS-CB3-BL022,CONTINUOUS_BEAM,CB3,"SIDE_BAR_SEMANTICS: '2Ø12 | 30cm' kept, quantity blocked (Q6)",BLOCKS_SIDE_REBAR_QUANTITY
FLAG-073,CBO-GFRS-CB4-BL016,CONTINUOUS_BEAM,CB4,CB_SPAN_LENGTH_SOURCE_CONFLICT: R3,BLOCKS_SCHEDULE_DEPENDENT_REBAR
FLAG-074,CBO-GFRS-CB4-BL016,CONTINUOUS_BEAM,CB4,MID_EXTENT_LN_AXIS_TO_AXIS: released on the drawing's own Ln definition (Q5 confirmation open),NONE (recorded in provenance)
FLAG-075,CBO-GFRS-CB5-BL008,CONTINUOUS_BEAM,CB5,CB_SPAN_LENGTH_SOURCE_CONFLICT: R3,BLOCKS_SCHEDULE_DEPENDENT_REBAR
FLAG-076,CBO-GFRS-CB5-BL008,CONTINUOUS_BEAM,CB5,BINDING_CANDIDATE: R1,BLOCKS_SCHEDULE_DEPENDENT_REBAR
FLAG-077,CBO-GFRS-CB5-BL008,CONTINUOUS_BEAM,CB5,MID_EXTENT_LN_AXIS_TO_AXIS: released on the drawing's own Ln definition (Q5 confirmation open),NONE (recorded in provenance)
FLAG-078,CBO-GFRS-CB6-BL004,CONTINUOUS_BEAM,CB6,MID_EXTENT_LN_AXIS_TO_AXIS: released on the drawing's own Ln definition (Q5 confirmation open),NONE (recorded in provenance)
FLAG-079,CBO-GFRS-CB6-BL004,CONTINUOUS_BEAM,CB6,"SIDE_BAR_SEMANTICS: '2Ø12 | 30cm' kept, quantity blocked (Q6)",BLOCKS_SIDE_REBAR_QUANTITY
FLAG-080,CBO-GFRS-CB7-BL003,CONTINUOUS_BEAM,CB7,READING_DIRECTION_AMBIGUOUS: only candidate-invariant components release (R4),CANDIDATE_INVARIANT_COMPONENTS_ONLY
FLAG-081,CBO-GFRS-CB7-BL003,CONTINUOUS_BEAM,CB7,MID_EXTENT_LN_AXIS_TO_AXIS: released on the drawing's own Ln definition (Q5 confirmation open),NONE (recorded in provenance)
FLAG-082,CBO-GFRS-CB7-BL003,CONTINUOUS_BEAM,CB7,S6_1_CANDIDATE: stirrup count candidate-invariant but outside the frozen PRE-S6 scope,NOT_RELEASED_FROZEN_SCOPE
FLAG-083,CBO-GFRS-CB7-BL003,CONTINUOUS_BEAM,CB7,"SIDE_BAR_SEMANTICS: '2Ø12 | 30cm' kept, quantity blocked (Q6)",BLOCKS_SIDE_REBAR_QUANTITY
FLAG-084,CBO-GFRS-CB8-BL024,CONTINUOUS_BEAM,CB8,CB_SPAN_COUNT_CONFLICT: R3,BLOCKS_SCHEDULE_DEPENDENT_REBAR
FLAG-085,CBO-GFRS-CB8-BL024,CONTINUOUS_BEAM,CB8,"SIDE_BAR_SEMANTICS: '2Ø12 | 30cm' kept, quantity blocked (Q6)",BLOCKS_SIDE_REBAR_QUANTITY
