LINTEL_ID,FLOOR,FROZEN_LANE,FROZEN_M3,FROZEN_KG,CORRECTED_STATE,CORRECTED_LANE,CORRECTED_M3,CORRECTED_KG,CONDITIONAL_M3,CONDITIONAL_KG,REASON
LT-OP-1F-003,1F,PROJECT_BASIS_QTO,0.048,6.148246914,RETAINED_PROJECT_BASIS_QTO,PROJECT_BASIS_QTO,0.048,6.148246914,,,both bearings are drawn masonry >= 400 mm (independent trace); no beam band over the opening; door symbol (a swing leaf in the gap) gives a wall to carry (head not printed: Q-HEAD-GENERAL stands)
LT-OP-1F-014,1F,PROJECT_BASIS_QTO,0.048,6.148246914,RETAINED_PROJECT_BASIS_QTO,PROJECT_BASIS_QTO,0.048,6.148246914,,,both bearings are drawn masonry >= 400 mm (independent trace); no beam band over the opening; door symbol (a swing leaf in the gap) gives a wall to carry (head not printed: Q-HEAD-GENERAL stands)
LT-OP-1F-017,1F,PROJECT_BASIS_QTO,0.043792802,5.725795722,BLOCKED_BEARING_REQUIREMENT,BLOCKED_UNQUANTIFIED,0,0,0.039292802,5.725795722,BLOCKED_BEARING_REQUIREMENT: start 259.2 mm (T_JUNCTION) against MIN.40cm
LT-OP-1F-018,1F,PROJECT_BASIS_QTO,0.0495,6.935604938,RETAINED_PROJECT_BASIS_QTO,PROJECT_BASIS_QTO,0.054,6.935604938,,,both bearings are drawn masonry >= 400 mm (independent trace); no beam band over the opening; arch block or header lines drawn over both faces gives a wall to carry (head not printed: Q-HEAD-GENERAL stands)
LT-OP-1F-020,1F,PROJECT_BASIS_QTO,0.051,6.63437037,RETAINED_PROJECT_BASIS_QTO,PROJECT_BASIS_QTO,0.051,6.63437037,,,both bearings are drawn masonry >= 400 mm (independent trace); no beam band over the opening; door symbol (a swing leaf in the gap) gives a wall to carry (head not printed: Q-HEAD-GENERAL stands)
LT-OP-1F-021,1F,PROJECT_BASIS_QTO,0.063,10.638716049,RETAINED_PROJECT_BASIS_QTO,PROJECT_BASIS_QTO,0.063,10.638716049,,,both bearings are drawn masonry >= 400 mm (independent trace); no beam band over the opening; arch block or header lines drawn over both faces gives a wall to carry (head not printed: Q-HEAD-GENERAL stands)
LT-OP-GF-005,GF,PROJECT_BASIS_QTO,0.042723447,5.618420162,BLOCKED_BEARING_REQUIREMENT,BLOCKED_UNQUANTIFIED,0,0,0.042723447,5.618420162,BLOCKED_BEARING_REQUIREMENT: start 223.7 mm (T_JUNCTION) against MIN.40cm
LT-OP-GF-008,GF,PROJECT_BASIS_QTO,0.048,6.148246914,RETAINED_PROJECT_BASIS_QTO,PROJECT_BASIS_QTO,0.048,6.148246914,,,both bearings are drawn masonry >= 400 mm (independent trace); no beam band over the opening; door symbol (a swing leaf in the gap) gives a wall to carry (head not printed: Q-HEAD-GENERAL stands)
LT-OP-GF-013,GF,PROJECT_BASIS_QTO,0.06002,6.164567902,BLOCKED_COLUMN_CONNECTION,BLOCKED_UNQUANTIFIED,0,0,0.06002,6.164567902,BLOCKED_COLUMN_CONNECTION: start 100 mm (COLUMN) against MIN.40cm
LT-OP-GF-014,GF,PROJECT_BASIS_QTO,0.092,12.137185185,BLOCKED_HEAD_FUNCTION_UNRESOLVED,BLOCKED_UNQUANTIFIED,0,0,0.092,12.137185185,"bearings confirmed, but the opening is glazing whose function (window or full-height) is unresolved and no head is printed: on this project printed sills show full-height glazing exists, so a wall above the head is not established. Not released automatically."
LT-OP-GF-018,GF,PROJECT_BASIS_QTO,0.06002,6.164567902,BLOCKED_COLUMN_CONNECTION,BLOCKED_UNQUANTIFIED,0,0,0.06002,6.164567902,BLOCKED_COLUMN_CONNECTION: end 100 mm (COLUMN) against MIN.40cm
LT-OP-GF-021,GF,PROJECT_BASIS_QTO,0.043515,5.697901235,BLOCKED_BEARING_REQUIREMENT,BLOCKED_UNQUANTIFIED,0,0,0.043515,5.697901235,BLOCKED_BEARING_REQUIREMENT: start 253 mm (T_JUNCTION) against MIN.40cm
LT-OP-GF-028,GF,PROJECT_BASIS_QTO,0.054,6.935604938,RETAINED_PROJECT_BASIS_QTO,PROJECT_BASIS_QTO,0.054,6.935604938,,,both bearings are drawn masonry >= 400 mm (independent trace); no beam band over the opening; door symbol (a swing leaf in the gap) gives a wall to carry (head not printed: Q-HEAD-GENERAL stands)
LT-OP-GF-029,GF,PROJECT_BASIS_QTO,0.041690432,5.329804714,BLOCKED_BEARING_REQUIREMENT,BLOCKED_UNQUANTIFIED,0,0,0.041690432,5.329804714,BLOCKED_BEARING_REQUIREMENT: start 372.7 mm (OBLIQUE_JUNCTION); end 189.1 mm (L_CORNER) against MIN.40cm
