occurrence_id,mark,component,accurate_component,state,dia_mm,count_mode,count,count_convention,raw_span_mm,cover_1_mm,cover_2_mm,net_straight_mm,bar_length_m,total_length_m,kg_per_m,kg,end_treatment,missing,question_id,raw_value,candidates,why
FOCC-10F0,FN,BOTTOM_SHORT,FOOTING_BOTTOM_SHORT,VERIFIED,12,EXPLICIT_COUNT,8,8,1000.0,70.0,70.0,860.0,0.86,6.88,0.888889,6.115556,STRAIGHT_SOURCE_SUPPORTED,[],,,,
FOCC-10F0,FN,BOTTOM_LONG,FOOTING_BOTTOM_LONG,VERIFIED,12,EXPLICIT_COUNT,8,8,1000.0,70.0,70.0,860.0,0.86,6.88,0.888889,6.115556,STRAIGHT_SOURCE_SUPPORTED,[],,,,
FOCC-10F0,FN,TOP_SHORT,FOOTING_TOP_SHORT,NOT_APPLICABLE,,,,,,,,,,,,,,,,,,SINGLE_LAYER footing: the schedule row has no TOP_SHORT field
FOCC-10F0,FN,TOP_LONG,FOOTING_TOP_LONG,NOT_APPLICABLE,,,,,,,,,,,,,,,,,,SINGLE_LAYER footing: the schedule row has no TOP_LONG field
FOCC-10F0,FN,BOXED,BOXED_REBAR,BLOCKED_UNQUANTIFIED,,,,,,,,,,,,,,,Q-R3-6,,,BOXED cell EMPTY (template default '3+-' cleared); whether the footing has boxed bars is not stated (pre-S4: UNRESOLVED (EMPTY CELL))
FOCC-10F0,FN,STARTER_DOWEL_REFERENCE,STARTER,NOT_APPLICABLE,,,,,,,,,,,,,,,,,,column starters / dowels are owned by the column engine; no footing-side steel is assigned by the source
FOCC-10F8,FN,BOTTOM_SHORT,FOOTING_BOTTOM_SHORT,VERIFIED,12,EXPLICIT_COUNT,8,8,1000.0,70.0,70.0,860.0,0.86,6.88,0.888889,6.115556,STRAIGHT_SOURCE_SUPPORTED,[],,,,
FOCC-10F8,FN,BOTTOM_LONG,FOOTING_BOTTOM_LONG,VERIFIED,12,EXPLICIT_COUNT,8,8,1000.0,70.0,70.0,860.0,0.86,6.88,0.888889,6.115556,STRAIGHT_SOURCE_SUPPORTED,[],,,,
FOCC-10F8,FN,TOP_SHORT,FOOTING_TOP_SHORT,NOT_APPLICABLE,,,,,,,,,,,,,,,,,,SINGLE_LAYER footing: the schedule row has no TOP_SHORT field
FOCC-10F8,FN,TOP_LONG,FOOTING_TOP_LONG,NOT_APPLICABLE,,,,,,,,,,,,,,,,,,SINGLE_LAYER footing: the schedule row has no TOP_LONG field
FOCC-10F8,FN,BOXED,BOXED_REBAR,BLOCKED_UNQUANTIFIED,,,,,,,,,,,,,,,Q-R3-6,,,BOXED cell EMPTY (template default '3+-' cleared); whether the footing has boxed bars is not stated (pre-S4: UNRESOLVED (EMPTY CELL))
FOCC-10F8,FN,STARTER_DOWEL_REFERENCE,STARTER,NOT_APPLICABLE,,,,,,,,,,,,,,,,,,column starters / dowels are owned by the column engine; no footing-side steel is assigned by the source
FOCC-1100,FN,BOTTOM_SHORT,FOOTING_BOTTOM_SHORT,VERIFIED,12,EXPLICIT_COUNT,8,8,1000.0,70.0,70.0,860.0,0.86,6.88,0.888889,6.115556,STRAIGHT_SOURCE_SUPPORTED,[],,,,
FOCC-1100,FN,BOTTOM_LONG,FOOTING_BOTTOM_LONG,VERIFIED,12,EXPLICIT_COUNT,8,8,1000.0,70.0,70.0,860.0,0.86,6.88,0.888889,6.115556,STRAIGHT_SOURCE_SUPPORTED,[],,,,
FOCC-1100,FN,TOP_SHORT,FOOTING_TOP_SHORT,NOT_APPLICABLE,,,,,,,,,,,,,,,,,,SINGLE_LAYER footing: the schedule row has no TOP_SHORT field
FOCC-1100,FN,TOP_LONG,FOOTING_TOP_LONG,NOT_APPLICABLE,,,,,,,,,,,,,,,,,,SINGLE_LAYER footing: the schedule row has no TOP_LONG field
FOCC-1100,FN,BOXED,BOXED_REBAR,BLOCKED_UNQUANTIFIED,,,,,,,,,,,,,,,Q-R3-6,,,BOXED cell EMPTY (template default '3+-' cleared); whether the footing has boxed bars is not stated (pre-S4: UNRESOLVED (EMPTY CELL))
FOCC-1100,FN,STARTER_DOWEL_REFERENCE,STARTER,NOT_APPLICABLE,,,,,,,,,,,,,,,,,,column starters / dowels are owned by the column engine; no footing-side steel is assigned by the source
FOCC-165C,F2,BOTTOM_SHORT,FOOTING_BOTTOM_SHORT,VERIFIED,12,EXPLICIT_COUNT,13,13,1700.0,70.0,70.0,1560.0,1.56,20.28,0.888889,18.026667,STRAIGHT_SOURCE_SUPPORTED,[],,,,
FOCC-165C,F2,BOTTOM_LONG,FOOTING_BOTTOM_LONG,VERIFIED,12,EXPLICIT_COUNT,13,13,1900.0,70.0,70.0,1760.0,1.76,22.88,0.888889,20.337778,STRAIGHT_SOURCE_SUPPORTED,[],,,,
FOCC-165C,F2,TOP_SHORT,FOOTING_TOP_SHORT,NOT_APPLICABLE,,,,,,,,,,,,,,,,,,SINGLE_LAYER footing: the schedule row has no TOP_SHORT field
FOCC-165C,F2,TOP_LONG,FOOTING_TOP_LONG,NOT_APPLICABLE,,,,,,,,,,,,,,,,,,SINGLE_LAYER footing: the schedule row has no TOP_LONG field
FOCC-165C,F2,BOXED,BOXED_REBAR,BLOCKED_UNQUANTIFIED,,,,,,,,,,,,,,,Q-R3-6,3+4,,BOXED '3+4': component exists (p.13 'Boxed bars.'); count / diameter / shape / length not stated anywhere (pre-S4 source exhaustion: UNRESOLVED)
FOCC-165C,F2,STARTER_DOWEL_REFERENCE,STARTER,NOT_APPLICABLE,,,,,,,,,,,,,,,,,,column starters / dowels are owned by the column engine; no footing-side steel is assigned by the source
FOCC-1663,F2,BOTTOM_SHORT,FOOTING_BOTTOM_SHORT,VERIFIED,12,EXPLICIT_COUNT,13,13,1700.0,70.0,70.0,1560.0,1.56,20.28,0.888889,18.026667,STRAIGHT_SOURCE_SUPPORTED,[],,,,
FOCC-1663,F2,BOTTOM_LONG,FOOTING_BOTTOM_LONG,VERIFIED,12,EXPLICIT_COUNT,13,13,1900.0,70.0,70.0,1760.0,1.76,22.88,0.888889,20.337778,STRAIGHT_SOURCE_SUPPORTED,[],,,,
FOCC-1663,F2,TOP_SHORT,FOOTING_TOP_SHORT,NOT_APPLICABLE,,,,,,,,,,,,,,,,,,SINGLE_LAYER footing: the schedule row has no TOP_SHORT field
FOCC-1663,F2,TOP_LONG,FOOTING_TOP_LONG,NOT_APPLICABLE,,,,,,,,,,,,,,,,,,SINGLE_LAYER footing: the schedule row has no TOP_LONG field
FOCC-1663,F2,BOXED,BOXED_REBAR,BLOCKED_UNQUANTIFIED,,,,,,,,,,,,,,,Q-R3-6,3+4,,BOXED '3+4': component exists (p.13 'Boxed bars.'); count / diameter / shape / length not stated anywhere (pre-S4 source exhaustion: UNRESOLVED)
FOCC-1663,F2,STARTER_DOWEL_REFERENCE,STARTER,NOT_APPLICABLE,,,,,,,,,,,,,,,,,,column starters / dowels are owned by the column engine; no footing-side steel is assigned by the source
FOCC-1664,F5,BOTTOM_SHORT,FOOTING_BOTTOM_SHORT,VERIFIED,12,EXPLICIT_COUNT,22,22,2100.0,70.0,70.0,1960.0,1.96,43.12,0.888889,38.328889,STRAIGHT_SOURCE_SUPPORTED,[],,,,
FOCC-1664,F5,BOTTOM_LONG,FOOTING_BOTTOM_LONG,VERIFIED,12,EXPLICIT_COUNT,20,20,2400.0,70.0,70.0,2260.0,2.26,45.2,0.888889,40.177778,STRAIGHT_SOURCE_SUPPORTED,[],,,,
FOCC-1664,F5,TOP_SHORT,FOOTING_TOP_SHORT,NOT_APPLICABLE,,,,,,,,,,,,,,,,,,SINGLE_LAYER footing: the schedule row has no TOP_SHORT field
FOCC-1664,F5,TOP_LONG,FOOTING_TOP_LONG,NOT_APPLICABLE,,,,,,,,,,,,,,,,,,SINGLE_LAYER footing: the schedule row has no TOP_LONG field
FOCC-1664,F5,BOXED,BOXED_REBAR,BLOCKED_UNQUANTIFIED,,,,,,,,,,,,,,,Q-R3-6,3+4,,BOXED '3+4': component exists (p.13 'Boxed bars.'); count / diameter / shape / length not stated anywhere (pre-S4 source exhaustion: UNRESOLVED)
FOCC-1664,F5,STARTER_DOWEL_REFERENCE,STARTER,NOT_APPLICABLE,,,,,,,,,,,,,,,,,,column starters / dowels are owned by the column engine; no footing-side steel is assigned by the source
FOCC-1665,F4,BOTTOM_SHORT,FOOTING_BOTTOM_SHORT,VERIFIED,12,EXPLICIT_COUNT,18,18,2000.0,70.0,70.0,1860.0,1.86,33.48,0.888889,29.76,STRAIGHT_SOURCE_SUPPORTED,[],,,,
FOCC-1665,F4,BOTTOM_LONG,FOOTING_BOTTOM_LONG,VERIFIED,12,EXPLICIT_COUNT,17,17,2200.0,70.0,70.0,2060.0,2.06,35.02,0.888889,31.128889,STRAIGHT_SOURCE_SUPPORTED,[],,,,
FOCC-1665,F4,TOP_SHORT,FOOTING_TOP_SHORT,NOT_APPLICABLE,,,,,,,,,,,,,,,,,,SINGLE_LAYER footing: the schedule row has no TOP_SHORT field
FOCC-1665,F4,TOP_LONG,FOOTING_TOP_LONG,NOT_APPLICABLE,,,,,,,,,,,,,,,,,,SINGLE_LAYER footing: the schedule row has no TOP_LONG field
FOCC-1665,F4,BOXED,BOXED_REBAR,BLOCKED_UNQUANTIFIED,,,,,,,,,,,,,,,Q-R3-6,3+4,,BOXED '3+4': component exists (p.13 'Boxed bars.'); count / diameter / shape / length not stated anywhere (pre-S4 source exhaustion: UNRESOLVED)
FOCC-1665,F4,STARTER_DOWEL_REFERENCE,STARTER,NOT_APPLICABLE,,,,,,,,,,,,,,,,,,column starters / dowels are owned by the column engine; no footing-side steel is assigned by the source
FOCC-1666,F4,BOTTOM_SHORT,FOOTING_BOTTOM_SHORT,VERIFIED,12,EXPLICIT_COUNT,18,18,2000.0,70.0,70.0,1860.0,1.86,33.48,0.888889,29.76,STRAIGHT_SOURCE_SUPPORTED,[],,,,
FOCC-1666,F4,BOTTOM_LONG,FOOTING_BOTTOM_LONG,VERIFIED,12,EXPLICIT_COUNT,17,17,2200.0,70.0,70.0,2060.0,2.06,35.02,0.888889,31.128889,STRAIGHT_SOURCE_SUPPORTED,[],,,,
FOCC-1666,F4,TOP_SHORT,FOOTING_TOP_SHORT,NOT_APPLICABLE,,,,,,,,,,,,,,,,,,SINGLE_LAYER footing: the schedule row has no TOP_SHORT field
FOCC-1666,F4,TOP_LONG,FOOTING_TOP_LONG,NOT_APPLICABLE,,,,,,,,,,,,,,,,,,SINGLE_LAYER footing: the schedule row has no TOP_LONG field
FOCC-1666,F4,BOXED,BOXED_REBAR,BLOCKED_UNQUANTIFIED,,,,,,,,,,,,,,,Q-R3-6,3+4,,BOXED '3+4': component exists (p.13 'Boxed bars.'); count / diameter / shape / length not stated anywhere (pre-S4 source exhaustion: UNRESOLVED)
FOCC-1666,F4,STARTER_DOWEL_REFERENCE,STARTER,NOT_APPLICABLE,,,,,,,,,,,,,,,,,,column starters / dowels are owned by the column engine; no footing-side steel is assigned by the source
FOCC-1667,F,BOTTOM_SHORT,FOOTING_BOTTOM_SHORT,VERIFIED,12,EXPLICIT_COUNT,8,8,800.0,70.0,70.0,660.0,0.66,5.28,0.888889,4.693333,STRAIGHT_SOURCE_SUPPORTED,[],,,,
FOCC-1667,F,BOTTOM_LONG,FOOTING_BOTTOM_LONG,VERIFIED,12,EXPLICIT_COUNT,7,7,900.0,70.0,70.0,760.0,0.76,5.32,0.888889,4.728889,STRAIGHT_SOURCE_SUPPORTED,[],,,,
FOCC-1667,F,TOP_SHORT,FOOTING_TOP_SHORT,NOT_APPLICABLE,,,,,,,,,,,,,,,,,,SINGLE_LAYER footing: the schedule row has no TOP_SHORT field
FOCC-1667,F,TOP_LONG,FOOTING_TOP_LONG,NOT_APPLICABLE,,,,,,,,,,,,,,,,,,SINGLE_LAYER footing: the schedule row has no TOP_LONG field
FOCC-1667,F,BOXED,BOXED_REBAR,BLOCKED_UNQUANTIFIED,,,,,,,,,,,,,,,Q-R3-6,3+4,,BOXED '3+4': component exists (p.13 'Boxed bars.'); count / diameter / shape / length not stated anywhere (pre-S4 source exhaustion: UNRESOLVED)
FOCC-1667,F,STARTER_DOWEL_REFERENCE,STARTER,NOT_APPLICABLE,,,,,,,,,,,,,,,,,,column starters / dowels are owned by the column engine; no footing-side steel is assigned by the source
FOCC-1668,F,BOTTOM_SHORT,FOOTING_BOTTOM_SHORT,VERIFIED,12,EXPLICIT_COUNT,8,8,800.0,70.0,70.0,660.0,0.66,5.28,0.888889,4.693333,STRAIGHT_SOURCE_SUPPORTED,[],,,,
FOCC-1668,F,BOTTOM_LONG,FOOTING_BOTTOM_LONG,VERIFIED,12,EXPLICIT_COUNT,7,7,900.0,70.0,70.0,760.0,0.76,5.32,0.888889,4.728889,STRAIGHT_SOURCE_SUPPORTED,[],,,,
FOCC-1668,F,TOP_SHORT,FOOTING_TOP_SHORT,NOT_APPLICABLE,,,,,,,,,,,,,,,,,,SINGLE_LAYER footing: the schedule row has no TOP_SHORT field
FOCC-1668,F,TOP_LONG,FOOTING_TOP_LONG,NOT_APPLICABLE,,,,,,,,,,,,,,,,,,SINGLE_LAYER footing: the schedule row has no TOP_LONG field
FOCC-1668,F,BOXED,BOXED_REBAR,BLOCKED_UNQUANTIFIED,,,,,,,,,,,,,,,Q-R3-6,3+4,,BOXED '3+4': component exists (p.13 'Boxed bars.'); count / diameter / shape / length not stated anywhere (pre-S4 source exhaustion: UNRESOLVED)
FOCC-1668,F,STARTER_DOWEL_REFERENCE,STARTER,NOT_APPLICABLE,,,,,,,,,,,,,,,,,,column starters / dowels are owned by the column engine; no footing-side steel is assigned by the source
FOCC-1669,F,BOTTOM_SHORT,FOOTING_BOTTOM_SHORT,VERIFIED,12,EXPLICIT_COUNT,8,8,800.0,70.0,70.0,660.0,0.66,5.28,0.888889,4.693333,STRAIGHT_SOURCE_SUPPORTED,[],,,,
FOCC-1669,F,BOTTOM_LONG,FOOTING_BOTTOM_LONG,VERIFIED,12,EXPLICIT_COUNT,7,7,900.0,70.0,70.0,760.0,0.76,5.32,0.888889,4.728889,STRAIGHT_SOURCE_SUPPORTED,[],,,,
FOCC-1669,F,TOP_SHORT,FOOTING_TOP_SHORT,NOT_APPLICABLE,,,,,,,,,,,,,,,,,,SINGLE_LAYER footing: the schedule row has no TOP_SHORT field
FOCC-1669,F,TOP_LONG,FOOTING_TOP_LONG,NOT_APPLICABLE,,,,,,,,,,,,,,,,,,SINGLE_LAYER footing: the schedule row has no TOP_LONG field
FOCC-1669,F,BOXED,BOXED_REBAR,BLOCKED_UNQUANTIFIED,,,,,,,,,,,,,,,Q-R3-6,3+4,,BOXED '3+4': component exists (p.13 'Boxed bars.'); count / diameter / shape / length not stated anywhere (pre-S4 source exhaustion: UNRESOLVED)
FOCC-1669,F,STARTER_DOWEL_REFERENCE,STARTER,NOT_APPLICABLE,,,,,,,,,,,,,,,,,,column starters / dowels are owned by the column engine; no footing-side steel is assigned by the source
FOCC-166A,F,BOTTOM_SHORT,FOOTING_BOTTOM_SHORT,VERIFIED,12,EXPLICIT_COUNT,8,8,800.0,70.0,70.0,660.0,0.66,5.28,0.888889,4.693333,STRAIGHT_SOURCE_SUPPORTED,[],,,,
FOCC-166A,F,BOTTOM_LONG,FOOTING_BOTTOM_LONG,VERIFIED,12,EXPLICIT_COUNT,7,7,900.0,70.0,70.0,760.0,0.76,5.32,0.888889,4.728889,STRAIGHT_SOURCE_SUPPORTED,[],,,,
FOCC-166A,F,TOP_SHORT,FOOTING_TOP_SHORT,NOT_APPLICABLE,,,,,,,,,,,,,,,,,,SINGLE_LAYER footing: the schedule row has no TOP_SHORT field
FOCC-166A,F,TOP_LONG,FOOTING_TOP_LONG,NOT_APPLICABLE,,,,,,,,,,,,,,,,,,SINGLE_LAYER footing: the schedule row has no TOP_LONG field
FOCC-166A,F,BOXED,BOXED_REBAR,BLOCKED_UNQUANTIFIED,,,,,,,,,,,,,,,Q-R3-6,3+4,,BOXED '3+4': component exists (p.13 'Boxed bars.'); count / diameter / shape / length not stated anywhere (pre-S4 source exhaustion: UNRESOLVED)
FOCC-166A,F,STARTER_DOWEL_REFERENCE,STARTER,NOT_APPLICABLE,,,,,,,,,,,,,,,,,,column starters / dowels are owned by the column engine; no footing-side steel is assigned by the source
FOCC-166B,F3,BOTTOM_SHORT,FOOTING_BOTTOM_SHORT,VERIFIED,12,EXPLICIT_COUNT,8,8,1400.0,70.0,70.0,1260.0,1.26,10.08,0.888889,8.96,STRAIGHT_SOURCE_SUPPORTED,[],,,,
FOCC-166B,F3,BOTTOM_LONG,FOOTING_BOTTOM_LONG,VERIFIED,12,EXPLICIT_COUNT,8,8,1600.0,70.0,70.0,1460.0,1.46,11.68,0.888889,10.382222,STRAIGHT_SOURCE_SUPPORTED,[],,,,
FOCC-166B,F3,TOP_SHORT,FOOTING_TOP_SHORT,NOT_APPLICABLE,,,,,,,,,,,,,,,,,,SINGLE_LAYER footing: the schedule row has no TOP_SHORT field
FOCC-166B,F3,TOP_LONG,FOOTING_TOP_LONG,NOT_APPLICABLE,,,,,,,,,,,,,,,,,,SINGLE_LAYER footing: the schedule row has no TOP_LONG field
FOCC-166B,F3,BOXED,BOXED_REBAR,BLOCKED_UNQUANTIFIED,,,,,,,,,,,,,,,Q-R3-6,3+4,,BOXED '3+4': component exists (p.13 'Boxed bars.'); count / diameter / shape / length not stated anywhere (pre-S4 source exhaustion: UNRESOLVED)
FOCC-166B,F3,STARTER_DOWEL_REFERENCE,STARTER,NOT_APPLICABLE,,,,,,,,,,,,,,,,,,column starters / dowels are owned by the column engine; no footing-side steel is assigned by the source
FOCC-166C,F3,BOTTOM_SHORT,FOOTING_BOTTOM_SHORT,VERIFIED,12,EXPLICIT_COUNT,8,8,1400.0,70.0,70.0,1260.0,1.26,10.08,0.888889,8.96,STRAIGHT_SOURCE_SUPPORTED,[],,,,
FOCC-166C,F3,BOTTOM_LONG,FOOTING_BOTTOM_LONG,VERIFIED,12,EXPLICIT_COUNT,8,8,1600.0,70.0,70.0,1460.0,1.46,11.68,0.888889,10.382222,STRAIGHT_SOURCE_SUPPORTED,[],,,,
FOCC-166C,F3,TOP_SHORT,FOOTING_TOP_SHORT,NOT_APPLICABLE,,,,,,,,,,,,,,,,,,SINGLE_LAYER footing: the schedule row has no TOP_SHORT field
FOCC-166C,F3,TOP_LONG,FOOTING_TOP_LONG,NOT_APPLICABLE,,,,,,,,,,,,,,,,,,SINGLE_LAYER footing: the schedule row has no TOP_LONG field
FOCC-166C,F3,BOXED,BOXED_REBAR,BLOCKED_UNQUANTIFIED,,,,,,,,,,,,,,,Q-R3-6,3+4,,BOXED '3+4': component exists (p.13 'Boxed bars.'); count / diameter / shape / length not stated anywhere (pre-S4 source exhaustion: UNRESOLVED)
FOCC-166C,F3,STARTER_DOWEL_REFERENCE,STARTER,NOT_APPLICABLE,,,,,,,,,,,,,,,,,,column starters / dowels are owned by the column engine; no footing-side steel is assigned by the source
FOCC-166D,F5,BOTTOM_SHORT,FOOTING_BOTTOM_SHORT,VERIFIED,12,EXPLICIT_COUNT,22,22,2100.0,70.0,70.0,1960.0,1.96,43.12,0.888889,38.328889,STRAIGHT_SOURCE_SUPPORTED,[],,,,
FOCC-166D,F5,BOTTOM_LONG,FOOTING_BOTTOM_LONG,VERIFIED,12,EXPLICIT_COUNT,20,20,2400.0,70.0,70.0,2260.0,2.26,45.2,0.888889,40.177778,STRAIGHT_SOURCE_SUPPORTED,[],,,,
FOCC-166D,F5,TOP_SHORT,FOOTING_TOP_SHORT,NOT_APPLICABLE,,,,,,,,,,,,,,,,,,SINGLE_LAYER footing: the schedule row has no TOP_SHORT field
FOCC-166D,F5,TOP_LONG,FOOTING_TOP_LONG,NOT_APPLICABLE,,,,,,,,,,,,,,,,,,SINGLE_LAYER footing: the schedule row has no TOP_LONG field
FOCC-166D,F5,BOXED,BOXED_REBAR,BLOCKED_UNQUANTIFIED,,,,,,,,,,,,,,,Q-R3-6,3+4,,BOXED '3+4': component exists (p.13 'Boxed bars.'); count / diameter / shape / length not stated anywhere (pre-S4 source exhaustion: UNRESOLVED)
FOCC-166D,F5,STARTER_DOWEL_REFERENCE,STARTER,NOT_APPLICABLE,,,,,,,,,,,,,,,,,,column starters / dowels are owned by the column engine; no footing-side steel is assigned by the source
FOCC-180C,FN,BOTTOM_SHORT,FOOTING_BOTTOM_SHORT,VERIFIED,12,EXPLICIT_COUNT,8,8,1000.0,70.0,70.0,860.0,0.86,6.88,0.888889,6.115556,STRAIGHT_SOURCE_SUPPORTED,[],,,,
FOCC-180C,FN,BOTTOM_LONG,FOOTING_BOTTOM_LONG,VERIFIED,12,EXPLICIT_COUNT,8,8,1000.0,70.0,70.0,860.0,0.86,6.88,0.888889,6.115556,STRAIGHT_SOURCE_SUPPORTED,[],,,,
FOCC-180C,FN,TOP_SHORT,FOOTING_TOP_SHORT,NOT_APPLICABLE,,,,,,,,,,,,,,,,,,SINGLE_LAYER footing: the schedule row has no TOP_SHORT field
FOCC-180C,FN,TOP_LONG,FOOTING_TOP_LONG,NOT_APPLICABLE,,,,,,,,,,,,,,,,,,SINGLE_LAYER footing: the schedule row has no TOP_LONG field
FOCC-180C,FN,BOXED,BOXED_REBAR,BLOCKED_UNQUANTIFIED,,,,,,,,,,,,,,,Q-R3-6,,,BOXED cell EMPTY (template default '3+-' cleared); whether the footing has boxed bars is not stated (pre-S4: UNRESOLVED (EMPTY CELL))
FOCC-180C,FN,STARTER_DOWEL_REFERENCE,STARTER,NOT_APPLICABLE,,,,,,,,,,,,,,,,,,column starters / dowels are owned by the column engine; no footing-side steel is assigned by the source
FOCC-180F,F9,BOTTOM_SHORT,FOOTING_BOTTOM_SHORT,VERIFIED,14,EXPLICIT_COUNT,28,28,2700.0,70.0,70.0,2560.0,2.56,71.68,1.209877,86.723951,STRAIGHT_SOURCE_SUPPORTED,[],,,,
FOCC-180F,F9,BOTTOM_LONG,FOOTING_BOTTOM_LONG,VERIFIED,14,EXPLICIT_COUNT,24,24,3400.0,70.0,70.0,3260.0,3.26,78.24,1.209877,94.660741,STRAIGHT_SOURCE_SUPPORTED,[],,,,
FOCC-180F,F9,TOP_SHORT,FOOTING_TOP_SHORT,NOT_APPLICABLE,,,,,,,,,,,,,,,,,,SINGLE_LAYER footing: the schedule row has no TOP_SHORT field
FOCC-180F,F9,TOP_LONG,FOOTING_TOP_LONG,NOT_APPLICABLE,,,,,,,,,,,,,,,,,,SINGLE_LAYER footing: the schedule row has no TOP_LONG field
FOCC-180F,F9,BOXED,BOXED_REBAR,BLOCKED_UNQUANTIFIED,,,,,,,,,,,,,,,Q-R3-6,3+8,,BOXED '3+8': component exists (p.13 'Boxed bars.'); count / diameter / shape / length not stated anywhere (pre-S4 source exhaustion: UNRESOLVED)
FOCC-180F,F9,STARTER_DOWEL_REFERENCE,STARTER,NOT_APPLICABLE,,,,,,,,,,,,,,,,,,column starters / dowels are owned by the column engine; no footing-side steel is assigned by the source
FOCC-1ABF,F12,BOTTOM_SHORT,FOOTING_BOTTOM_SHORT,LOWER_BOUND,16,BARS_PER_METRE,39,40,3200.0,70.0,70.0,3060.0,3.06,119.34,1.580247,188.586667,STRAIGHT_SOURCE_SUPPORTED,"[""EDGE_BAR_CONVENTION (count = ceil(rate x distribution); +1 edge bar not established)""]",,,,EDGE_BAR_CONVENTION (count = ceil(rate x distribution); +1 edge bar not established)
FOCC-1ABF,F12,BOTTOM_LONG,FOOTING_BOTTOM_LONG,LOWER_BOUND,16,BARS_PER_METRE,28,29,4400.0,70.0,70.0,4260.0,4.26,119.28,1.580247,188.491852,STRAIGHT_SOURCE_SUPPORTED,"[""EDGE_BAR_CONVENTION (count = ceil(rate x distribution); +1 edge bar not established)""]",,,,EDGE_BAR_CONVENTION (count = ceil(rate x distribution); +1 edge bar not established)
FOCC-1ABF,F12,TOP_SHORT,FOOTING_TOP_SHORT,LOWER_BOUND,14,BARS_PER_METRE,43,44,3200.0,70.0,70.0,3060.0,3.06,131.58,1.209877,159.195556,END_TREATMENT_NOT_ESTABLISHED,"[""EDGE_BAR_CONVENTION (count = ceil(rate x distribution); +1 edge bar not established)"", ""END_TREATMENT (straight core only; hook / bend / end leg not drawn or dimensioned)""]",,,,EDGE_BAR_CONVENTION (count = ceil(rate x distribution); +1 edge bar not established); END_TREATMENT (straight core only; hook / bend / end leg not drawn or dimensioned)
FOCC-1ABF,F12,TOP_LONG,FOOTING_TOP_LONG,LOWER_BOUND,14,BARS_PER_METRE,31,32,4400.0,70.0,70.0,4260.0,4.26,132.06,1.209877,159.776296,END_TREATMENT_NOT_ESTABLISHED,"[""EDGE_BAR_CONVENTION (count = ceil(rate x distribution); +1 edge bar not established)"", ""END_TREATMENT (straight core only; hook / bend / end leg not drawn or dimensioned)""]",,,,EDGE_BAR_CONVENTION (count = ceil(rate x distribution); +1 edge bar not established); END_TREATMENT (straight core only; hook / bend / end leg not drawn or dimensioned)
FOCC-1ABF,F12,BOXED,BOXED_REBAR,NOT_APPLICABLE,,,,,,,,,,,,,,,,,,the schedule carries no BOXED value for this footing type (two-layer row: the column holds layer labels)
FOCC-1ABF,F12,STARTER_DOWEL_REFERENCE,STARTER,NOT_APPLICABLE,,,,,,,,,,,,,,,,,,column starters / dowels are owned by the column engine; no footing-side steel is assigned by the source
FOCC-1ADB,F13,BOTTOM_SHORT,FOOTING_BOTTOM_SHORT,LOWER_BOUND,16,BARS_PER_METRE,34,35,2400.0,70.0,70.0,2260.0,2.26,76.84,1.580247,121.426173,STRAIGHT_SOURCE_SUPPORTED,"[""EDGE_BAR_CONVENTION (count = ceil(rate x distribution); +1 edge bar not established)""]",,,,EDGE_BAR_CONVENTION (count = ceil(rate x distribution); +1 edge bar not established)
FOCC-1ADB,F13,BOTTOM_LONG,FOOTING_BOTTOM_LONG,LOWER_BOUND,16,BARS_PER_METRE,19,20,4300.0,70.0,70.0,4160.0,4.16,79.04,1.580247,124.902716,STRAIGHT_SOURCE_SUPPORTED,"[""EDGE_BAR_CONVENTION (count = ceil(rate x distribution); +1 edge bar not established)""]",,,,EDGE_BAR_CONVENTION (count = ceil(rate x distribution); +1 edge bar not established)
FOCC-1ADB,F13,TOP_SHORT,FOOTING_TOP_SHORT,LOWER_BOUND,14,BARS_PER_METRE,30,31,2400.0,70.0,70.0,2260.0,2.26,67.8,1.209877,82.02963,END_TREATMENT_NOT_ESTABLISHED,"[""EDGE_BAR_CONVENTION (count = ceil(rate x distribution); +1 edge bar not established)"", ""END_TREATMENT (straight core only; hook / bend / end leg not drawn or dimensioned)""]",,,,EDGE_BAR_CONVENTION (count = ceil(rate x distribution); +1 edge bar not established); END_TREATMENT (straight core only; hook / bend / end leg not drawn or dimensioned)
FOCC-1ADB,F13,TOP_LONG,FOOTING_TOP_LONG,LOWER_BOUND,14,BARS_PER_METRE,16,17,4300.0,70.0,70.0,4160.0,4.16,66.56,1.209877,80.529383,END_TREATMENT_NOT_ESTABLISHED,"[""EDGE_BAR_CONVENTION (count = ceil(rate x distribution); +1 edge bar not established)"", ""END_TREATMENT (straight core only; hook / bend / end leg not drawn or dimensioned)""]",,,,EDGE_BAR_CONVENTION (count = ceil(rate x distribution); +1 edge bar not established); END_TREATMENT (straight core only; hook / bend / end leg not drawn or dimensioned)
FOCC-1ADB,F13,BOXED,BOXED_REBAR,NOT_APPLICABLE,,,,,,,,,,,,,,,,,,the schedule carries no BOXED value for this footing type (two-layer row: the column holds layer labels)
FOCC-1ADB,F13,STARTER_DOWEL_REFERENCE,STARTER,NOT_APPLICABLE,,,,,,,,,,,,,,,,,,column starters / dowels are owned by the column engine; no footing-side steel is assigned by the source
FOCC-1B07,F11,BOTTOM_SHORT,FOOTING_BOTTOM_SHORT,VERIFIED,14,EXPLICIT_COUNT,32,32,1500.0,70.0,70.0,1360.0,1.36,43.52,1.209877,52.653827,STRAIGHT_SOURCE_SUPPORTED,[],,,,
FOCC-1B07,F11,BOTTOM_LONG,FOOTING_BOTTOM_LONG,VERIFIED,14,EXPLICIT_COUNT,14,14,3500.0,70.0,70.0,3360.0,3.36,47.04,1.209877,56.912593,STRAIGHT_SOURCE_SUPPORTED,[],,,,
FOCC-1B07,F11,TOP_SHORT,FOOTING_TOP_SHORT,NOT_APPLICABLE,,,,,,,,,,,,,,,,,,SINGLE_LAYER footing: the schedule row has no TOP_SHORT field
FOCC-1B07,F11,TOP_LONG,FOOTING_TOP_LONG,NOT_APPLICABLE,,,,,,,,,,,,,,,,,,SINGLE_LAYER footing: the schedule row has no TOP_LONG field
FOCC-1B07,F11,BOXED,BOXED_REBAR,BLOCKED_UNQUANTIFIED,,,,,,,,,,,,,,,Q-R3-6,3+8,,BOXED '3+8': component exists (p.13 'Boxed bars.'); count / diameter / shape / length not stated anywhere (pre-S4 source exhaustion: UNRESOLVED)
FOCC-1B07,F11,STARTER_DOWEL_REFERENCE,STARTER,NOT_APPLICABLE,,,,,,,,,,,,,,,,,,column starters / dowels are owned by the column engine; no footing-side steel is assigned by the source
FOCC-1B19,F6,BOTTOM_SHORT,FOOTING_BOTTOM_SHORT,VERIFIED,12,EXPLICIT_COUNT,24,24,2200.0,70.0,70.0,2060.0,2.06,49.44,0.888889,43.946667,STRAIGHT_SOURCE_SUPPORTED,[],,,,
FOCC-1B19,F6,BOTTOM_LONG,FOOTING_BOTTOM_LONG,VERIFIED,12,EXPLICIT_COUNT,22,22,2600.0,70.0,70.0,2460.0,2.46,54.12,0.888889,48.106667,STRAIGHT_SOURCE_SUPPORTED,[],,,,
FOCC-1B19,F6,TOP_SHORT,FOOTING_TOP_SHORT,NOT_APPLICABLE,,,,,,,,,,,,,,,,,,SINGLE_LAYER footing: the schedule row has no TOP_SHORT field
FOCC-1B19,F6,TOP_LONG,FOOTING_TOP_LONG,NOT_APPLICABLE,,,,,,,,,,,,,,,,,,SINGLE_LAYER footing: the schedule row has no TOP_LONG field
FOCC-1B19,F6,BOXED,BOXED_REBAR,BLOCKED_UNQUANTIFIED,,,,,,,,,,,,,,,Q-R3-6,3+5,,BOXED '3+5': component exists (p.13 'Boxed bars.'); count / diameter / shape / length not stated anywhere (pre-S4 source exhaustion: UNRESOLVED)
FOCC-1B19,F6,STARTER_DOWEL_REFERENCE,STARTER,NOT_APPLICABLE,,,,,,,,,,,,,,,,,,column starters / dowels are owned by the column engine; no footing-side steel is assigned by the source
FOCC-1B1A,F14,BOTTOM_SHORT,FOOTING_BOTTOM_SHORT,LOWER_BOUND,14,BARS_PER_METRE,33,34,3300.0,70.0,70.0,3160.0,3.16,104.28,1.209877,126.165926,STRAIGHT_SOURCE_SUPPORTED,"[""EDGE_BAR_CONVENTION (count = ceil(rate x distribution); +1 edge bar not established)""]",,,,EDGE_BAR_CONVENTION (count = ceil(rate x distribution); +1 edge bar not established)
FOCC-1B1A,F14,BOTTOM_LONG,FOOTING_BOTTOM_LONG,LOWER_BOUND,14,BARS_PER_METRE,29,30,3800.0,70.0,70.0,3660.0,3.66,106.14,1.209877,128.416296,STRAIGHT_SOURCE_SUPPORTED,"[""EDGE_BAR_CONVENTION (count = ceil(rate x distribution); +1 edge bar not established)""]",,,,EDGE_BAR_CONVENTION (count = ceil(rate x distribution); +1 edge bar not established)
FOCC-1B1A,F14,TOP_SHORT,FOOTING_TOP_SHORT,LOWER_BOUND,14,BARS_PER_METRE,22,23,3300.0,70.0,70.0,3160.0,3.16,69.52,1.209877,84.110617,END_TREATMENT_NOT_ESTABLISHED,"[""EDGE_BAR_CONVENTION (count = ceil(rate x distribution); +1 edge bar not established)"", ""END_TREATMENT (straight core only; hook / bend / end leg not drawn or dimensioned)""]",,,,EDGE_BAR_CONVENTION (count = ceil(rate x distribution); +1 edge bar not established); END_TREATMENT (straight core only; hook / bend / end leg not drawn or dimensioned)
FOCC-1B1A,F14,TOP_LONG,FOOTING_TOP_LONG,LOWER_BOUND,14,BARS_PER_METRE,19,20,3800.0,70.0,70.0,3660.0,3.66,69.54,1.209877,84.134815,END_TREATMENT_NOT_ESTABLISHED,"[""EDGE_BAR_CONVENTION (count = ceil(rate x distribution); +1 edge bar not established)"", ""END_TREATMENT (straight core only; hook / bend / end leg not drawn or dimensioned)""]",,,,EDGE_BAR_CONVENTION (count = ceil(rate x distribution); +1 edge bar not established); END_TREATMENT (straight core only; hook / bend / end leg not drawn or dimensioned)
FOCC-1B1A,F14,BOXED,BOXED_REBAR,NOT_APPLICABLE,,,,,,,,,,,,,,,,,,the schedule carries no BOXED value for this footing type (two-layer row: the column holds layer labels)
FOCC-1B1A,F14,STARTER_DOWEL_REFERENCE,STARTER,NOT_APPLICABLE,,,,,,,,,,,,,,,,,,column starters / dowels are owned by the column engine; no footing-side steel is assigned by the source
FOCC-1B1B,F|F10,BOTTOM_SHORT,FOOTING_BOTTOM_SHORT,BLOCKED_UNQUANTIFIED,,,,,,,,,,,,,,,,,"[""F"", ""F10""]","occurrence SOURCE_CONFLICT: candidates ['F', 'F10'] - none is chosen"
FOCC-1B1B,F|F10,BOTTOM_LONG,FOOTING_BOTTOM_LONG,BLOCKED_UNQUANTIFIED,,,,,,,,,,,,,,,,,"[""F"", ""F10""]","occurrence SOURCE_CONFLICT: candidates ['F', 'F10'] - none is chosen"
FOCC-1B1B,F|F10,TOP_SHORT,FOOTING_TOP_SHORT,NOT_APPLICABLE,,,,,,,,,,,,,,,,,"[""F"", ""F10""]","no candidate definition ['F', 'F10'] has TOP_SHORT"
FOCC-1B1B,F|F10,TOP_LONG,FOOTING_TOP_LONG,NOT_APPLICABLE,,,,,,,,,,,,,,,,,"[""F"", ""F10""]","no candidate definition ['F', 'F10'] has TOP_LONG"
FOCC-1B1B,F|F10,BOXED,BOXED_REBAR,BLOCKED_UNQUANTIFIED,,,,,,,,,,,,,,,,,"[""F"", ""F10""]","occurrence SOURCE_CONFLICT: candidates ['F', 'F10'] - none is chosen"
FOCC-1B1B,F|F10,STARTER_DOWEL_REFERENCE,STARTER,NOT_APPLICABLE,,,,,,,,,,,,,,,,,,column starters / dowels are owned by the column engine; no footing-side steel is assigned by the source
FOCC-1B24,F8,BOTTOM_SHORT,FOOTING_BOTTOM_SHORT,LOWER_BOUND,14,BARS_PER_METRE,35,36,3600.0,70.0,70.0,3460.0,3.46,121.1,1.209877,146.516049,STRAIGHT_SOURCE_SUPPORTED,"[""EDGE_BAR_CONVENTION (count = ceil(rate x distribution); +1 edge bar not established)""]",,,,EDGE_BAR_CONVENTION (count = ceil(rate x distribution); +1 edge bar not established)
FOCC-1B24,F8,BOTTOM_LONG,FOOTING_BOTTOM_LONG,LOWER_BOUND,14,BARS_PER_METRE,32,33,4000.0,70.0,70.0,3860.0,3.86,123.52,1.209877,149.443951,STRAIGHT_SOURCE_SUPPORTED,"[""EDGE_BAR_CONVENTION (count = ceil(rate x distribution); +1 edge bar not established)""]",,,,EDGE_BAR_CONVENTION (count = ceil(rate x distribution); +1 edge bar not established)
FOCC-1B24,F8,TOP_SHORT,FOOTING_TOP_SHORT,LOWER_BOUND,14,BARS_PER_METRE,24,25,3600.0,70.0,70.0,3460.0,3.46,83.04,1.209877,100.468148,END_TREATMENT_NOT_ESTABLISHED,"[""EDGE_BAR_CONVENTION (count = ceil(rate x distribution); +1 edge bar not established)"", ""END_TREATMENT (straight core only; hook / bend / end leg not drawn or dimensioned)""]",,,,EDGE_BAR_CONVENTION (count = ceil(rate x distribution); +1 edge bar not established); END_TREATMENT (straight core only; hook / bend / end leg not drawn or dimensioned)
FOCC-1B24,F8,TOP_LONG,FOOTING_TOP_LONG,LOWER_BOUND,14,BARS_PER_METRE,21,22,4000.0,70.0,70.0,3860.0,3.86,81.06,1.209877,98.072593,END_TREATMENT_NOT_ESTABLISHED,"[""EDGE_BAR_CONVENTION (count = ceil(rate x distribution); +1 edge bar not established)"", ""END_TREATMENT (straight core only; hook / bend / end leg not drawn or dimensioned)""]",,,,EDGE_BAR_CONVENTION (count = ceil(rate x distribution); +1 edge bar not established); END_TREATMENT (straight core only; hook / bend / end leg not drawn or dimensioned)
FOCC-1B24,F8,BOXED,BOXED_REBAR,NOT_APPLICABLE,,,,,,,,,,,,,,,,,,the schedule carries no BOXED value for this footing type (two-layer row: the column holds layer labels)
FOCC-1B24,F8,STARTER_DOWEL_REFERENCE,STARTER,NOT_APPLICABLE,,,,,,,,,,,,,,,,,,column starters / dowels are owned by the column engine; no footing-side steel is assigned by the source
FOCC-1B2A,F15,BOTTOM_SHORT,FOOTING_BOTTOM_SHORT,VERIFIED,12,EXPLICIT_COUNT,15,15,1000.0,70.0,70.0,860.0,0.86,12.9,0.888889,11.466667,STRAIGHT_SOURCE_SUPPORTED,[],,,,
FOCC-1B2A,F15,BOTTOM_LONG,FOOTING_BOTTOM_LONG,VERIFIED,12,EXPLICIT_COUNT,8,8,1800.0,70.0,70.0,1660.0,1.66,13.28,0.888889,11.804444,STRAIGHT_SOURCE_SUPPORTED,[],,,,
FOCC-1B2A,F15,TOP_SHORT,FOOTING_TOP_SHORT,NOT_APPLICABLE,,,,,,,,,,,,,,,,,,SINGLE_LAYER footing: the schedule row has no TOP_SHORT field
FOCC-1B2A,F15,TOP_LONG,FOOTING_TOP_LONG,NOT_APPLICABLE,,,,,,,,,,,,,,,,,,SINGLE_LAYER footing: the schedule row has no TOP_LONG field
FOCC-1B2A,F15,BOXED,BOXED_REBAR,BLOCKED_UNQUANTIFIED,,,,,,,,,,,,,,,Q-R3-6,3+4,,BOXED '3+4': component exists (p.13 'Boxed bars.'); count / diameter / shape / length not stated anywhere (pre-S4 source exhaustion: UNRESOLVED)
FOCC-1B2A,F15,STARTER_DOWEL_REFERENCE,STARTER,NOT_APPLICABLE,,,,,,,,,,,,,,,,,,column starters / dowels are owned by the column engine; no footing-side steel is assigned by the source
FOCC-1B2B,FF,BOTTOM_SHORT,FOOTING_BOTTOM_SHORT,LOWER_BOUND,14,BARS_PER_METRE,41,42,4500.0,70.0,70.0,4360.0,4.36,178.76,1.209877,216.277531,STRAIGHT_SOURCE_SUPPORTED,"[""EDGE_BAR_CONVENTION (count = ceil(rate x distribution); +1 edge bar not established)""]",,,,EDGE_BAR_CONVENTION (count = ceil(rate x distribution); +1 edge bar not established)
FOCC-1B2B,FF,BOTTOM_LONG,FOOTING_BOTTOM_LONG,LOWER_BOUND,14,BARS_PER_METRE,40,41,4600.0,70.0,70.0,4460.0,4.46,178.4,1.209877,215.841975,STRAIGHT_SOURCE_SUPPORTED,"[""EDGE_BAR_CONVENTION (count = ceil(rate x distribution); +1 edge bar not established)""]",,,,EDGE_BAR_CONVENTION (count = ceil(rate x distribution); +1 edge bar not established)
FOCC-1B2B,FF,TOP_SHORT,FOOTING_TOP_SHORT,LOWER_BOUND,14,BARS_PER_METRE,27,28,4500.0,70.0,70.0,4360.0,4.36,117.72,1.209877,142.426667,END_TREATMENT_NOT_ESTABLISHED,"[""EDGE_BAR_CONVENTION (count = ceil(rate x distribution); +1 edge bar not established)"", ""END_TREATMENT (straight core only; hook / bend / end leg not drawn or dimensioned)""]",,,,EDGE_BAR_CONVENTION (count = ceil(rate x distribution); +1 edge bar not established); END_TREATMENT (straight core only; hook / bend / end leg not drawn or dimensioned)
FOCC-1B2B,FF,TOP_LONG,FOOTING_TOP_LONG,LOWER_BOUND,14,BARS_PER_METRE,27,28,4600.0,70.0,70.0,4460.0,4.46,120.42,1.209877,145.693333,END_TREATMENT_NOT_ESTABLISHED,"[""EDGE_BAR_CONVENTION (count = ceil(rate x distribution); +1 edge bar not established)"", ""END_TREATMENT (straight core only; hook / bend / end leg not drawn or dimensioned)""]",,,,EDGE_BAR_CONVENTION (count = ceil(rate x distribution); +1 edge bar not established); END_TREATMENT (straight core only; hook / bend / end leg not drawn or dimensioned)
FOCC-1B2B,FF,BOXED,BOXED_REBAR,NOT_APPLICABLE,,,,,,,,,,,,,,,,,,the schedule carries no BOXED value for this footing type (two-layer row: the column holds layer labels)
FOCC-1B2B,FF,STARTER_DOWEL_REFERENCE,STARTER,NOT_APPLICABLE,,,,,,,,,,,,,,,,,,column starters / dowels are owned by the column engine; no footing-side steel is assigned by the source
FOCC-1B2B,FF,OTHER_EXPLICIT_EXTRA,SPECIAL_DETAIL_BAR,BLOCKED_UNQUANTIFIED,,,,,,,,,,,,,,,S4-Q1,,,p.14 lift-footing detail: '2 Ø16' labels at the footing side / wall base - applicability (footing side bar or wall-base bar) and length not stated
