question_id,continues,question,occurrences_blocked_or_bounded,occurrences,answer
Q1,Q-L1,Concentrated load: does a ground beam ending on another ground beam mid-span (or a stair start / the '******' marks) count as a 'concentrated load' for the p.13 sections titled 'without concentrated load'? Not auto-classified as PRESENT; the interior detail stays blocked.,15,"[""GSO-109-7CB-1"", ""GSO-13E-7D6-1"", ""GSO-13F-7D3-1"", ""GSO-140-7D7-1"", ""GSO-15E-15F-1"", ""GSO-175-7DE-1"", ""GSO-176-7E6-1"", ""GSO-177-7CD-1"", ""GSO-17D-7E4-1"", ""GSO-17E-17F-1"", ""GSO-184-7CF-1"", ""GSO-184-7CF-3"", ""GSO-7DC-7DD-1"", ""GSO-7E1-7E2-1"", ""GSO-7E7-7E8-2""]",OPEN (not invented; known components are not held back while waiting)
Q2,Q-D1,Exterior ground-beam depth (FOLLOW ARCH.): the floor build-up is not printed (D <= 1.00 m main block); the annex +0.30 bound (D <= 0.30 m) cannot hold the drawn three-level section - SOURCE_CONFLICT. What is the depth?,22,"[""GSO-107-7CE-1"", ""GSO-109-7CB-2"", ""GSO-10A-7C9-1"", ""GSO-10B-7D1-2"", ""GSO-114-115-7DF-2"", ""GSO-136-7D5-1"", ""GSO-137-138-1"", ""GSO-13D-7D2-1"", ""GSO-170-7C3-1"", ""GSO-170-7C3-2"", ""GSO-170-7C3-3"", ""GSO-185-7C7-1"", ""GSO-7D0-FC-1"", ""GSO-7D0-FC-2"", ""GSO-7D0-FC-3"", ""GSO-7D0-FC-4"", ""GSO-7D4-F8-1"", ""GSO-7D4-F8-2"", ""GSO-7E0-FD-1"", ""GSO-7E0-FD-2"", ""GSO-A-139-13A-1"", ""GSO-A-157-158-1""]",OPEN (not invented; known components are not held back while waiting)
Q3,Q-B1,"Length basis of the p.13 titles (clear span between support faces, or centreline)?",3,"[""GSO-10B-7D1-1"", ""GSO-145-7CA-2"", ""GSO-1811-1812-1""]",OPEN (not invented; known components are not held back while waiting)
Q3B,Q-G1,"Bar run where the drawn band and the support faces disagree (narrow column, oblique / arc-trimmed ends): measure to the support face plane and correct the concrete piece?",6,"[""GSO-136-7D5-1"", ""GSO-177-7CD-2"", ""GSO-180-181-1"", ""GSO-182-183-1"", ""GSO-7E0-FD-1"", ""GSO-A-157-158-1""]",OPEN (not invented; known components are not held back while waiting)
Q4,Q-N1,"Below 2.5 m both 'Less than 2.5m' and 'Less than 5m' hold: which governs, and what link (size, spacing) has the 2.5 m section? (No stirrup is inherited from the 5 m section.)",16,"[""GSO-10B-7D1-1"", ""GSO-13C-7D9-1"", ""GSO-141-7DA-1"", ""GSO-142-7D8-1"", ""GSO-145-7CA-1"", ""GSO-145-7CA-2"", ""GSO-15C-7CC-1"", ""GSO-15D-7C8-1"", ""GSO-16F-7FF-1"", ""GSO-177-7CD-2"", ""GSO-17B-7E5-1"", ""GSO-17C-7E3-1"", ""GSO-180-181-1"", ""GSO-180D-180E-1"", ""GSO-1811-1812-1"", ""GSO-182-183-1""]",OPEN (not invented; known components are not held back while waiting)
Q5,Q-S2,SB2 governing schedule row: 80x50 (10Ø18 / 10Ø18) or 100x50 (20Ø18 / 10Ø16)? The drawn 987 mm width does not choose.,1,"[""SOCC-1B08-1B09""]",OPEN (not invented; known components are not held back while waiting)
Q6,Q-T1,"Link geometry: legs / topology, hook angle and extension of ground-beam and strap links.",31,"[""GSO-107-7CE-1"", ""GSO-109-7CB-2"", ""GSO-10A-7C9-1"", ""GSO-10B-7D1-2"", ""GSO-114-115-7DF-1"", ""GSO-114-115-7DF-2"", ""GSO-136-7D5-1"", ""GSO-137-138-1"", ""GSO-13D-7D2-1"", ""GSO-170-7C3-1"", ""GSO-170-7C3-2"", ""GSO-170-7C3-3"", ""GSO-178-7DB-1"", ""GSO-184-7CF-2"", ""GSO-185-7C7-1"", ""GSO-7D0-FC-1"", ""GSO-7D0-FC-2"", ""GSO-7D0-FC-3"", ""GSO-7D0-FC-4"", ""GSO-7D4-F8-1"", ""GSO-7D4-F8-2"", ""GSO-7DC-7DD-2"", ""GSO-7E0-FD-1"", ""GSO-7E0-FD-2"", ""GSO-7E7-7E8-1"", ""GSO-7E9-7EA-1"", ""GSO-A-139-13A-1"", ""GSO-A-157-158-1"", ""SOCC-1689-1B1C"", ""SOCC-1B08-1B09"", ""SOCC-1B26-1B27""]",OPEN (not invented; known components are not held back while waiting)
Q7,Q-A1,"Development / anchorage of ground-beam bars into columns, beams and footings and of strap bars into footings (the p.8 70Ø / 40Ø note is for starters only; a code value needs the project's code).",62,"[""GSO-107-7CE-1"", ""GSO-109-7CB-1"", ""GSO-109-7CB-2"", ""GSO-10A-7C9-1"", ""GSO-10B-7D1-1"", ""GSO-10B-7D1-2"", ""GSO-114-115-7DF-1"", ""GSO-114-115-7DF-2"", ""GSO-136-7D5-1"", ""GSO-137-138-1"", ""GSO-13C-7D9-1"", ""GSO-13D-7D2-1"", ""GSO-13E-7D6-1"", ""GSO-13F-7D3-1"", ""GSO-140-7D7-1"", ""GSO-141-7DA-1"", ""GSO-142-7D8-1"", ""GSO-145-7CA-1"", ""GSO-145-7CA-2"", ""GSO-15C-7CC-1"", ""GSO-15D-7C8-1"", ""GSO-15E-15F-1"", ""GSO-16F-7FF-1"", ""GSO-170-7C3-1"", ""GSO-170-7C3-2"", ""GSO-170-7C3-3"", ""GSO-175-7DE-1"", ""GSO-176-7E6-1"", ""GSO-177-7CD-1"", ""GSO-177-7CD-2"", ""GSO-178-7DB-1"", ""GSO-17B-7E5-1"", ""GSO-17C-7E3-1"", ""GSO-17D-7E4-1"", ""GSO-17E-17F-1"", ""GSO-180-181-1"", ""GSO-180D-180E-1"", ""GSO-1811-1812-1"", ""GSO-182-183-1"", ""GSO-184-7CF-1"", ""GSO-184-7CF-2"", ""GSO-184-7CF-3"", ""GSO-185-7C7-1"", ""GSO-7D0-FC-1"", ""GSO-7D0-FC-2"", ""GSO-7D0-FC-3"", ""GSO-7D0-FC-4"", ""GSO-7D4-F8-1"", ""GSO-7D4-F8-2"", ""GSO-7DC-7DD-1"", ""GSO-7DC-7DD-2"", ""GSO-7E0-FD-1"", ""GSO-7E0-FD-2"", ""GSO-7E1-7E2-1"", ""GSO-7E7-7E8-1"", ""GSO-7E7-7E8-2"", ""GSO-7E9-7EA-1"", ""GSO-A-139-13A-1"", ""GSO-A-157-158-1"", ""SOCC-1689-1B1C"", ""SOCC-1B08-1B09"", ""SOCC-1B26-1B27""]",OPEN (not invented; known components are not held back while waiting)
Q8,Q-E1,Partly exterior / mixed spans and slab-edge beams with no wall: which section applies?,8,"[""GSO-109-7CB-1"", ""GSO-10B-7D1-1"", ""GSO-114-115-7DF-1"", ""GSO-145-7CA-1"", ""GSO-145-7CA-2"", ""GSO-178-7DB-1"", ""GSO-180D-180E-1"", ""GSO-1811-1812-1""]",OPEN (not invented; known components are not held back while waiting)
Q9,Q-X1,"Meaning of the two '******' marks on the GBP sheet (S-TEXT, 300 mm, no legend).",3,"[""GSO-109-7CB-1"", ""GSO-17D-7E4-1"", ""GSO-7E1-7E2-1""]",OPEN (not invented; known components are not held back while waiting)
Q10,Q-F1,"1811-1812 east end on the plot-boundary line, no column or footing: what supports it?",1,"[""GSO-1811-1812-1""]",OPEN (not invented; known components are not held back while waiting)
