PART_ID,LANE,KIND,AREA_M2,REPRESENTATIVE_POINT,BBOX_MM,POLYGON_MM,HOLES,BOUNDARY_SOURCES,EVIDENCE,LEVEL_MARKS,ARCH_GF_LABELS,OWNER,STATE,PARENT_FACE
S8.1A-RG-01,GROUND_SLAB_CANDIDATE,CELL_BETWEEN_MEMBERS,11.92367212,"[22397.904, 14174.356]","[20887.904, 12184.15, 23907.904, 16461.856]","[[20887.904, 12184.15], [23907.904, 12184.15], [23907.904, 12636.856], [23907.904, 12936.856], [23907.904, 16461.856], [21787.904, 16461.856], [21787.904, 16411.856], [21837.904, 16411.856], [21837.904, 15411.856], [21787.904, 15411.856], [21587.904, 15411.856], [20887.904, 15411.856]]",0,"[""1|177"", ""1|17C"", ""1|7DC"", ""1|7E2"", ""S-BW|7C2"", ""S-COL.BON|1EC"", ""S-COL.BON|7F5""]","{""treads"": []}",[],[],SPC-GROUND_SLAB,BLOCKED_NO_SOURCE_THICKNESS_OR_MESH,RB-b5bf2906b114b4a7
S8.1A-RG-02,STAIR_OR_SPECIAL_STRUCTURE,STAIR_FLIGHT_ZONE,11.52,"[18387.904, 18961.856]","[17187.904, 15711.856, 19587.904, 20511.856]","[[17187.904, 15711.856], [19587.904, 15711.856], [19587.904, 15911.856], [19587.904, 17111.856], [19587.904, 17611.856], [19587.904, 20311.856], [19587.904, 20511.856], [17187.904, 20511.856], [17187.904, 20311.856], [17187.904, 17611.856], [17187.904, 17111.856]]",0,"[""1|15F"", ""1|7C3"", ""1|7CB"", ""1|7CC"", ""S-BW|7C2"", ""S-COL.BON|1DC"", ""S-COL.BON|1E0"", ""S-COL.BON|1F2"", ""S-COL.BON|1F5"", ""S-COL.BON|234""]","{""treads"": [""10D"", ""10E"", ""10F"", ""110"", ""111"", ""112"", ""113"", ""171"", ""1C4"", ""1C5"", ""1C6"", ""1C7"", ""1D3""]}","[[""+0.30"", ""1C9""], [""+1.00"", ""1C2""]]",[],S8 STAIR (new element candidate: not in the PRE-S8 census),EXCLUDED_STAIR_ZONE (stair family),RB-b5bf2906b114b4a7
S8.1A-RG-03,GROUND_SLAB_CANDIDATE,CELL_BETWEEN_MEMBERS,10.9742004,"[18887.904, 14061.856]","[17187.904, 12184.15, 20587.904, 15411.856]","[[17187.904, 12184.15], [20587.904, 12184.15], [20587.904, 15411.856], [19787.904, 15411.856], [19587.904, 15411.856], [17187.904, 15411.856], [17187.904, 12711.856]]",0,"[""1|15C"", ""1|7CB"", ""1|7E2"", ""1|7E3"", ""S-BW|7C2"", ""S-COL.BON|1F2"", ""S-COL.BON|228""]","{""treads"": []}","[[""+1.00"", ""1BE""]]",[],SPC-GROUND_SLAB,BLOCKED_NO_SOURCE_THICKNESS_OR_MESH,RB-b5bf2906b114b4a7
S8.1A-RG-04,LIFT_PIT_OPENING,PIT_OPENING,3.24,"[20687.904, 16761.856]","[19787.904, 15611.856, 21587.904, 17411.856]","[[19787.904, 15611.856], [21587.904, 15611.856], [21587.904, 16411.856], [21587.904, 17111.856], [21587.904, 17411.856], [19787.904, 17411.856], [19787.904, 17111.856], [19787.904, 15911.856]]",0,"[""S-BW|7BE"", ""S-COL.BON|1EC"", ""S-COL.BON|1EF"", ""S-COL.BON|1F2"", ""S-COL.BON|1F5""]","{""evidence_id"": ""7BE (island of hatch 7BD)"", ""share"": 0.9999995746725903}",[],[],SPC-LIFT_PIT,EXCLUDED_LIFT_PIT_OPENING (owned by the lift-pit system),RB-b5bf2906b114b4a7
S8.1A-RG-05,GROUND_SLAB_CANDIDATE,CELL_BETWEEN_MEMBERS,2.721161,"[23212.904, 18194.046]","[21787.904, 16761.856, 23687.904, 19144.046]","[[21787.904, 16761.856], [23687.904, 16761.856], [23687.904, 19144.046], [21787.904, 17244.046], [21787.904, 17111.856]]",0,"[""1|17F"", ""1|7CD"", ""1|7E6"", ""S-BW|7C2"", ""S-COL.BON|1EF""]","{""treads"": []}",[],"[""مغسلة""]",SPC-GROUND_SLAB,BLOCKED_NO_SOURCE_THICKNESS_OR_MESH,RB-b5bf2906b114b4a7
S8.1A-RG-06,GROUND_SLAB_CANDIDATE,CELL_BETWEEN_MEMBERS,2.253381408246,"[21816.756, 19591.424]","[21437.904, 17611.856, 22953.314, 20349.128]","[[21437.904, 17611.856], [21587.904, 17611.856], [21731.451, 17611.856], [22953.314, 18833.719], [21437.904, 20349.128]]",0,"[""1|182"", ""1|7C8"", ""S-BW|7C2"", ""S-COL.BON|1EF""]","{""treads"": []}",[],"[""مرحاض""]",SPC-GROUND_SLAB,BLOCKED_NO_SOURCE_THICKNESS_OR_MESH,RB-b5bf2906b114b4a7
S8.1A-RG-07,STRUCTURAL_BEAM_OR_WALL,BEAM,1.506,"[24297.904, 16611.856]","[21787.904, 16461.856, 26807.904, 16761.856]","[[21787.904, 16461.856], [23907.904, 16461.856], [24207.904, 16461.856], [26807.904, 16461.856], [26807.904, 16761.856], [26387.904, 16761.856], [26087.904, 16761.856], [23987.904, 16761.856], [23687.904, 16761.856], [21787.904, 16761.856]]",0,"[""1|177"", ""1|7CD"", ""S-BW|7C2"", ""S-COL.BON|245""]","{""evidence_id"": ""177+7CD"", ""s1_beam_line"": ""BL033"", ""s1_beam_occurrences"": [""BM-GROUND_BEAMS-GB-BL033-21788"", ""BM-GROUND_BEAMS-GB-BL033-27308""], ""share"": 1.0}",[],[],S5 GROUND_BEAM line BL033 (2 S1 occurrences),EXCLUDED_STRUCTURAL (ground-beam band),RB-b5bf2906b114b4a7
S8.1A-RG-08,GROUND_SLAB_CANDIDATE,CELL_BETWEEN_MEMBERS,1.1875,"[20512.904, 18086.856]","[19887.904, 17611.856, 21137.904, 18561.856]","[[19887.904, 17611.856], [21137.904, 17611.856], [21137.904, 18561.856], [19887.904, 18561.856]]",0,"[""1|15D"", ""1|15E"", ""1|7FF"", ""S-BW|7C2""]","{""treads"": []}",[],[],SPC-GROUND_SLAB,BLOCKED_NO_SOURCE_THICKNESS_OR_MESH,RB-b5bf2906b114b4a7
S8.1A-RG-09,STRUCTURAL_BEAM_OR_WALL,BEAM,0.9683118,"[20737.904, 13798.003]","[20587.904, 12184.15, 20887.904, 15411.856]","[[20587.904, 12184.15], [20887.904, 12184.15], [20887.904, 15411.856], [20587.904, 15411.856]]",0,"[""1|17C"", ""1|7E2"", ""1|7E3"", ""S-BW|7C2""]","{""evidence_id"": ""17C+7E3"", ""s1_beam_line"": ""BL010"", ""s1_beam_occurrences"": [""BM-GROUND_BEAMS-GB-BL010-7462"", ""BM-GROUND_BEAMS-GB-BL010-12053""], ""share"": 1.0}",[],[],S5 GROUND_BEAM line BL010 (2 S1 occurrences),EXCLUDED_STRUCTURAL (ground-beam band),RB-b5bf2906b114b4a7
S8.1A-RG-10,STRUCTURAL_BEAM_OR_WALL,BEAM,0.87,"[21287.904, 19605.492]","[21137.904, 17611.856, 21437.904, 20511.856]","[[21137.904, 17611.856], [21437.904, 17611.856], [21437.904, 20349.128], [21437.904, 20511.856], [21137.904, 20511.856], [21137.904, 18861.856], [21137.904, 18561.856]]",0,"[""1|15D"", ""1|7C3"", ""1|7C8"", ""S-BW|7C2""]","{""evidence_id"": ""15D+7C8"", ""s1_beam_line"": ""BL029"", ""s1_beam_occurrences"": [""BM-GROUND_BEAMS-GB-BL029-17612""], ""share"": 1.0}",[],[],S5 GROUND_BEAM line BL029 (1 S1 occurrences),EXCLUDED_STRUCTURAL (ground-beam band),RB-b5bf2906b114b4a7
S8.1A-RG-11,STRUCTURAL_BEAM_OR_WALL,BEAM,0.81,"[19737.904, 19586.856]","[19587.904, 17611.856, 19887.904, 20311.856]","[[19587.904, 17611.856], [19787.904, 17611.856], [19887.904, 17611.856], [19887.904, 18561.856], [19887.904, 18861.856], [19887.904, 20311.856], [19587.904, 20311.856]]",0,"[""1|15E"", ""1|15F"", ""S-BW|7C2"", ""S-COL.BON|1E0"", ""S-COL.BON|1F5""]","{""evidence_id"": ""15E+15F"", ""s1_beam_line"": ""BL030"", ""s1_beam_occurrences"": [""BM-GROUND_BEAMS-GB-BL030-17362""], ""share"": 1.0}",[],[],S5 GROUND_BEAM line BL030 (1 S1 occurrences),EXCLUDED_STRUCTURAL (ground-beam band),RB-b5bf2906b114b4a7
S8.1A-RG-12,STRUCTURAL_BEAM_OR_WALL,WALL,0.36,"[20687.904, 15511.856]","[19787.904, 15411.856, 21587.904, 15611.856]","[[19787.904, 15411.856], [20587.904, 15411.856], [20887.904, 15411.856], [21587.904, 15411.856], [21587.904, 15611.856], [19787.904, 15611.856]]",0,"[""S-BW|7BE"", ""S-BW|7C2"", ""S-COL.BON|1EC"", ""S-COL.BON|1F2""]","{""evidence_id"": ""7BD"", ""share"": 0.9999980036576016}",[],[],PS8-LIFT-WALLS,EXCLUDED_STRUCTURAL (pit wall),RB-b5bf2906b114b4a7
S8.1A-RG-13,STRUCTURAL_BEAM_OR_WALL,WALL,0.36,"[20687.904, 17511.856]","[19787.904, 17411.856, 21587.904, 17611.856]","[[19787.904, 17411.856], [21587.904, 17411.856], [21587.904, 17611.856], [21437.904, 17611.856], [21137.904, 17611.856], [19887.904, 17611.856], [19787.904, 17611.856]]",0,"[""S-BW|7BE"", ""S-BW|7C2"", ""S-COL.BON|1EF"", ""S-COL.BON|1F5""]","{""evidence_id"": ""7BD"", ""share"": 0.9999980036580444}",[],[],PS8-LIFT-WALLS,EXCLUDED_STRUCTURAL (pit wall),RB-b5bf2906b114b4a7
S8.1A-RG-14,STRUCTURAL_BEAM_OR_WALL,WALL,0.24,"[19687.904, 16511.856]","[19587.904, 15911.856, 19787.904, 17111.856]","[[19587.904, 15911.856], [19787.904, 15911.856], [19787.904, 17111.856], [19587.904, 17111.856]]",0,"[""S-BW|7BE"", ""S-BW|7C2"", ""S-COL.BON|1F2"", ""S-COL.BON|1F5""]","{""evidence_id"": ""7BD"", ""share"": 0.9999981683953411}",[],[],PS8-LIFT-WALLS,EXCLUDED_STRUCTURAL (pit wall),RB-b5bf2906b114b4a7
S8.1A-RG-15,STRUCTURAL_BEAM_OR_WALL,WALL,0.14,"[21687.904, 16936.856]","[21587.904, 16411.856, 21787.904, 17111.856]","[[21587.904, 16411.856], [21787.904, 16411.856], [21787.904, 16461.856], [21787.904, 16761.856], [21787.904, 17111.856], [21587.904, 17111.856]]",0,"[""S-BW|7BE"", ""S-BW|7C2"", ""S-COL.BON|1EC"", ""S-COL.BON|1EF""]","{""evidence_id"": ""7BD"", ""share"": 0.9999981683955594}",[],[],PS8-LIFT-WALLS,EXCLUDED_STRUCTURAL (pit wall),RB-b5bf2906b114b4a7
S8.1A-RG-16,CLASSIFICATION_BLOCKED,SLIVER,0.000000381545,"[22342.382, 18222.787]","[21731.451, 17611.856, 22953.314, 18833.719]","[[21731.451, 17611.856], [22953.314, 18833.719], [22953.314, 18833.719]]",0,"[""1|17E""]","{""area_mm2"": 0.38154476693314043}",[],[],UNOWNED,CLASSIFICATION_BLOCKED (SLIVER),RB-b5bf2906b114b4a7
