ITEM,TOPIC,SOURCE,EVIDENCE,FINDING,STATUS
C-01,COVER_RULE,P8-N22 (ST7757.pdf p.8),22. يجب أن لا يقل سمك الغطاء الخرساني عن 2.5 سم في الأعمدة والبلاطات والجسور وعن 7سم في الخرسانة الملاصقة للتربة.,Cover >= 2.5 cm columns / slabs / beams; >= 7 cm in contact with soil. The rule ties 70 mm to contact with soil and names no blinding or membrane case.,RULE_EXACT
C-02,GROUND_SLAB_DETAIL,DET sheet titles; PDF detail pages per S1 rules,"[""%%uDETAIL OF DOME"", ""%%uDETAIL OF SWIMMING POOL.""]","no section or detail of the ground slab exists: the details are the pool and the dome; pages 13-16 hold footings, ground beams, lintels, lift pit, parapets, slab-on-beams, stairs",NO_DETAIL
C-03,BUILD_UP_TEXTS,DET S-TEXT.D,"{""pool_detail_text_bbox"": [105, 9147, 29023, 26129], ""pool_detail_title"": ""%%uDETAIL OF SWIMMING POOL."", ""texts"": [""10cm PLAIN CONCRETE."", ""5cm INSULATION MEMBRANE."", ""5cm SECREED.""]}","screed / insulation membrane / plain concrete are inside the swimming-pool detail: the pool's build-up, not the ground slab's",NOT_APPLICABLE_TO_GROUND_SLAB
C-04,PLAIN_CONCRETE_NOTE,P8-N16,16. تنفذ الخرسانة العادية بنسبة 1:3:6 خلط جاهز .,a plain-concrete mix with no location: it does not place a blinding under the ground slab,NO_LOCATION
C-05,SOIL_CONTACT_NOTE,P8-N13,13. ... استخدام أسمنت مقاوم للاملاح والكبريتات للخرسانات ... الملاصقة للتربة ...,sulphate-resisting cement for concrete in contact with soil: a material rule; it does not say whether the ground slab is cast against soil,GENERAL
C-06,LEVELS_AND_BEAMS,"P9-SOIL, P13-GB-EXT, GBP level marks","{""P13-GB-EXT"": ""Ground beams under exterior walls (outer normal ground level to GF slab level)."", ""P9-SOIL"": ""Excavation >= 1.5 m below existing plot level; design soil stress 2.20 kg/cm2; foundations designed for GF + 1F + 2F; groundwater at 4.5 m depth."", ""levels"": ""street ±0.00; ground-floor cells +0.30 and +1.00""}","the slab sits between ground beams that rise to the ground-floor level, above the excavation: what lies directly under it (soil, compacted fill, blinding, membrane) is not drawn or specified",UNDERLAY_NOT_DRAWN
C-07,CONTACT_CONDITION,C-01 .. C-06,"[""CAST_DIRECTLY_AGAINST_SOIL"", ""CAST_ON_BLINDING"", ""CAST_ON_MEMBRANE_OR_SEPARATION"", ""OTHER_PROJECT_SUPPORTED_INTERFACE""]",no source supports any of the four interfaces,CONTACT_CONDITION_UNRESOLVED
C-08,E.W. VERSUS T&B,TT1 '5Ø10/m E.W.',E.W. = each way: one bar family in each plan direction,"one mesh of two crossing directions; the crossing bars stack once (Ø10 + Ø10 = 20 mm). Nothing states top and bottom mats, so no second mat is assumed",ONE_MESH
C-09,GEOMETRIC_FIT,"100 mm slab, F1 CAST_DIRECTLY_AGAINST_SOIL (70 bottom, 25 top)","{""available_mm"": 100.0, ""fits"": false, ""margin_mm"": -15.0, ""required_mm"": 115.0}",does not fit by 15 mm,CONDITIONAL_DIMENSIONAL_CONFLICT
C-10,GEOMETRIC_FIT,"100 mm slab, F2 NO_SOIL_CONTACT (25 bottom, 25 top)","{""available_mm"": 100.0, ""fits"": true, ""margin_mm"": 30.0, ""required_mm"": 70.0}",fits with 30 mm spare,FITS_IF_CONDITION_HOLDS
C-11,GEOMETRIC_FIT,"100 mm slab, F3 CAST_ON_BLINDING / MEMBRANE (bottom cover not stated)","{""available_mm"": 100.0, ""fits"": null, ""margin_mm"": null, ""required_mm"": null}",no verdict: the governing bottom cover is not stated,NO_VERDICT
C-12,GEOMETRIC_FIT,"100 mm slab, F4 reference only: T&B two meshes, 25 / 25 (not drawn)","{""available_mm"": 100.0, ""fits"": true, ""margin_mm"": 10.0, ""required_mm"": 90.0}",fits with 10 mm spare,REFERENCE_ONLY
C-13,GEOMETRIC_FIT,"100 mm slab, F5 reference only: T&B two meshes, 70 / 25 (not drawn)","{""available_mm"": 100.0, ""fits"": false, ""margin_mm"": -35.0, ""required_mm"": 135.0}",does not fit by 35 mm,REFERENCE_ONLY
C-14,VERDICT,C-01 .. C-13,"{""contact"": ""CONTACT_CONDITION_UNRESOLVED"", ""no_soil_case"": ""25 + 10 + 10 + 25 = 70 mm <= 100 mm"", ""soil_contact_case"": ""70 + 10 + 10 + 25 = 115 mm > 100 mm""}","a dimensional conflict exists only if the slab is cast directly against soil, which no source establishes; no bar level is invented and no quantity changes",COVER_APPLICABILITY_UNRESOLVED
