REFERENCE,CLASS,KG_REFERENCE_MINUS_S7,BASIS
CHRISTIANNP,SCOPE,-3802.015365,christiannp prices no slab steel (every slab callout left unbound)
FREELANCER,GEOMETRY,28.468964,"freelancer net slab volume (excl. the tank) vs the S7 panel volume, at the lump's implied ratio"
FREELANCER,REFERENCE_ASSUMPTION,1352.585481,"a lump at ~90 kg/m3 against a restricted bar QTO; it also carries what S7 excludes and does not quantify (temperature steel, anchorage / end cover, transitions / laps, sunken extras, edges, oblique ends, conflicts) - not separable"
FREELANCER,SPECIAL_STRUCTURE_EXCLUDED,216.930191,"the 2F T18 slab row (water tank, S8 in S7) at the lump's implied ratio"
OLD_URBAN_R3,ANCHORAGE_EXCLUDED,239.950842,R4 bar = clear span + measured embedment at both supports; S7 stops at the faces and blocks the anchorage / end cover
OLD_URBAN_R3,COUNT_CONVENTION,16.12694,"R4 bars = ceil(rate x w) / binder floor(w/s)+1; S7 = rate x 0.5 x W, unrounded"
OLD_URBAN_R3,CURTAILMENT,502.592508,R4 STOP50 stops 0.125 L at both ends (worst case) and adds a provisional extension where continuity is unclassified; S7 applies 0.125 L per end class and blocks the unresolved stop zones
OLD_URBAN_R3,GEOMETRY,29.290406,"distribution width / run per callout: R4 one drawn bar per callout, S7 the whole panel in local strips"
OLD_URBAN_R3,REFERENCE_ASSUMPTION,367.724043,"R4 quantifies callouts S7 holds as source conflicts or count-only (the GF-22 two callouts 526 / 533, the 552 / 5B9 / 750 count notation, 79F, 7A2, the 3Ø16/Top graphic length, the corner bars) and a reference-only label (77D); for R3 / V3b it also holds the reference's own revision to R4"
OLD_URBAN_R3,SPECIAL_STRUCTURE_EXCLUDED,1721.284743,"R4 quantifies callouts S7 transfers to S8 or excludes (water-tank T&B, the GF-21 light-well 8Ø16/m face, dome / stair zones)"
OLD_URBAN_R3,TOP_SUPPORT_RULE,-1463.678669,"S7 quantifies plan note 2 (5Ø10/m, 1/3 span each side, from the face); R4 has no note-2 top steel"
OLD_URBAN_R4,ANCHORAGE_EXCLUDED,239.950842,R4 bar = clear span + measured embedment at both supports; S7 stops at the faces and blocks the anchorage / end cover
OLD_URBAN_R4,COUNT_CONVENTION,16.12694,"R4 bars = ceil(rate x w) / binder floor(w/s)+1; S7 = rate x 0.5 x W, unrounded"
OLD_URBAN_R4,CURTAILMENT,502.592508,R4 STOP50 stops 0.125 L at both ends (worst case) and adds a provisional extension where continuity is unclassified; S7 applies 0.125 L per end class and blocks the unresolved stop zones
OLD_URBAN_R4,GEOMETRY,29.290406,"distribution width / run per callout: R4 one drawn bar per callout, S7 the whole panel in local strips"
OLD_URBAN_R4,REFERENCE_ASSUMPTION,356.150944,"R4 quantifies callouts S7 holds as source conflicts or count-only (the GF-22 two callouts 526 / 533, the 552 / 5B9 / 750 count notation, 79F, 7A2, the 3Ø16/Top graphic length, the corner bars) and a reference-only label (77D); for R3 / V3b it also holds the reference's own revision to R4"
OLD_URBAN_R4,SPECIAL_STRUCTURE_EXCLUDED,1721.284743,"R4 quantifies callouts S7 transfers to S8 or excludes (water-tank T&B, the GF-21 light-well 8Ø16/m face, dome / stair zones)"
OLD_URBAN_R4,TOP_SUPPORT_RULE,-1463.678669,"S7 quantifies plan note 2 (5Ø10/m, 1/3 span each side, from the face); R4 has no note-2 top steel"
OLD_URBAN_V3B,ANCHORAGE_EXCLUDED,239.950842,R4 bar = clear span + measured embedment at both supports; S7 stops at the faces and blocks the anchorage / end cover
OLD_URBAN_V3B,COUNT_CONVENTION,16.12694,"R4 bars = ceil(rate x w) / binder floor(w/s)+1; S7 = rate x 0.5 x W, unrounded"
OLD_URBAN_V3B,CURTAILMENT,502.592508,R4 STOP50 stops 0.125 L at both ends (worst case) and adds a provisional extension where continuity is unclassified; S7 applies 0.125 L per end class and blocks the unresolved stop zones
OLD_URBAN_V3B,GEOMETRY,29.290406,"distribution width / run per callout: R4 one drawn bar per callout, S7 the whole panel in local strips"
OLD_URBAN_V3B,REFERENCE_ASSUMPTION,145.244866,"R4 quantifies callouts S7 holds as source conflicts or count-only (the GF-22 two callouts 526 / 533, the 552 / 5B9 / 750 count notation, 79F, 7A2, the 3Ø16/Top graphic length, the corner bars) and a reference-only label (77D); for R3 / V3b it also holds the reference's own revision to R4"
OLD_URBAN_V3B,SPECIAL_STRUCTURE_EXCLUDED,1721.284743,"R4 quantifies callouts S7 transfers to S8 or excludes (water-tank T&B, the GF-21 light-well 8Ø16/m face, dome / stair zones)"
OLD_URBAN_V3B,TOP_SUPPORT_RULE,-1463.678669,"S7 quantifies plan note 2 (5Ø10/m, 1/3 span each side, from the face); R4 has no note-2 top steel"
ROUGH_90,REFERENCE_ASSUMPTION,1336.898312,SANITY_CHECK_ONLY heuristic (calibrated on the freelancer convention) against a restricted lower-bound QTO; never promoted
