AUDIT_ID,OCCURRENCE_ID,MARK,LAYERING,COMPONENT,S4_1_DELTA_ID,FOOTING_DIMENSION_MM,DISTRIBUTION_DIMENSION_MM,RUN_DIRECTION,DIAMETER_MM,COUNT_MODE,COUNT_OR_RATE,COUNT_USED,COUNT_WITH_EDGE_BARS,CURRENT_COVER,CURRENT_LENGTH_MM,SOURCE_FOR_COVER,COVER_AUTHORITY,ORIGINAL_STATE,A_STRAIGHT_SEGMENT_STATE,A_STRAIGHT_SEGMENT_DIRECTION,B_COUNT_DIRECTION,B_COUNT_NOTE,C_END_PORTIONS_STATE,C_END_PORTIONS,NEW_LENGTH_STATE,MASS_DIRECTION,MASS_STATE,KG_AT_MIN_COVER,AS_BUILT_KG_STATE,NOTES
D1.2-A001,FOCC-10F0,FN,SINGLE_LAYER,BOTTOM_LONG,S4.1-D0001,1000.0,1000.0,L,12,EXPLICIT_COUNT,8,8,,70 / 70 mm,860.0,ST7757.pdf p.8 note 22 (raster): 'shall not be less than ... 7 cm in concrete in contact with the soil'; R4 COVER_AGAINST_SOIL_70MM scope 'minimum cover',MINIMUM_PROJECT_COVER_70,LOWER_BOUND,SOURCE_MAXIMUM_STRAIGHT_RUN,UPPER,EXACT,printed count 8 (cover-independent),BLOCKED_UNQUANTIFIED,U-bar legs / 45° hooks / bends SHAPE_FOUND_LENGTH_BLOCKED,SOURCE_MAXIMUM_STRAIGHT_RUN,NONE,PROJECT_BASIS_NUMERIC,6.115556,NOT_ESTABLISHED,"straight run at the 70 mm minimum is the maximum the source allows (actual <= value); count is printed; the legs / hooks / end treatment can only add length and stay unquantified, so the kg is a project-drawing number at minimum cover, not a lower or an upper bound of the as-built bar"
D1.2-A002,FOCC-10F0,FN,SINGLE_LAYER,BOTTOM_SHORT,S4.1-D0008,1000.0,1000.0,W,12,EXPLICIT_COUNT,8,8,,70 / 70 mm,860.0,ST7757.pdf p.8 note 22 (raster): 'shall not be less than ... 7 cm in concrete in contact with the soil'; R4 COVER_AGAINST_SOIL_70MM scope 'minimum cover',MINIMUM_PROJECT_COVER_70,LOWER_BOUND,SOURCE_MAXIMUM_STRAIGHT_RUN,UPPER,EXACT,printed count 8 (cover-independent),BLOCKED_UNQUANTIFIED,END_TREATMENT_NOT_ESTABLISHED,SOURCE_MAXIMUM_STRAIGHT_RUN,NONE,PROJECT_BASIS_NUMERIC,6.115556,NOT_ESTABLISHED,"straight run at the 70 mm minimum is the maximum the source allows (actual <= value); count is printed; the legs / hooks / end treatment can only add length and stay unquantified, so the kg is a project-drawing number at minimum cover, not a lower or an upper bound of the as-built bar"
D1.2-A003,FOCC-10F8,FN,SINGLE_LAYER,BOTTOM_LONG,S4.1-D0015,1000.0,1000.0,L,12,EXPLICIT_COUNT,8,8,,70 / 70 mm,860.0,ST7757.pdf p.8 note 22 (raster): 'shall not be less than ... 7 cm in concrete in contact with the soil'; R4 COVER_AGAINST_SOIL_70MM scope 'minimum cover',MINIMUM_PROJECT_COVER_70,LOWER_BOUND,SOURCE_MAXIMUM_STRAIGHT_RUN,UPPER,EXACT,printed count 8 (cover-independent),BLOCKED_UNQUANTIFIED,U-bar legs / 45° hooks / bends SHAPE_FOUND_LENGTH_BLOCKED,SOURCE_MAXIMUM_STRAIGHT_RUN,NONE,PROJECT_BASIS_NUMERIC,6.115556,NOT_ESTABLISHED,"straight run at the 70 mm minimum is the maximum the source allows (actual <= value); count is printed; the legs / hooks / end treatment can only add length and stay unquantified, so the kg is a project-drawing number at minimum cover, not a lower or an upper bound of the as-built bar"
D1.2-A004,FOCC-10F8,FN,SINGLE_LAYER,BOTTOM_SHORT,S4.1-D0022,1000.0,1000.0,W,12,EXPLICIT_COUNT,8,8,,70 / 70 mm,860.0,ST7757.pdf p.8 note 22 (raster): 'shall not be less than ... 7 cm in concrete in contact with the soil'; R4 COVER_AGAINST_SOIL_70MM scope 'minimum cover',MINIMUM_PROJECT_COVER_70,LOWER_BOUND,SOURCE_MAXIMUM_STRAIGHT_RUN,UPPER,EXACT,printed count 8 (cover-independent),BLOCKED_UNQUANTIFIED,END_TREATMENT_NOT_ESTABLISHED,SOURCE_MAXIMUM_STRAIGHT_RUN,NONE,PROJECT_BASIS_NUMERIC,6.115556,NOT_ESTABLISHED,"straight run at the 70 mm minimum is the maximum the source allows (actual <= value); count is printed; the legs / hooks / end treatment can only add length and stay unquantified, so the kg is a project-drawing number at minimum cover, not a lower or an upper bound of the as-built bar"
D1.2-A005,FOCC-1100,FN,SINGLE_LAYER,BOTTOM_LONG,S4.1-D0029,1000.0,1000.0,L,12,EXPLICIT_COUNT,8,8,,70 / 70 mm,860.0,ST7757.pdf p.8 note 22 (raster): 'shall not be less than ... 7 cm in concrete in contact with the soil'; R4 COVER_AGAINST_SOIL_70MM scope 'minimum cover',MINIMUM_PROJECT_COVER_70,LOWER_BOUND,SOURCE_MAXIMUM_STRAIGHT_RUN,UPPER,EXACT,printed count 8 (cover-independent),BLOCKED_UNQUANTIFIED,U-bar legs / 45° hooks / bends SHAPE_FOUND_LENGTH_BLOCKED,SOURCE_MAXIMUM_STRAIGHT_RUN,NONE,PROJECT_BASIS_NUMERIC,6.115556,NOT_ESTABLISHED,"straight run at the 70 mm minimum is the maximum the source allows (actual <= value); count is printed; the legs / hooks / end treatment can only add length and stay unquantified, so the kg is a project-drawing number at minimum cover, not a lower or an upper bound of the as-built bar"
D1.2-A006,FOCC-1100,FN,SINGLE_LAYER,BOTTOM_SHORT,S4.1-D0036,1000.0,1000.0,W,12,EXPLICIT_COUNT,8,8,,70 / 70 mm,860.0,ST7757.pdf p.8 note 22 (raster): 'shall not be less than ... 7 cm in concrete in contact with the soil'; R4 COVER_AGAINST_SOIL_70MM scope 'minimum cover',MINIMUM_PROJECT_COVER_70,LOWER_BOUND,SOURCE_MAXIMUM_STRAIGHT_RUN,UPPER,EXACT,printed count 8 (cover-independent),BLOCKED_UNQUANTIFIED,END_TREATMENT_NOT_ESTABLISHED,SOURCE_MAXIMUM_STRAIGHT_RUN,NONE,PROJECT_BASIS_NUMERIC,6.115556,NOT_ESTABLISHED,"straight run at the 70 mm minimum is the maximum the source allows (actual <= value); count is printed; the legs / hooks / end treatment can only add length and stay unquantified, so the kg is a project-drawing number at minimum cover, not a lower or an upper bound of the as-built bar"
D1.2-A007,FOCC-165C,F2,SINGLE_LAYER,BOTTOM_LONG,S4.1-D0043,1900.0,1700.0,L,12,EXPLICIT_COUNT,13,13,,70 / 70 mm,1760.0,ST7757.pdf p.8 note 22 (raster): 'shall not be less than ... 7 cm in concrete in contact with the soil'; R4 COVER_AGAINST_SOIL_70MM scope 'minimum cover',MINIMUM_PROJECT_COVER_70,LOWER_BOUND,SOURCE_MAXIMUM_STRAIGHT_RUN,UPPER,EXACT,printed count 13 (cover-independent),BLOCKED_UNQUANTIFIED,U-bar legs / 45° hooks / bends SHAPE_FOUND_LENGTH_BLOCKED,SOURCE_MAXIMUM_STRAIGHT_RUN,NONE,PROJECT_BASIS_NUMERIC,20.337778,NOT_ESTABLISHED,"straight run at the 70 mm minimum is the maximum the source allows (actual <= value); count is printed; the legs / hooks / end treatment can only add length and stay unquantified, so the kg is a project-drawing number at minimum cover, not a lower or an upper bound of the as-built bar"
D1.2-A008,FOCC-165C,F2,SINGLE_LAYER,BOTTOM_SHORT,S4.1-D0050,1700.0,1900.0,W,12,EXPLICIT_COUNT,13,13,,70 / 70 mm,1560.0,ST7757.pdf p.8 note 22 (raster): 'shall not be less than ... 7 cm in concrete in contact with the soil'; R4 COVER_AGAINST_SOIL_70MM scope 'minimum cover',MINIMUM_PROJECT_COVER_70,LOWER_BOUND,SOURCE_MAXIMUM_STRAIGHT_RUN,UPPER,EXACT,printed count 13 (cover-independent),BLOCKED_UNQUANTIFIED,END_TREATMENT_NOT_ESTABLISHED,SOURCE_MAXIMUM_STRAIGHT_RUN,NONE,PROJECT_BASIS_NUMERIC,18.026667,NOT_ESTABLISHED,"straight run at the 70 mm minimum is the maximum the source allows (actual <= value); count is printed; the legs / hooks / end treatment can only add length and stay unquantified, so the kg is a project-drawing number at minimum cover, not a lower or an upper bound of the as-built bar"
D1.2-A009,FOCC-1663,F2,SINGLE_LAYER,BOTTOM_LONG,S4.1-D0057,1900.0,1700.0,L,12,EXPLICIT_COUNT,13,13,,70 / 70 mm,1760.0,ST7757.pdf p.8 note 22 (raster): 'shall not be less than ... 7 cm in concrete in contact with the soil'; R4 COVER_AGAINST_SOIL_70MM scope 'minimum cover',MINIMUM_PROJECT_COVER_70,LOWER_BOUND,SOURCE_MAXIMUM_STRAIGHT_RUN,UPPER,EXACT,printed count 13 (cover-independent),BLOCKED_UNQUANTIFIED,U-bar legs / 45° hooks / bends SHAPE_FOUND_LENGTH_BLOCKED,SOURCE_MAXIMUM_STRAIGHT_RUN,NONE,PROJECT_BASIS_NUMERIC,20.337778,NOT_ESTABLISHED,"straight run at the 70 mm minimum is the maximum the source allows (actual <= value); count is printed; the legs / hooks / end treatment can only add length and stay unquantified, so the kg is a project-drawing number at minimum cover, not a lower or an upper bound of the as-built bar"
D1.2-A010,FOCC-1663,F2,SINGLE_LAYER,BOTTOM_SHORT,S4.1-D0064,1700.0,1900.0,W,12,EXPLICIT_COUNT,13,13,,70 / 70 mm,1560.0,ST7757.pdf p.8 note 22 (raster): 'shall not be less than ... 7 cm in concrete in contact with the soil'; R4 COVER_AGAINST_SOIL_70MM scope 'minimum cover',MINIMUM_PROJECT_COVER_70,LOWER_BOUND,SOURCE_MAXIMUM_STRAIGHT_RUN,UPPER,EXACT,printed count 13 (cover-independent),BLOCKED_UNQUANTIFIED,END_TREATMENT_NOT_ESTABLISHED,SOURCE_MAXIMUM_STRAIGHT_RUN,NONE,PROJECT_BASIS_NUMERIC,18.026667,NOT_ESTABLISHED,"straight run at the 70 mm minimum is the maximum the source allows (actual <= value); count is printed; the legs / hooks / end treatment can only add length and stay unquantified, so the kg is a project-drawing number at minimum cover, not a lower or an upper bound of the as-built bar"
D1.2-A011,FOCC-1664,F5,SINGLE_LAYER,BOTTOM_LONG,S4.1-D0071,2400.0,2100.0,L,12,EXPLICIT_COUNT,20,20,,70 / 70 mm,2260.0,ST7757.pdf p.8 note 22 (raster): 'shall not be less than ... 7 cm in concrete in contact with the soil'; R4 COVER_AGAINST_SOIL_70MM scope 'minimum cover',MINIMUM_PROJECT_COVER_70,LOWER_BOUND,SOURCE_MAXIMUM_STRAIGHT_RUN,UPPER,EXACT,printed count 20 (cover-independent),BLOCKED_UNQUANTIFIED,U-bar legs / 45° hooks / bends SHAPE_FOUND_LENGTH_BLOCKED,SOURCE_MAXIMUM_STRAIGHT_RUN,NONE,PROJECT_BASIS_NUMERIC,40.177778,NOT_ESTABLISHED,"straight run at the 70 mm minimum is the maximum the source allows (actual <= value); count is printed; the legs / hooks / end treatment can only add length and stay unquantified, so the kg is a project-drawing number at minimum cover, not a lower or an upper bound of the as-built bar"
D1.2-A012,FOCC-1664,F5,SINGLE_LAYER,BOTTOM_SHORT,S4.1-D0078,2100.0,2400.0,W,12,EXPLICIT_COUNT,22,22,,70 / 70 mm,1960.0,ST7757.pdf p.8 note 22 (raster): 'shall not be less than ... 7 cm in concrete in contact with the soil'; R4 COVER_AGAINST_SOIL_70MM scope 'minimum cover',MINIMUM_PROJECT_COVER_70,LOWER_BOUND,SOURCE_MAXIMUM_STRAIGHT_RUN,UPPER,EXACT,printed count 22 (cover-independent),BLOCKED_UNQUANTIFIED,END_TREATMENT_NOT_ESTABLISHED,SOURCE_MAXIMUM_STRAIGHT_RUN,NONE,PROJECT_BASIS_NUMERIC,38.328889,NOT_ESTABLISHED,"straight run at the 70 mm minimum is the maximum the source allows (actual <= value); count is printed; the legs / hooks / end treatment can only add length and stay unquantified, so the kg is a project-drawing number at minimum cover, not a lower or an upper bound of the as-built bar"
D1.2-A013,FOCC-1665,F4,SINGLE_LAYER,BOTTOM_LONG,S4.1-D0085,2200.0,2000.0,L,12,EXPLICIT_COUNT,17,17,,70 / 70 mm,2060.0,ST7757.pdf p.8 note 22 (raster): 'shall not be less than ... 7 cm in concrete in contact with the soil'; R4 COVER_AGAINST_SOIL_70MM scope 'minimum cover',MINIMUM_PROJECT_COVER_70,LOWER_BOUND,SOURCE_MAXIMUM_STRAIGHT_RUN,UPPER,EXACT,printed count 17 (cover-independent),BLOCKED_UNQUANTIFIED,U-bar legs / 45° hooks / bends SHAPE_FOUND_LENGTH_BLOCKED,SOURCE_MAXIMUM_STRAIGHT_RUN,NONE,PROJECT_BASIS_NUMERIC,31.128889,NOT_ESTABLISHED,"straight run at the 70 mm minimum is the maximum the source allows (actual <= value); count is printed; the legs / hooks / end treatment can only add length and stay unquantified, so the kg is a project-drawing number at minimum cover, not a lower or an upper bound of the as-built bar"
D1.2-A014,FOCC-1665,F4,SINGLE_LAYER,BOTTOM_SHORT,S4.1-D0092,2000.0,2200.0,W,12,EXPLICIT_COUNT,18,18,,70 / 70 mm,1860.0,ST7757.pdf p.8 note 22 (raster): 'shall not be less than ... 7 cm in concrete in contact with the soil'; R4 COVER_AGAINST_SOIL_70MM scope 'minimum cover',MINIMUM_PROJECT_COVER_70,LOWER_BOUND,SOURCE_MAXIMUM_STRAIGHT_RUN,UPPER,EXACT,printed count 18 (cover-independent),BLOCKED_UNQUANTIFIED,END_TREATMENT_NOT_ESTABLISHED,SOURCE_MAXIMUM_STRAIGHT_RUN,NONE,PROJECT_BASIS_NUMERIC,29.76,NOT_ESTABLISHED,"straight run at the 70 mm minimum is the maximum the source allows (actual <= value); count is printed; the legs / hooks / end treatment can only add length and stay unquantified, so the kg is a project-drawing number at minimum cover, not a lower or an upper bound of the as-built bar"
D1.2-A015,FOCC-1666,F4,SINGLE_LAYER,BOTTOM_LONG,S4.1-D0099,2200.0,2000.0,L,12,EXPLICIT_COUNT,17,17,,70 / 70 mm,2060.0,ST7757.pdf p.8 note 22 (raster): 'shall not be less than ... 7 cm in concrete in contact with the soil'; R4 COVER_AGAINST_SOIL_70MM scope 'minimum cover',MINIMUM_PROJECT_COVER_70,LOWER_BOUND,SOURCE_MAXIMUM_STRAIGHT_RUN,UPPER,EXACT,printed count 17 (cover-independent),BLOCKED_UNQUANTIFIED,U-bar legs / 45° hooks / bends SHAPE_FOUND_LENGTH_BLOCKED,SOURCE_MAXIMUM_STRAIGHT_RUN,NONE,PROJECT_BASIS_NUMERIC,31.128889,NOT_ESTABLISHED,"straight run at the 70 mm minimum is the maximum the source allows (actual <= value); count is printed; the legs / hooks / end treatment can only add length and stay unquantified, so the kg is a project-drawing number at minimum cover, not a lower or an upper bound of the as-built bar"
D1.2-A016,FOCC-1666,F4,SINGLE_LAYER,BOTTOM_SHORT,S4.1-D0106,2000.0,2200.0,W,12,EXPLICIT_COUNT,18,18,,70 / 70 mm,1860.0,ST7757.pdf p.8 note 22 (raster): 'shall not be less than ... 7 cm in concrete in contact with the soil'; R4 COVER_AGAINST_SOIL_70MM scope 'minimum cover',MINIMUM_PROJECT_COVER_70,LOWER_BOUND,SOURCE_MAXIMUM_STRAIGHT_RUN,UPPER,EXACT,printed count 18 (cover-independent),BLOCKED_UNQUANTIFIED,END_TREATMENT_NOT_ESTABLISHED,SOURCE_MAXIMUM_STRAIGHT_RUN,NONE,PROJECT_BASIS_NUMERIC,29.76,NOT_ESTABLISHED,"straight run at the 70 mm minimum is the maximum the source allows (actual <= value); count is printed; the legs / hooks / end treatment can only add length and stay unquantified, so the kg is a project-drawing number at minimum cover, not a lower or an upper bound of the as-built bar"
D1.2-A017,FOCC-1667,F,SINGLE_LAYER,BOTTOM_LONG,S4.1-D0113,900.0,800.0,L,12,EXPLICIT_COUNT,7,7,,70 / 70 mm,760.0,ST7757.pdf p.8 note 22 (raster): 'shall not be less than ... 7 cm in concrete in contact with the soil'; R4 COVER_AGAINST_SOIL_70MM scope 'minimum cover',MINIMUM_PROJECT_COVER_70,LOWER_BOUND,SOURCE_MAXIMUM_STRAIGHT_RUN,UPPER,EXACT,printed count 7 (cover-independent),BLOCKED_UNQUANTIFIED,U-bar legs / 45° hooks / bends SHAPE_FOUND_LENGTH_BLOCKED,SOURCE_MAXIMUM_STRAIGHT_RUN,NONE,PROJECT_BASIS_NUMERIC,4.728889,NOT_ESTABLISHED,"straight run at the 70 mm minimum is the maximum the source allows (actual <= value); count is printed; the legs / hooks / end treatment can only add length and stay unquantified, so the kg is a project-drawing number at minimum cover, not a lower or an upper bound of the as-built bar"
D1.2-A018,FOCC-1667,F,SINGLE_LAYER,BOTTOM_SHORT,S4.1-D0120,800.0,900.0,W,12,EXPLICIT_COUNT,8,8,,70 / 70 mm,660.0,ST7757.pdf p.8 note 22 (raster): 'shall not be less than ... 7 cm in concrete in contact with the soil'; R4 COVER_AGAINST_SOIL_70MM scope 'minimum cover',MINIMUM_PROJECT_COVER_70,LOWER_BOUND,SOURCE_MAXIMUM_STRAIGHT_RUN,UPPER,EXACT,printed count 8 (cover-independent),BLOCKED_UNQUANTIFIED,END_TREATMENT_NOT_ESTABLISHED,SOURCE_MAXIMUM_STRAIGHT_RUN,NONE,PROJECT_BASIS_NUMERIC,4.693333,NOT_ESTABLISHED,"straight run at the 70 mm minimum is the maximum the source allows (actual <= value); count is printed; the legs / hooks / end treatment can only add length and stay unquantified, so the kg is a project-drawing number at minimum cover, not a lower or an upper bound of the as-built bar"
D1.2-A019,FOCC-1668,F,SINGLE_LAYER,BOTTOM_LONG,S4.1-D0127,900.0,800.0,L,12,EXPLICIT_COUNT,7,7,,70 / 70 mm,760.0,ST7757.pdf p.8 note 22 (raster): 'shall not be less than ... 7 cm in concrete in contact with the soil'; R4 COVER_AGAINST_SOIL_70MM scope 'minimum cover',MINIMUM_PROJECT_COVER_70,LOWER_BOUND,SOURCE_MAXIMUM_STRAIGHT_RUN,UPPER,EXACT,printed count 7 (cover-independent),BLOCKED_UNQUANTIFIED,U-bar legs / 45° hooks / bends SHAPE_FOUND_LENGTH_BLOCKED,SOURCE_MAXIMUM_STRAIGHT_RUN,NONE,PROJECT_BASIS_NUMERIC,4.728889,NOT_ESTABLISHED,"straight run at the 70 mm minimum is the maximum the source allows (actual <= value); count is printed; the legs / hooks / end treatment can only add length and stay unquantified, so the kg is a project-drawing number at minimum cover, not a lower or an upper bound of the as-built bar"
D1.2-A020,FOCC-1668,F,SINGLE_LAYER,BOTTOM_SHORT,S4.1-D0134,800.0,900.0,W,12,EXPLICIT_COUNT,8,8,,70 / 70 mm,660.0,ST7757.pdf p.8 note 22 (raster): 'shall not be less than ... 7 cm in concrete in contact with the soil'; R4 COVER_AGAINST_SOIL_70MM scope 'minimum cover',MINIMUM_PROJECT_COVER_70,LOWER_BOUND,SOURCE_MAXIMUM_STRAIGHT_RUN,UPPER,EXACT,printed count 8 (cover-independent),BLOCKED_UNQUANTIFIED,END_TREATMENT_NOT_ESTABLISHED,SOURCE_MAXIMUM_STRAIGHT_RUN,NONE,PROJECT_BASIS_NUMERIC,4.693333,NOT_ESTABLISHED,"straight run at the 70 mm minimum is the maximum the source allows (actual <= value); count is printed; the legs / hooks / end treatment can only add length and stay unquantified, so the kg is a project-drawing number at minimum cover, not a lower or an upper bound of the as-built bar"
D1.2-A021,FOCC-1669,F,SINGLE_LAYER,BOTTOM_LONG,S4.1-D0141,900.0,800.0,L,12,EXPLICIT_COUNT,7,7,,70 / 70 mm,760.0,ST7757.pdf p.8 note 22 (raster): 'shall not be less than ... 7 cm in concrete in contact with the soil'; R4 COVER_AGAINST_SOIL_70MM scope 'minimum cover',MINIMUM_PROJECT_COVER_70,LOWER_BOUND,SOURCE_MAXIMUM_STRAIGHT_RUN,UPPER,EXACT,printed count 7 (cover-independent),BLOCKED_UNQUANTIFIED,U-bar legs / 45° hooks / bends SHAPE_FOUND_LENGTH_BLOCKED,SOURCE_MAXIMUM_STRAIGHT_RUN,NONE,PROJECT_BASIS_NUMERIC,4.728889,NOT_ESTABLISHED,"straight run at the 70 mm minimum is the maximum the source allows (actual <= value); count is printed; the legs / hooks / end treatment can only add length and stay unquantified, so the kg is a project-drawing number at minimum cover, not a lower or an upper bound of the as-built bar"
D1.2-A022,FOCC-1669,F,SINGLE_LAYER,BOTTOM_SHORT,S4.1-D0148,800.0,900.0,W,12,EXPLICIT_COUNT,8,8,,70 / 70 mm,660.0,ST7757.pdf p.8 note 22 (raster): 'shall not be less than ... 7 cm in concrete in contact with the soil'; R4 COVER_AGAINST_SOIL_70MM scope 'minimum cover',MINIMUM_PROJECT_COVER_70,LOWER_BOUND,SOURCE_MAXIMUM_STRAIGHT_RUN,UPPER,EXACT,printed count 8 (cover-independent),BLOCKED_UNQUANTIFIED,END_TREATMENT_NOT_ESTABLISHED,SOURCE_MAXIMUM_STRAIGHT_RUN,NONE,PROJECT_BASIS_NUMERIC,4.693333,NOT_ESTABLISHED,"straight run at the 70 mm minimum is the maximum the source allows (actual <= value); count is printed; the legs / hooks / end treatment can only add length and stay unquantified, so the kg is a project-drawing number at minimum cover, not a lower or an upper bound of the as-built bar"
D1.2-A023,FOCC-166A,F,SINGLE_LAYER,BOTTOM_LONG,S4.1-D0155,900.0,800.0,L,12,EXPLICIT_COUNT,7,7,,70 / 70 mm,760.0,ST7757.pdf p.8 note 22 (raster): 'shall not be less than ... 7 cm in concrete in contact with the soil'; R4 COVER_AGAINST_SOIL_70MM scope 'minimum cover',MINIMUM_PROJECT_COVER_70,LOWER_BOUND,SOURCE_MAXIMUM_STRAIGHT_RUN,UPPER,EXACT,printed count 7 (cover-independent),BLOCKED_UNQUANTIFIED,U-bar legs / 45° hooks / bends SHAPE_FOUND_LENGTH_BLOCKED,SOURCE_MAXIMUM_STRAIGHT_RUN,NONE,PROJECT_BASIS_NUMERIC,4.728889,NOT_ESTABLISHED,"straight run at the 70 mm minimum is the maximum the source allows (actual <= value); count is printed; the legs / hooks / end treatment can only add length and stay unquantified, so the kg is a project-drawing number at minimum cover, not a lower or an upper bound of the as-built bar"
D1.2-A024,FOCC-166A,F,SINGLE_LAYER,BOTTOM_SHORT,S4.1-D0162,800.0,900.0,W,12,EXPLICIT_COUNT,8,8,,70 / 70 mm,660.0,ST7757.pdf p.8 note 22 (raster): 'shall not be less than ... 7 cm in concrete in contact with the soil'; R4 COVER_AGAINST_SOIL_70MM scope 'minimum cover',MINIMUM_PROJECT_COVER_70,LOWER_BOUND,SOURCE_MAXIMUM_STRAIGHT_RUN,UPPER,EXACT,printed count 8 (cover-independent),BLOCKED_UNQUANTIFIED,END_TREATMENT_NOT_ESTABLISHED,SOURCE_MAXIMUM_STRAIGHT_RUN,NONE,PROJECT_BASIS_NUMERIC,4.693333,NOT_ESTABLISHED,"straight run at the 70 mm minimum is the maximum the source allows (actual <= value); count is printed; the legs / hooks / end treatment can only add length and stay unquantified, so the kg is a project-drawing number at minimum cover, not a lower or an upper bound of the as-built bar"
D1.2-A025,FOCC-166B,F3,SINGLE_LAYER,BOTTOM_LONG,S4.1-D0169,1600.0,1400.0,L,12,EXPLICIT_COUNT,8,8,,70 / 70 mm,1460.0,ST7757.pdf p.8 note 22 (raster): 'shall not be less than ... 7 cm in concrete in contact with the soil'; R4 COVER_AGAINST_SOIL_70MM scope 'minimum cover',MINIMUM_PROJECT_COVER_70,LOWER_BOUND,SOURCE_MAXIMUM_STRAIGHT_RUN,UPPER,EXACT,printed count 8 (cover-independent),BLOCKED_UNQUANTIFIED,U-bar legs / 45° hooks / bends SHAPE_FOUND_LENGTH_BLOCKED,SOURCE_MAXIMUM_STRAIGHT_RUN,NONE,PROJECT_BASIS_NUMERIC,10.382222,NOT_ESTABLISHED,"straight run at the 70 mm minimum is the maximum the source allows (actual <= value); count is printed; the legs / hooks / end treatment can only add length and stay unquantified, so the kg is a project-drawing number at minimum cover, not a lower or an upper bound of the as-built bar"
D1.2-A026,FOCC-166B,F3,SINGLE_LAYER,BOTTOM_SHORT,S4.1-D0176,1400.0,1600.0,W,12,EXPLICIT_COUNT,8,8,,70 / 70 mm,1260.0,ST7757.pdf p.8 note 22 (raster): 'shall not be less than ... 7 cm in concrete in contact with the soil'; R4 COVER_AGAINST_SOIL_70MM scope 'minimum cover',MINIMUM_PROJECT_COVER_70,LOWER_BOUND,SOURCE_MAXIMUM_STRAIGHT_RUN,UPPER,EXACT,printed count 8 (cover-independent),BLOCKED_UNQUANTIFIED,END_TREATMENT_NOT_ESTABLISHED,SOURCE_MAXIMUM_STRAIGHT_RUN,NONE,PROJECT_BASIS_NUMERIC,8.96,NOT_ESTABLISHED,"straight run at the 70 mm minimum is the maximum the source allows (actual <= value); count is printed; the legs / hooks / end treatment can only add length and stay unquantified, so the kg is a project-drawing number at minimum cover, not a lower or an upper bound of the as-built bar"
D1.2-A027,FOCC-166C,F3,SINGLE_LAYER,BOTTOM_LONG,S4.1-D0183,1600.0,1400.0,L,12,EXPLICIT_COUNT,8,8,,70 / 70 mm,1460.0,ST7757.pdf p.8 note 22 (raster): 'shall not be less than ... 7 cm in concrete in contact with the soil'; R4 COVER_AGAINST_SOIL_70MM scope 'minimum cover',MINIMUM_PROJECT_COVER_70,LOWER_BOUND,SOURCE_MAXIMUM_STRAIGHT_RUN,UPPER,EXACT,printed count 8 (cover-independent),BLOCKED_UNQUANTIFIED,U-bar legs / 45° hooks / bends SHAPE_FOUND_LENGTH_BLOCKED,SOURCE_MAXIMUM_STRAIGHT_RUN,NONE,PROJECT_BASIS_NUMERIC,10.382222,NOT_ESTABLISHED,"straight run at the 70 mm minimum is the maximum the source allows (actual <= value); count is printed; the legs / hooks / end treatment can only add length and stay unquantified, so the kg is a project-drawing number at minimum cover, not a lower or an upper bound of the as-built bar"
D1.2-A028,FOCC-166C,F3,SINGLE_LAYER,BOTTOM_SHORT,S4.1-D0190,1400.0,1600.0,W,12,EXPLICIT_COUNT,8,8,,70 / 70 mm,1260.0,ST7757.pdf p.8 note 22 (raster): 'shall not be less than ... 7 cm in concrete in contact with the soil'; R4 COVER_AGAINST_SOIL_70MM scope 'minimum cover',MINIMUM_PROJECT_COVER_70,LOWER_BOUND,SOURCE_MAXIMUM_STRAIGHT_RUN,UPPER,EXACT,printed count 8 (cover-independent),BLOCKED_UNQUANTIFIED,END_TREATMENT_NOT_ESTABLISHED,SOURCE_MAXIMUM_STRAIGHT_RUN,NONE,PROJECT_BASIS_NUMERIC,8.96,NOT_ESTABLISHED,"straight run at the 70 mm minimum is the maximum the source allows (actual <= value); count is printed; the legs / hooks / end treatment can only add length and stay unquantified, so the kg is a project-drawing number at minimum cover, not a lower or an upper bound of the as-built bar"
D1.2-A029,FOCC-166D,F5,SINGLE_LAYER,BOTTOM_LONG,S4.1-D0197,2400.0,2100.0,L,12,EXPLICIT_COUNT,20,20,,70 / 70 mm,2260.0,ST7757.pdf p.8 note 22 (raster): 'shall not be less than ... 7 cm in concrete in contact with the soil'; R4 COVER_AGAINST_SOIL_70MM scope 'minimum cover',MINIMUM_PROJECT_COVER_70,LOWER_BOUND,SOURCE_MAXIMUM_STRAIGHT_RUN,UPPER,EXACT,printed count 20 (cover-independent),BLOCKED_UNQUANTIFIED,U-bar legs / 45° hooks / bends SHAPE_FOUND_LENGTH_BLOCKED,SOURCE_MAXIMUM_STRAIGHT_RUN,NONE,PROJECT_BASIS_NUMERIC,40.177778,NOT_ESTABLISHED,"straight run at the 70 mm minimum is the maximum the source allows (actual <= value); count is printed; the legs / hooks / end treatment can only add length and stay unquantified, so the kg is a project-drawing number at minimum cover, not a lower or an upper bound of the as-built bar"
D1.2-A030,FOCC-166D,F5,SINGLE_LAYER,BOTTOM_SHORT,S4.1-D0204,2100.0,2400.0,W,12,EXPLICIT_COUNT,22,22,,70 / 70 mm,1960.0,ST7757.pdf p.8 note 22 (raster): 'shall not be less than ... 7 cm in concrete in contact with the soil'; R4 COVER_AGAINST_SOIL_70MM scope 'minimum cover',MINIMUM_PROJECT_COVER_70,LOWER_BOUND,SOURCE_MAXIMUM_STRAIGHT_RUN,UPPER,EXACT,printed count 22 (cover-independent),BLOCKED_UNQUANTIFIED,END_TREATMENT_NOT_ESTABLISHED,SOURCE_MAXIMUM_STRAIGHT_RUN,NONE,PROJECT_BASIS_NUMERIC,38.328889,NOT_ESTABLISHED,"straight run at the 70 mm minimum is the maximum the source allows (actual <= value); count is printed; the legs / hooks / end treatment can only add length and stay unquantified, so the kg is a project-drawing number at minimum cover, not a lower or an upper bound of the as-built bar"
D1.2-A031,FOCC-180C,FN,SINGLE_LAYER,BOTTOM_LONG,S4.1-D0211,1000.0,1000.0,L,12,EXPLICIT_COUNT,8,8,,70 / 70 mm,860.0,ST7757.pdf p.8 note 22 (raster): 'shall not be less than ... 7 cm in concrete in contact with the soil'; R4 COVER_AGAINST_SOIL_70MM scope 'minimum cover',MINIMUM_PROJECT_COVER_70,LOWER_BOUND,SOURCE_MAXIMUM_STRAIGHT_RUN,UPPER,EXACT,printed count 8 (cover-independent),BLOCKED_UNQUANTIFIED,U-bar legs / 45° hooks / bends SHAPE_FOUND_LENGTH_BLOCKED,SOURCE_MAXIMUM_STRAIGHT_RUN,NONE,PROJECT_BASIS_NUMERIC,6.115556,NOT_ESTABLISHED,"straight run at the 70 mm minimum is the maximum the source allows (actual <= value); count is printed; the legs / hooks / end treatment can only add length and stay unquantified, so the kg is a project-drawing number at minimum cover, not a lower or an upper bound of the as-built bar"
D1.2-A032,FOCC-180C,FN,SINGLE_LAYER,BOTTOM_SHORT,S4.1-D0218,1000.0,1000.0,W,12,EXPLICIT_COUNT,8,8,,70 / 70 mm,860.0,ST7757.pdf p.8 note 22 (raster): 'shall not be less than ... 7 cm in concrete in contact with the soil'; R4 COVER_AGAINST_SOIL_70MM scope 'minimum cover',MINIMUM_PROJECT_COVER_70,LOWER_BOUND,SOURCE_MAXIMUM_STRAIGHT_RUN,UPPER,EXACT,printed count 8 (cover-independent),BLOCKED_UNQUANTIFIED,END_TREATMENT_NOT_ESTABLISHED,SOURCE_MAXIMUM_STRAIGHT_RUN,NONE,PROJECT_BASIS_NUMERIC,6.115556,NOT_ESTABLISHED,"straight run at the 70 mm minimum is the maximum the source allows (actual <= value); count is printed; the legs / hooks / end treatment can only add length and stay unquantified, so the kg is a project-drawing number at minimum cover, not a lower or an upper bound of the as-built bar"
D1.2-A033,FOCC-180F,F9,SINGLE_LAYER,BOTTOM_LONG,S4.1-D0225,3400.0,2700.0,L,14,EXPLICIT_COUNT,24,24,,70 / 70 mm,3260.0,ST7757.pdf p.8 note 22 (raster): 'shall not be less than ... 7 cm in concrete in contact with the soil'; R4 COVER_AGAINST_SOIL_70MM scope 'minimum cover',MINIMUM_PROJECT_COVER_70,LOWER_BOUND,SOURCE_MAXIMUM_STRAIGHT_RUN,UPPER,EXACT,printed count 24 (cover-independent),BLOCKED_UNQUANTIFIED,U-bar legs / 45° hooks / bends SHAPE_FOUND_LENGTH_BLOCKED,SOURCE_MAXIMUM_STRAIGHT_RUN,NONE,PROJECT_BASIS_NUMERIC,94.660741,NOT_ESTABLISHED,"straight run at the 70 mm minimum is the maximum the source allows (actual <= value); count is printed; the legs / hooks / end treatment can only add length and stay unquantified, so the kg is a project-drawing number at minimum cover, not a lower or an upper bound of the as-built bar"
D1.2-A034,FOCC-180F,F9,SINGLE_LAYER,BOTTOM_SHORT,S4.1-D0232,2700.0,3400.0,W,14,EXPLICIT_COUNT,28,28,,70 / 70 mm,2560.0,ST7757.pdf p.8 note 22 (raster): 'shall not be less than ... 7 cm in concrete in contact with the soil'; R4 COVER_AGAINST_SOIL_70MM scope 'minimum cover',MINIMUM_PROJECT_COVER_70,LOWER_BOUND,SOURCE_MAXIMUM_STRAIGHT_RUN,UPPER,EXACT,printed count 28 (cover-independent),BLOCKED_UNQUANTIFIED,END_TREATMENT_NOT_ESTABLISHED,SOURCE_MAXIMUM_STRAIGHT_RUN,NONE,PROJECT_BASIS_NUMERIC,86.723951,NOT_ESTABLISHED,"straight run at the 70 mm minimum is the maximum the source allows (actual <= value); count is printed; the legs / hooks / end treatment can only add length and stay unquantified, so the kg is a project-drawing number at minimum cover, not a lower or an upper bound of the as-built bar"
D1.2-A035,FOCC-1ABF,F12,TWO_LAYER,BOTTOM_LONG,S4.1-D0239,4400.0,3200.0,L,16,BARS_PER_METRE,9,28,29,70 / 70 mm,4260.0,ST7757.pdf p.8 note 22 (raster): 'shall not be less than ... 7 cm in concrete in contact with the soil'; R4 COVER_AGAINST_SOIL_70MM scope 'minimum cover',MINIMUM_PROJECT_COVER_70,LOWER_BOUND,SOURCE_MAXIMUM_STRAIGHT_RUN,UPPER,NONE,"rate 9/m over W - 2c = 3200 - 140 mm: ceil = 28; with a bar at both edges 29. A larger actual cover can only lower the formula count, the edge-bar convention can raise it: no bound",BLOCKED_UNQUANTIFIED,END_TREATMENT_NOT_ESTABLISHED,SOURCE_MAXIMUM_STRAIGHT_RUN,NONE,PROJECT_BASIS_NUMERIC,188.491852,NOT_ESTABLISHED,"straight run at the 70 mm minimum is the maximum the source allows (actual <= value); rate count moves with the cover and the edge-bar convention; the legs / hooks / end treatment can only add length and stay unquantified, so the kg is a project-drawing number at minimum cover, not a lower or an upper bound of the as-built bar"
D1.2-A036,FOCC-1ABF,F12,TWO_LAYER,BOTTOM_SHORT,S4.1-D0242,3200.0,4400.0,W,16,BARS_PER_METRE,9,39,40,70 / 70 mm,3060.0,ST7757.pdf p.8 note 22 (raster): 'shall not be less than ... 7 cm in concrete in contact with the soil'; R4 COVER_AGAINST_SOIL_70MM scope 'minimum cover',MINIMUM_PROJECT_COVER_70,LOWER_BOUND,SOURCE_MAXIMUM_STRAIGHT_RUN,UPPER,NONE,"rate 9/m over W - 2c = 4400 - 140 mm: ceil = 39; with a bar at both edges 40. A larger actual cover can only lower the formula count, the edge-bar convention can raise it: no bound",BLOCKED_UNQUANTIFIED,END_TREATMENT_NOT_ESTABLISHED,SOURCE_MAXIMUM_STRAIGHT_RUN,NONE,PROJECT_BASIS_NUMERIC,188.586667,NOT_ESTABLISHED,"straight run at the 70 mm minimum is the maximum the source allows (actual <= value); rate count moves with the cover and the edge-bar convention; the legs / hooks / end treatment can only add length and stay unquantified, so the kg is a project-drawing number at minimum cover, not a lower or an upper bound of the as-built bar"
D1.2-A037,FOCC-1ABF,F12,TWO_LAYER,TOP_LONG,S4.1-D0245,4400.0,3200.0,L,14,BARS_PER_METRE,10,31,32,70 / 70 mm,4260.0,ST7757.pdf p.8 note 22 (raster): 'shall not be less than ... 7 cm in concrete in contact with the soil'; R4 COVER_AGAINST_SOIL_70MM scope 'minimum cover',MINIMUM_PROJECT_COVER_70,LOWER_BOUND,SOURCE_MAXIMUM_STRAIGHT_RUN,UPPER,NONE,"rate 10/m over W - 2c = 3200 - 140 mm: ceil = 31; with a bar at both edges 32. A larger actual cover can only lower the formula count, the edge-bar convention can raise it: no bound",BLOCKED_UNQUANTIFIED,END_TREATMENT_NOT_ESTABLISHED,SOURCE_MAXIMUM_STRAIGHT_RUN,NONE,PROJECT_BASIS_NUMERIC,159.776296,NOT_ESTABLISHED,"straight run at the 70 mm minimum is the maximum the source allows (actual <= value); rate count moves with the cover and the edge-bar convention; the legs / hooks / end treatment can only add length and stay unquantified, so the kg is a project-drawing number at minimum cover, not a lower or an upper bound of the as-built bar"
D1.2-A038,FOCC-1ABF,F12,TWO_LAYER,TOP_SHORT,S4.1-D0246,3200.0,4400.0,W,14,BARS_PER_METRE,10,43,44,70 / 70 mm,3060.0,ST7757.pdf p.8 note 22 (raster): 'shall not be less than ... 7 cm in concrete in contact with the soil'; R4 COVER_AGAINST_SOIL_70MM scope 'minimum cover',MINIMUM_PROJECT_COVER_70,LOWER_BOUND,SOURCE_MAXIMUM_STRAIGHT_RUN,UPPER,NONE,"rate 10/m over W - 2c = 4400 - 140 mm: ceil = 43; with a bar at both edges 44. A larger actual cover can only lower the formula count, the edge-bar convention can raise it: no bound",BLOCKED_UNQUANTIFIED,END_TREATMENT_NOT_ESTABLISHED,SOURCE_MAXIMUM_STRAIGHT_RUN,NONE,PROJECT_BASIS_NUMERIC,159.195556,NOT_ESTABLISHED,"straight run at the 70 mm minimum is the maximum the source allows (actual <= value); rate count moves with the cover and the edge-bar convention; the legs / hooks / end treatment can only add length and stay unquantified, so the kg is a project-drawing number at minimum cover, not a lower or an upper bound of the as-built bar"
D1.2-A039,FOCC-1ADB,F13,TWO_LAYER,BOTTOM_LONG,S4.1-D0249,4300.0,2400.0,L,16,BARS_PER_METRE,8,19,20,70 / 70 mm,4160.0,ST7757.pdf p.8 note 22 (raster): 'shall not be less than ... 7 cm in concrete in contact with the soil'; R4 COVER_AGAINST_SOIL_70MM scope 'minimum cover',MINIMUM_PROJECT_COVER_70,LOWER_BOUND,SOURCE_MAXIMUM_STRAIGHT_RUN,UPPER,NONE,"rate 8/m over W - 2c = 2400 - 140 mm: ceil = 19; with a bar at both edges 20. A larger actual cover can only lower the formula count, the edge-bar convention can raise it: no bound",BLOCKED_UNQUANTIFIED,END_TREATMENT_NOT_ESTABLISHED,SOURCE_MAXIMUM_STRAIGHT_RUN,NONE,PROJECT_BASIS_NUMERIC,124.902716,NOT_ESTABLISHED,"straight run at the 70 mm minimum is the maximum the source allows (actual <= value); rate count moves with the cover and the edge-bar convention; the legs / hooks / end treatment can only add length and stay unquantified, so the kg is a project-drawing number at minimum cover, not a lower or an upper bound of the as-built bar"
D1.2-A040,FOCC-1ADB,F13,TWO_LAYER,BOTTOM_SHORT,S4.1-D0252,2400.0,4300.0,W,16,BARS_PER_METRE,8,34,35,70 / 70 mm,2260.0,ST7757.pdf p.8 note 22 (raster): 'shall not be less than ... 7 cm in concrete in contact with the soil'; R4 COVER_AGAINST_SOIL_70MM scope 'minimum cover',MINIMUM_PROJECT_COVER_70,LOWER_BOUND,SOURCE_MAXIMUM_STRAIGHT_RUN,UPPER,NONE,"rate 8/m over W - 2c = 4300 - 140 mm: ceil = 34; with a bar at both edges 35. A larger actual cover can only lower the formula count, the edge-bar convention can raise it: no bound",BLOCKED_UNQUANTIFIED,END_TREATMENT_NOT_ESTABLISHED,SOURCE_MAXIMUM_STRAIGHT_RUN,NONE,PROJECT_BASIS_NUMERIC,121.426173,NOT_ESTABLISHED,"straight run at the 70 mm minimum is the maximum the source allows (actual <= value); rate count moves with the cover and the edge-bar convention; the legs / hooks / end treatment can only add length and stay unquantified, so the kg is a project-drawing number at minimum cover, not a lower or an upper bound of the as-built bar"
D1.2-A041,FOCC-1ADB,F13,TWO_LAYER,TOP_LONG,S4.1-D0255,4300.0,2400.0,L,14,BARS_PER_METRE,7,16,17,70 / 70 mm,4160.0,ST7757.pdf p.8 note 22 (raster): 'shall not be less than ... 7 cm in concrete in contact with the soil'; R4 COVER_AGAINST_SOIL_70MM scope 'minimum cover',MINIMUM_PROJECT_COVER_70,LOWER_BOUND,SOURCE_MAXIMUM_STRAIGHT_RUN,UPPER,NONE,"rate 7/m over W - 2c = 2400 - 140 mm: ceil = 16; with a bar at both edges 17. A larger actual cover can only lower the formula count, the edge-bar convention can raise it: no bound",BLOCKED_UNQUANTIFIED,END_TREATMENT_NOT_ESTABLISHED,SOURCE_MAXIMUM_STRAIGHT_RUN,NONE,PROJECT_BASIS_NUMERIC,80.529383,NOT_ESTABLISHED,"straight run at the 70 mm minimum is the maximum the source allows (actual <= value); rate count moves with the cover and the edge-bar convention; the legs / hooks / end treatment can only add length and stay unquantified, so the kg is a project-drawing number at minimum cover, not a lower or an upper bound of the as-built bar"
D1.2-A042,FOCC-1ADB,F13,TWO_LAYER,TOP_SHORT,S4.1-D0256,2400.0,4300.0,W,14,BARS_PER_METRE,7,30,31,70 / 70 mm,2260.0,ST7757.pdf p.8 note 22 (raster): 'shall not be less than ... 7 cm in concrete in contact with the soil'; R4 COVER_AGAINST_SOIL_70MM scope 'minimum cover',MINIMUM_PROJECT_COVER_70,LOWER_BOUND,SOURCE_MAXIMUM_STRAIGHT_RUN,UPPER,NONE,"rate 7/m over W - 2c = 4300 - 140 mm: ceil = 30; with a bar at both edges 31. A larger actual cover can only lower the formula count, the edge-bar convention can raise it: no bound",BLOCKED_UNQUANTIFIED,END_TREATMENT_NOT_ESTABLISHED,SOURCE_MAXIMUM_STRAIGHT_RUN,NONE,PROJECT_BASIS_NUMERIC,82.02963,NOT_ESTABLISHED,"straight run at the 70 mm minimum is the maximum the source allows (actual <= value); rate count moves with the cover and the edge-bar convention; the legs / hooks / end treatment can only add length and stay unquantified, so the kg is a project-drawing number at minimum cover, not a lower or an upper bound of the as-built bar"
D1.2-A043,FOCC-1B07,F11,SINGLE_LAYER,BOTTOM_LONG,S4.1-D0259,3500.0,1500.0,L,14,EXPLICIT_COUNT,14,14,,70 / 70 mm,3360.0,ST7757.pdf p.8 note 22 (raster): 'shall not be less than ... 7 cm in concrete in contact with the soil'; R4 COVER_AGAINST_SOIL_70MM scope 'minimum cover',MINIMUM_PROJECT_COVER_70,LOWER_BOUND,SOURCE_MAXIMUM_STRAIGHT_RUN,UPPER,EXACT,printed count 14 (cover-independent),BLOCKED_UNQUANTIFIED,U-bar legs / 45° hooks / bends SHAPE_FOUND_LENGTH_BLOCKED,SOURCE_MAXIMUM_STRAIGHT_RUN,NONE,PROJECT_BASIS_NUMERIC,56.912593,NOT_ESTABLISHED,"straight run at the 70 mm minimum is the maximum the source allows (actual <= value); count is printed; the legs / hooks / end treatment can only add length and stay unquantified, so the kg is a project-drawing number at minimum cover, not a lower or an upper bound of the as-built bar"
D1.2-A044,FOCC-1B07,F11,SINGLE_LAYER,BOTTOM_SHORT,S4.1-D0266,1500.0,3500.0,W,14,EXPLICIT_COUNT,32,32,,70 / 70 mm,1360.0,ST7757.pdf p.8 note 22 (raster): 'shall not be less than ... 7 cm in concrete in contact with the soil'; R4 COVER_AGAINST_SOIL_70MM scope 'minimum cover',MINIMUM_PROJECT_COVER_70,LOWER_BOUND,SOURCE_MAXIMUM_STRAIGHT_RUN,UPPER,EXACT,printed count 32 (cover-independent),BLOCKED_UNQUANTIFIED,END_TREATMENT_NOT_ESTABLISHED,SOURCE_MAXIMUM_STRAIGHT_RUN,NONE,PROJECT_BASIS_NUMERIC,52.653827,NOT_ESTABLISHED,"straight run at the 70 mm minimum is the maximum the source allows (actual <= value); count is printed; the legs / hooks / end treatment can only add length and stay unquantified, so the kg is a project-drawing number at minimum cover, not a lower or an upper bound of the as-built bar"
D1.2-A045,FOCC-1B19,F6,SINGLE_LAYER,BOTTOM_LONG,S4.1-D0273,2600.0,2200.0,L,12,EXPLICIT_COUNT,22,22,,70 / 70 mm,2460.0,ST7757.pdf p.8 note 22 (raster): 'shall not be less than ... 7 cm in concrete in contact with the soil'; R4 COVER_AGAINST_SOIL_70MM scope 'minimum cover',MINIMUM_PROJECT_COVER_70,LOWER_BOUND,SOURCE_MAXIMUM_STRAIGHT_RUN,UPPER,EXACT,printed count 22 (cover-independent),BLOCKED_UNQUANTIFIED,U-bar legs / 45° hooks / bends SHAPE_FOUND_LENGTH_BLOCKED,SOURCE_MAXIMUM_STRAIGHT_RUN,NONE,PROJECT_BASIS_NUMERIC,48.106667,NOT_ESTABLISHED,"straight run at the 70 mm minimum is the maximum the source allows (actual <= value); count is printed; the legs / hooks / end treatment can only add length and stay unquantified, so the kg is a project-drawing number at minimum cover, not a lower or an upper bound of the as-built bar"
D1.2-A046,FOCC-1B19,F6,SINGLE_LAYER,BOTTOM_SHORT,S4.1-D0280,2200.0,2600.0,W,12,EXPLICIT_COUNT,24,24,,70 / 70 mm,2060.0,ST7757.pdf p.8 note 22 (raster): 'shall not be less than ... 7 cm in concrete in contact with the soil'; R4 COVER_AGAINST_SOIL_70MM scope 'minimum cover',MINIMUM_PROJECT_COVER_70,LOWER_BOUND,SOURCE_MAXIMUM_STRAIGHT_RUN,UPPER,EXACT,printed count 24 (cover-independent),BLOCKED_UNQUANTIFIED,END_TREATMENT_NOT_ESTABLISHED,SOURCE_MAXIMUM_STRAIGHT_RUN,NONE,PROJECT_BASIS_NUMERIC,43.946667,NOT_ESTABLISHED,"straight run at the 70 mm minimum is the maximum the source allows (actual <= value); count is printed; the legs / hooks / end treatment can only add length and stay unquantified, so the kg is a project-drawing number at minimum cover, not a lower or an upper bound of the as-built bar"
D1.2-A047,FOCC-1B1A,F14,TWO_LAYER,BOTTOM_LONG,S4.1-D0287,3800.0,3300.0,L,14,BARS_PER_METRE,9,29,30,70 / 70 mm,3660.0,ST7757.pdf p.8 note 22 (raster): 'shall not be less than ... 7 cm in concrete in contact with the soil'; R4 COVER_AGAINST_SOIL_70MM scope 'minimum cover',MINIMUM_PROJECT_COVER_70,LOWER_BOUND,SOURCE_MAXIMUM_STRAIGHT_RUN,UPPER,NONE,"rate 9/m over W - 2c = 3300 - 140 mm: ceil = 29; with a bar at both edges 30. A larger actual cover can only lower the formula count, the edge-bar convention can raise it: no bound",BLOCKED_UNQUANTIFIED,END_TREATMENT_NOT_ESTABLISHED,SOURCE_MAXIMUM_STRAIGHT_RUN,NONE,PROJECT_BASIS_NUMERIC,128.416296,NOT_ESTABLISHED,"straight run at the 70 mm minimum is the maximum the source allows (actual <= value); rate count moves with the cover and the edge-bar convention; the legs / hooks / end treatment can only add length and stay unquantified, so the kg is a project-drawing number at minimum cover, not a lower or an upper bound of the as-built bar"
D1.2-A048,FOCC-1B1A,F14,TWO_LAYER,BOTTOM_SHORT,S4.1-D0290,3300.0,3800.0,W,14,BARS_PER_METRE,9,33,34,70 / 70 mm,3160.0,ST7757.pdf p.8 note 22 (raster): 'shall not be less than ... 7 cm in concrete in contact with the soil'; R4 COVER_AGAINST_SOIL_70MM scope 'minimum cover',MINIMUM_PROJECT_COVER_70,LOWER_BOUND,SOURCE_MAXIMUM_STRAIGHT_RUN,UPPER,NONE,"rate 9/m over W - 2c = 3800 - 140 mm: ceil = 33; with a bar at both edges 34. A larger actual cover can only lower the formula count, the edge-bar convention can raise it: no bound",BLOCKED_UNQUANTIFIED,END_TREATMENT_NOT_ESTABLISHED,SOURCE_MAXIMUM_STRAIGHT_RUN,NONE,PROJECT_BASIS_NUMERIC,126.165926,NOT_ESTABLISHED,"straight run at the 70 mm minimum is the maximum the source allows (actual <= value); rate count moves with the cover and the edge-bar convention; the legs / hooks / end treatment can only add length and stay unquantified, so the kg is a project-drawing number at minimum cover, not a lower or an upper bound of the as-built bar"
D1.2-A049,FOCC-1B1A,F14,TWO_LAYER,TOP_LONG,S4.1-D0293,3800.0,3300.0,L,14,BARS_PER_METRE,6,19,20,70 / 70 mm,3660.0,ST7757.pdf p.8 note 22 (raster): 'shall not be less than ... 7 cm in concrete in contact with the soil'; R4 COVER_AGAINST_SOIL_70MM scope 'minimum cover',MINIMUM_PROJECT_COVER_70,LOWER_BOUND,SOURCE_MAXIMUM_STRAIGHT_RUN,UPPER,NONE,"rate 6/m over W - 2c = 3300 - 140 mm: ceil = 19; with a bar at both edges 20. A larger actual cover can only lower the formula count, the edge-bar convention can raise it: no bound",BLOCKED_UNQUANTIFIED,END_TREATMENT_NOT_ESTABLISHED,SOURCE_MAXIMUM_STRAIGHT_RUN,NONE,PROJECT_BASIS_NUMERIC,84.134815,NOT_ESTABLISHED,"straight run at the 70 mm minimum is the maximum the source allows (actual <= value); rate count moves with the cover and the edge-bar convention; the legs / hooks / end treatment can only add length and stay unquantified, so the kg is a project-drawing number at minimum cover, not a lower or an upper bound of the as-built bar"
D1.2-A050,FOCC-1B1A,F14,TWO_LAYER,TOP_SHORT,S4.1-D0294,3300.0,3800.0,W,14,BARS_PER_METRE,6,22,23,70 / 70 mm,3160.0,ST7757.pdf p.8 note 22 (raster): 'shall not be less than ... 7 cm in concrete in contact with the soil'; R4 COVER_AGAINST_SOIL_70MM scope 'minimum cover',MINIMUM_PROJECT_COVER_70,LOWER_BOUND,SOURCE_MAXIMUM_STRAIGHT_RUN,UPPER,NONE,"rate 6/m over W - 2c = 3800 - 140 mm: ceil = 22; with a bar at both edges 23. A larger actual cover can only lower the formula count, the edge-bar convention can raise it: no bound",BLOCKED_UNQUANTIFIED,END_TREATMENT_NOT_ESTABLISHED,SOURCE_MAXIMUM_STRAIGHT_RUN,NONE,PROJECT_BASIS_NUMERIC,84.110617,NOT_ESTABLISHED,"straight run at the 70 mm minimum is the maximum the source allows (actual <= value); rate count moves with the cover and the edge-bar convention; the legs / hooks / end treatment can only add length and stay unquantified, so the kg is a project-drawing number at minimum cover, not a lower or an upper bound of the as-built bar"
D1.2-A051,FOCC-1B24,F8,TWO_LAYER,BOTTOM_LONG,S4.1-D0303,4000.0,3600.0,L,14,BARS_PER_METRE,9,32,33,70 / 70 mm,3860.0,ST7757.pdf p.8 note 22 (raster): 'shall not be less than ... 7 cm in concrete in contact with the soil'; R4 COVER_AGAINST_SOIL_70MM scope 'minimum cover',MINIMUM_PROJECT_COVER_70,LOWER_BOUND,SOURCE_MAXIMUM_STRAIGHT_RUN,UPPER,NONE,"rate 9/m over W - 2c = 3600 - 140 mm: ceil = 32; with a bar at both edges 33. A larger actual cover can only lower the formula count, the edge-bar convention can raise it: no bound",BLOCKED_UNQUANTIFIED,END_TREATMENT_NOT_ESTABLISHED,SOURCE_MAXIMUM_STRAIGHT_RUN,NONE,PROJECT_BASIS_NUMERIC,149.443951,NOT_ESTABLISHED,"straight run at the 70 mm minimum is the maximum the source allows (actual <= value); rate count moves with the cover and the edge-bar convention; the legs / hooks / end treatment can only add length and stay unquantified, so the kg is a project-drawing number at minimum cover, not a lower or an upper bound of the as-built bar"
D1.2-A052,FOCC-1B24,F8,TWO_LAYER,BOTTOM_SHORT,S4.1-D0306,3600.0,4000.0,W,14,BARS_PER_METRE,9,35,36,70 / 70 mm,3460.0,ST7757.pdf p.8 note 22 (raster): 'shall not be less than ... 7 cm in concrete in contact with the soil'; R4 COVER_AGAINST_SOIL_70MM scope 'minimum cover',MINIMUM_PROJECT_COVER_70,LOWER_BOUND,SOURCE_MAXIMUM_STRAIGHT_RUN,UPPER,NONE,"rate 9/m over W - 2c = 4000 - 140 mm: ceil = 35; with a bar at both edges 36. A larger actual cover can only lower the formula count, the edge-bar convention can raise it: no bound",BLOCKED_UNQUANTIFIED,END_TREATMENT_NOT_ESTABLISHED,SOURCE_MAXIMUM_STRAIGHT_RUN,NONE,PROJECT_BASIS_NUMERIC,146.516049,NOT_ESTABLISHED,"straight run at the 70 mm minimum is the maximum the source allows (actual <= value); rate count moves with the cover and the edge-bar convention; the legs / hooks / end treatment can only add length and stay unquantified, so the kg is a project-drawing number at minimum cover, not a lower or an upper bound of the as-built bar"
D1.2-A053,FOCC-1B24,F8,TWO_LAYER,TOP_LONG,S4.1-D0309,4000.0,3600.0,L,14,BARS_PER_METRE,6,21,22,70 / 70 mm,3860.0,ST7757.pdf p.8 note 22 (raster): 'shall not be less than ... 7 cm in concrete in contact with the soil'; R4 COVER_AGAINST_SOIL_70MM scope 'minimum cover',MINIMUM_PROJECT_COVER_70,LOWER_BOUND,SOURCE_MAXIMUM_STRAIGHT_RUN,UPPER,NONE,"rate 6/m over W - 2c = 3600 - 140 mm: ceil = 21; with a bar at both edges 22. A larger actual cover can only lower the formula count, the edge-bar convention can raise it: no bound",BLOCKED_UNQUANTIFIED,END_TREATMENT_NOT_ESTABLISHED,SOURCE_MAXIMUM_STRAIGHT_RUN,NONE,PROJECT_BASIS_NUMERIC,98.072593,NOT_ESTABLISHED,"straight run at the 70 mm minimum is the maximum the source allows (actual <= value); rate count moves with the cover and the edge-bar convention; the legs / hooks / end treatment can only add length and stay unquantified, so the kg is a project-drawing number at minimum cover, not a lower or an upper bound of the as-built bar"
D1.2-A054,FOCC-1B24,F8,TWO_LAYER,TOP_SHORT,S4.1-D0310,3600.0,4000.0,W,14,BARS_PER_METRE,6,24,25,70 / 70 mm,3460.0,ST7757.pdf p.8 note 22 (raster): 'shall not be less than ... 7 cm in concrete in contact with the soil'; R4 COVER_AGAINST_SOIL_70MM scope 'minimum cover',MINIMUM_PROJECT_COVER_70,LOWER_BOUND,SOURCE_MAXIMUM_STRAIGHT_RUN,UPPER,NONE,"rate 6/m over W - 2c = 4000 - 140 mm: ceil = 24; with a bar at both edges 25. A larger actual cover can only lower the formula count, the edge-bar convention can raise it: no bound",BLOCKED_UNQUANTIFIED,END_TREATMENT_NOT_ESTABLISHED,SOURCE_MAXIMUM_STRAIGHT_RUN,NONE,PROJECT_BASIS_NUMERIC,100.468148,NOT_ESTABLISHED,"straight run at the 70 mm minimum is the maximum the source allows (actual <= value); rate count moves with the cover and the edge-bar convention; the legs / hooks / end treatment can only add length and stay unquantified, so the kg is a project-drawing number at minimum cover, not a lower or an upper bound of the as-built bar"
D1.2-A055,FOCC-1B2A,F15,SINGLE_LAYER,BOTTOM_LONG,S4.1-D0313,1800.0,1000.0,L,12,EXPLICIT_COUNT,8,8,,70 / 70 mm,1660.0,ST7757.pdf p.8 note 22 (raster): 'shall not be less than ... 7 cm in concrete in contact with the soil'; R4 COVER_AGAINST_SOIL_70MM scope 'minimum cover',MINIMUM_PROJECT_COVER_70,LOWER_BOUND,SOURCE_MAXIMUM_STRAIGHT_RUN,UPPER,EXACT,printed count 8 (cover-independent),BLOCKED_UNQUANTIFIED,U-bar legs / 45° hooks / bends SHAPE_FOUND_LENGTH_BLOCKED,SOURCE_MAXIMUM_STRAIGHT_RUN,NONE,PROJECT_BASIS_NUMERIC,11.804444,NOT_ESTABLISHED,"straight run at the 70 mm minimum is the maximum the source allows (actual <= value); count is printed; the legs / hooks / end treatment can only add length and stay unquantified, so the kg is a project-drawing number at minimum cover, not a lower or an upper bound of the as-built bar"
D1.2-A056,FOCC-1B2A,F15,SINGLE_LAYER,BOTTOM_SHORT,S4.1-D0320,1000.0,1800.0,W,12,EXPLICIT_COUNT,15,15,,70 / 70 mm,860.0,ST7757.pdf p.8 note 22 (raster): 'shall not be less than ... 7 cm in concrete in contact with the soil'; R4 COVER_AGAINST_SOIL_70MM scope 'minimum cover',MINIMUM_PROJECT_COVER_70,LOWER_BOUND,SOURCE_MAXIMUM_STRAIGHT_RUN,UPPER,EXACT,printed count 15 (cover-independent),BLOCKED_UNQUANTIFIED,END_TREATMENT_NOT_ESTABLISHED,SOURCE_MAXIMUM_STRAIGHT_RUN,NONE,PROJECT_BASIS_NUMERIC,11.466667,NOT_ESTABLISHED,"straight run at the 70 mm minimum is the maximum the source allows (actual <= value); count is printed; the legs / hooks / end treatment can only add length and stay unquantified, so the kg is a project-drawing number at minimum cover, not a lower or an upper bound of the as-built bar"
D1.2-A057,FOCC-1B2B,FF,TWO_LAYER,BOTTOM_LONG,S4.1-D0327,4600.0,4500.0,L,14,BARS_PER_METRE,9,40,41,70 / 70 mm,4460.0,ST7757.pdf p.8 note 22 (raster): 'shall not be less than ... 7 cm in concrete in contact with the soil'; R4 COVER_AGAINST_SOIL_70MM scope 'minimum cover',MINIMUM_PROJECT_COVER_70,LOWER_BOUND,SOURCE_MAXIMUM_STRAIGHT_RUN,UPPER,NONE,"rate 9/m over W - 2c = 4500 - 140 mm: ceil = 40; with a bar at both edges 41. A larger actual cover can only lower the formula count, the edge-bar convention can raise it: no bound",BLOCKED_UNQUANTIFIED,END_TREATMENT_NOT_ESTABLISHED,SOURCE_MAXIMUM_STRAIGHT_RUN,NONE,PROJECT_BASIS_NUMERIC,215.841975,NOT_ESTABLISHED,"straight run at the 70 mm minimum is the maximum the source allows (actual <= value); rate count moves with the cover and the edge-bar convention; the legs / hooks / end treatment can only add length and stay unquantified, so the kg is a project-drawing number at minimum cover, not a lower or an upper bound of the as-built bar"
D1.2-A058,FOCC-1B2B,FF,TWO_LAYER,BOTTOM_SHORT,S4.1-D0330,4500.0,4600.0,W,14,BARS_PER_METRE,9,41,42,70 / 70 mm,4360.0,ST7757.pdf p.8 note 22 (raster): 'shall not be less than ... 7 cm in concrete in contact with the soil'; R4 COVER_AGAINST_SOIL_70MM scope 'minimum cover',MINIMUM_PROJECT_COVER_70,LOWER_BOUND,SOURCE_MAXIMUM_STRAIGHT_RUN,UPPER,NONE,"rate 9/m over W - 2c = 4600 - 140 mm: ceil = 41; with a bar at both edges 42. A larger actual cover can only lower the formula count, the edge-bar convention can raise it: no bound",BLOCKED_UNQUANTIFIED,END_TREATMENT_NOT_ESTABLISHED,SOURCE_MAXIMUM_STRAIGHT_RUN,NONE,PROJECT_BASIS_NUMERIC,216.277531,NOT_ESTABLISHED,"straight run at the 70 mm minimum is the maximum the source allows (actual <= value); rate count moves with the cover and the edge-bar convention; the legs / hooks / end treatment can only add length and stay unquantified, so the kg is a project-drawing number at minimum cover, not a lower or an upper bound of the as-built bar"
D1.2-A059,FOCC-1B2B,FF,TWO_LAYER,TOP_LONG,S4.1-D0333,4600.0,4500.0,L,14,BARS_PER_METRE,6,27,28,70 / 70 mm,4460.0,ST7757.pdf p.8 note 22 (raster): 'shall not be less than ... 7 cm in concrete in contact with the soil'; R4 COVER_AGAINST_SOIL_70MM scope 'minimum cover',MINIMUM_PROJECT_COVER_70,LOWER_BOUND,SOURCE_MAXIMUM_STRAIGHT_RUN,UPPER,NONE,"rate 6/m over W - 2c = 4500 - 140 mm: ceil = 27; with a bar at both edges 28. A larger actual cover can only lower the formula count, the edge-bar convention can raise it: no bound",BLOCKED_UNQUANTIFIED,END_TREATMENT_NOT_ESTABLISHED,SOURCE_MAXIMUM_STRAIGHT_RUN,NONE,PROJECT_BASIS_NUMERIC,145.693333,NOT_ESTABLISHED,"straight run at the 70 mm minimum is the maximum the source allows (actual <= value); rate count moves with the cover and the edge-bar convention; the legs / hooks / end treatment can only add length and stay unquantified, so the kg is a project-drawing number at minimum cover, not a lower or an upper bound of the as-built bar"
D1.2-A060,FOCC-1B2B,FF,TWO_LAYER,TOP_SHORT,S4.1-D0334,4500.0,4600.0,W,14,BARS_PER_METRE,6,27,28,70 / 70 mm,4360.0,ST7757.pdf p.8 note 22 (raster): 'shall not be less than ... 7 cm in concrete in contact with the soil'; R4 COVER_AGAINST_SOIL_70MM scope 'minimum cover',MINIMUM_PROJECT_COVER_70,LOWER_BOUND,SOURCE_MAXIMUM_STRAIGHT_RUN,UPPER,NONE,"rate 6/m over W - 2c = 4600 - 140 mm: ceil = 27; with a bar at both edges 28. A larger actual cover can only lower the formula count, the edge-bar convention can raise it: no bound",BLOCKED_UNQUANTIFIED,END_TREATMENT_NOT_ESTABLISHED,SOURCE_MAXIMUM_STRAIGHT_RUN,NONE,PROJECT_BASIS_NUMERIC,142.426667,NOT_ESTABLISHED,"straight run at the 70 mm minimum is the maximum the source allows (actual <= value); rate count moves with the cover and the edge-bar convention; the legs / hooks / end treatment can only add length and stay unquantified, so the kg is a project-drawing number at minimum cover, not a lower or an upper bound of the as-built bar"
